INFO 2026-05-13 13:22:02,040 autoreload 30341 139268724035712 Watching for file changes with StatReloader
INFO 2026-05-13 14:20:09,133 autoreload 32067 129775295496320 Watching for file changes with StatReloader
WARNING 2026-05-13 14:31:08,373 log 32067 129775198795456 Not Found: /api/auth/csrf/
WARNING 2026-05-13 14:31:08,376 log 32067 129775198795456 "GET /api/auth/csrf/ HTTP/1.1" 404 23487
ERROR 2026-05-13 14:31:20,211 log 32067 129775198795456 Internal Server Error: /api/auth/login/
ERROR 2026-05-13 14:31:20,212 log 32067 129775198795456 "POST /api/auth/login/ HTTP/1.1" 500 103
DEBUG 2026-05-13 20:20:40,805 utils 8 134930872589184 (0.514) 
            SELECT
                c.relname,
                CASE
                    WHEN c.relispartition THEN 'p'
                    WHEN c.relkind IN ('m', 'v') THEN 'v'
                    ELSE 't'
                END,
                obj_description(c.oid, 'pg_class')
            FROM pg_catalog.pg_class c
            LEFT JOIN pg_catalog.pg_namespace n ON n.oid = c.relnamespace
            WHERE c.relkind IN ('f', 'm', 'p', 'r', 'v')
                AND n.nspname NOT IN ('pg_catalog', 'pg_toast')
                AND pg_catalog.pg_table_is_visible(c.oid)
        ; args=None; alias=default
DEBUG 2026-05-13 20:20:40,864 utils 8 134930872589184 (0.057) SELECT "django_migrations"."id", "django_migrations"."app", "django_migrations"."name", "django_migrations"."applied" FROM "django_migrations"; args=(); alias=default
DEBUG 2026-05-13 20:20:40,867 utils 8 134930872589184 (0.002) 
            SELECT
                c.relname,
                CASE
                    WHEN c.relispartition THEN 'p'
                    WHEN c.relkind IN ('m', 'v') THEN 'v'
                    ELSE 't'
                END,
                obj_description(c.oid, 'pg_class')
            FROM pg_catalog.pg_class c
            LEFT JOIN pg_catalog.pg_namespace n ON n.oid = c.relnamespace
            WHERE c.relkind IN ('f', 'm', 'p', 'r', 'v')
                AND n.nspname NOT IN ('pg_catalog', 'pg_toast')
                AND pg_catalog.pg_table_is_visible(c.oid)
        ; args=None; alias=default
DEBUG 2026-05-13 20:20:40,868 utils 8 134930872589184 (0.000) SELECT "django_migrations"."id", "django_migrations"."app", "django_migrations"."name", "django_migrations"."applied" FROM "django_migrations"; args=(); alias=default
DEBUG 2026-05-13 20:20:40,902 utils 8 134930872589184 (0.003) 
            SELECT
                c.relname,
                CASE
                    WHEN c.relispartition THEN 'p'
                    WHEN c.relkind IN ('m', 'v') THEN 'v'
                    ELSE 't'
                END,
                obj_description(c.oid, 'pg_class')
            FROM pg_catalog.pg_class c
            LEFT JOIN pg_catalog.pg_namespace n ON n.oid = c.relnamespace
            WHERE c.relkind IN ('f', 'm', 'p', 'r', 'v')
                AND n.nspname NOT IN ('pg_catalog', 'pg_toast')
                AND pg_catalog.pg_table_is_visible(c.oid)
        ; args=None; alias=default
DEBUG 2026-05-13 20:20:40,903 utils 8 134930872589184 (0.000) BEGIN; args=None; alias=default
DEBUG 2026-05-13 20:20:40,905 schema 8 134930872589184 CREATE TABLE "notifications_emailtemplate" ("id" bigint NOT NULL PRIMARY KEY GENERATED BY DEFAULT AS IDENTITY, "name" varchar(255) NOT NULL, "template_type" varchar(50) NOT NULL, "subject" varchar(255) NOT NULL, "body" text NOT NULL, "is_active" boolean NOT NULL, "created_at" timestamp with time zone NOT NULL, "updated_at" timestamp with time zone NOT NULL); (params None)
DEBUG 2026-05-13 20:20:41,277 utils 8 134930872589184 (0.372) CREATE TABLE "notifications_emailtemplate" ("id" bigint NOT NULL PRIMARY KEY GENERATED BY DEFAULT AS IDENTITY, "name" varchar(255) NOT NULL, "template_type" varchar(50) NOT NULL, "subject" varchar(255) NOT NULL, "body" text NOT NULL, "is_active" boolean NOT NULL, "created_at" timestamp with time zone NOT NULL, "updated_at" timestamp with time zone NOT NULL); args=None; alias=default
DEBUG 2026-05-13 20:20:41,300 schema 8 134930872589184 CREATE TABLE "notifications_notification" ("id" bigint NOT NULL PRIMARY KEY GENERATED BY DEFAULT AS IDENTITY, "notification_type" varchar(50) NOT NULL, "title" varchar(255) NOT NULL, "message" text NOT NULL, "related_task_id" integer NULL, "related_user_id" integer NULL, "is_read" boolean NOT NULL, "read_at" timestamp with time zone NULL, "created_at" timestamp with time zone NOT NULL, "user_id" integer NOT NULL); (params None)
DEBUG 2026-05-13 20:20:41,400 utils 8 134930872589184 (0.099) CREATE TABLE "notifications_notification" ("id" bigint NOT NULL PRIMARY KEY GENERATED BY DEFAULT AS IDENTITY, "notification_type" varchar(50) NOT NULL, "title" varchar(255) NOT NULL, "message" text NOT NULL, "related_task_id" integer NULL, "related_user_id" integer NULL, "is_read" boolean NOT NULL, "read_at" timestamp with time zone NULL, "created_at" timestamp with time zone NOT NULL, "user_id" integer NOT NULL); args=None; alias=default
DEBUG 2026-05-13 20:20:41,418 schema 8 134930872589184 CREATE TABLE "notifications_notificationpreference" ("id" bigint NOT NULL PRIMARY KEY GENERATED BY DEFAULT AS IDENTITY, "email_on_task_assigned" boolean NOT NULL, "email_on_task_completed" boolean NOT NULL, "email_on_task_commented" boolean NOT NULL, "email_on_status_update" boolean NOT NULL, "sms_enabled" boolean NOT NULL, "sms_phone" varchar(20) NULL, "in_app_enabled" boolean NOT NULL, "notification_frequency" varchar(20) NOT NULL, "created_at" timestamp with time zone NOT NULL, "updated_at" timestamp with time zone NOT NULL, "user_id" integer NOT NULL UNIQUE); (params None)
DEBUG 2026-05-13 20:20:41,545 utils 8 134930872589184 (0.126) CREATE TABLE "notifications_notificationpreference" ("id" bigint NOT NULL PRIMARY KEY GENERATED BY DEFAULT AS IDENTITY, "email_on_task_assigned" boolean NOT NULL, "email_on_task_completed" boolean NOT NULL, "email_on_task_commented" boolean NOT NULL, "email_on_status_update" boolean NOT NULL, "sms_enabled" boolean NOT NULL, "sms_phone" varchar(20) NULL, "in_app_enabled" boolean NOT NULL, "notification_frequency" varchar(20) NOT NULL, "created_at" timestamp with time zone NOT NULL, "updated_at" timestamp with time zone NOT NULL, "user_id" integer NOT NULL UNIQUE); args=None; alias=default
DEBUG 2026-05-13 20:20:41,546 schema 8 134930872589184 ALTER TABLE "notifications_emailtemplate" ADD CONSTRAINT "notifications_emailtempl_template_type_is_active_806dcc74_uniq" UNIQUE ("template_type", "is_active"); (params None)
DEBUG 2026-05-13 20:20:41,601 utils 8 134930872589184 (0.055) ALTER TABLE "notifications_emailtemplate" ADD CONSTRAINT "notifications_emailtempl_template_type_is_active_806dcc74_uniq" UNIQUE ("template_type", "is_active"); args=None; alias=default
DEBUG 2026-05-13 20:20:41,601 schema 8 134930872589184 ALTER TABLE "notifications_notification" ADD CONSTRAINT "notifications_notification_user_id_b5e8c0ff_fk_auth_user_id" FOREIGN KEY ("user_id") REFERENCES "auth_user" ("id") DEFERRABLE INITIALLY DEFERRED; (params None)
DEBUG 2026-05-13 20:20:41,806 utils 8 134930872589184 (0.205) ALTER TABLE "notifications_notification" ADD CONSTRAINT "notifications_notification_user_id_b5e8c0ff_fk_auth_user_id" FOREIGN KEY ("user_id") REFERENCES "auth_user" ("id") DEFERRABLE INITIALLY DEFERRED; args=None; alias=default
DEBUG 2026-05-13 20:20:41,807 schema 8 134930872589184 CREATE INDEX "notifications_notification_user_id_b5e8c0ff" ON "notifications_notification" ("user_id"); (params None)
DEBUG 2026-05-13 20:20:41,857 utils 8 134930872589184 (0.051) CREATE INDEX "notifications_notification_user_id_b5e8c0ff" ON "notifications_notification" ("user_id"); args=None; alias=default
DEBUG 2026-05-13 20:20:41,858 schema 8 134930872589184 ALTER TABLE "notifications_notificationpreference" ADD CONSTRAINT "notifications_notifi_user_id_7cfb3d3a_fk_auth_user" FOREIGN KEY ("user_id") REFERENCES "auth_user" ("id") DEFERRABLE INITIALLY DEFERRED; (params None)
DEBUG 2026-05-13 20:20:41,860 utils 8 134930872589184 (0.002) ALTER TABLE "notifications_notificationpreference" ADD CONSTRAINT "notifications_notifi_user_id_7cfb3d3a_fk_auth_user" FOREIGN KEY ("user_id") REFERENCES "auth_user" ("id") DEFERRABLE INITIALLY DEFERRED; args=None; alias=default
DEBUG 2026-05-13 20:20:41,875 utils 8 134930872589184 (0.015) COMMIT; args=None; alias=default
DEBUG 2026-05-13 20:20:41,920 utils 8 134930872589184 (0.043) INSERT INTO "django_migrations" ("app", "name", "applied") VALUES ('notifications', '0001_initial', '2026-05-13T18:20:41.876887+00:00'::timestamptz) RETURNING "django_migrations"."id"; args=('notifications', '0001_initial', datetime.datetime(2026, 5, 13, 18, 20, 41, 876887, tzinfo=datetime.timezone.utc)); alias=default
DEBUG 2026-05-13 20:20:41,921 utils 8 134930872589184 (0.000) SELECT "django_migrations"."id", "django_migrations"."app", "django_migrations"."name", "django_migrations"."applied" FROM "django_migrations"; args=(); alias=default
DEBUG 2026-05-13 20:20:41,989 utils 8 134930872589184 (0.067) SELECT "django_content_type"."model" AS "model" FROM "django_content_type" WHERE "django_content_type"."app_label" = 'admin'; args=('admin',); alias=default
DEBUG 2026-05-13 20:20:41,990 utils 8 134930872589184 (0.000) SELECT "django_content_type"."id", "django_content_type"."app_label", "django_content_type"."model" FROM "django_content_type" WHERE ("django_content_type"."app_label" = 'admin' AND "django_content_type"."model" IN ('logentry')); args=('admin', 'logentry'); alias=default
DEBUG 2026-05-13 20:20:42,015 utils 8 134930872589184 (0.022) SELECT "auth_permission"."content_type_id" AS "content_type", "auth_permission"."codename" AS "codename" FROM "auth_permission" INNER JOIN "django_content_type" ON ("auth_permission"."content_type_id" = "django_content_type"."id") WHERE "auth_permission"."content_type_id" IN (1) ORDER BY "django_content_type"."app_label" ASC, "django_content_type"."model" ASC, 2 ASC; args=(1,); alias=default
DEBUG 2026-05-13 20:20:42,016 utils 8 134930872589184 (0.000) SELECT "django_content_type"."model" AS "model" FROM "django_content_type" WHERE "django_content_type"."app_label" = 'admin'; args=('admin',); alias=default
DEBUG 2026-05-13 20:20:42,017 utils 8 134930872589184 (0.000) SELECT "django_content_type"."model" AS "model" FROM "django_content_type" WHERE "django_content_type"."app_label" = 'auth'; args=('auth',); alias=default
DEBUG 2026-05-13 20:20:42,019 utils 8 134930872589184 (0.001) SELECT "django_content_type"."id", "django_content_type"."app_label", "django_content_type"."model" FROM "django_content_type" WHERE ("django_content_type"."app_label" = 'auth' AND "django_content_type"."model" IN ('user', 'permission', 'group')); args=('auth', 'user', 'permission', 'group'); alias=default
DEBUG 2026-05-13 20:20:42,022 utils 8 134930872589184 (0.001) SELECT "auth_permission"."content_type_id" AS "content_type", "auth_permission"."codename" AS "codename" FROM "auth_permission" INNER JOIN "django_content_type" ON ("auth_permission"."content_type_id" = "django_content_type"."id") WHERE "auth_permission"."content_type_id" IN (2, 3, 4) ORDER BY "django_content_type"."app_label" ASC, "django_content_type"."model" ASC, 2 ASC; args=(2, 3, 4); alias=default
DEBUG 2026-05-13 20:20:42,023 utils 8 134930872589184 (0.000) SELECT "django_content_type"."model" AS "model" FROM "django_content_type" WHERE "django_content_type"."app_label" = 'auth'; args=('auth',); alias=default
DEBUG 2026-05-13 20:20:42,024 utils 8 134930872589184 (0.000) SELECT "django_content_type"."model" AS "model" FROM "django_content_type" WHERE "django_content_type"."app_label" = 'contenttypes'; args=('contenttypes',); alias=default
DEBUG 2026-05-13 20:20:42,025 utils 8 134930872589184 (0.000) SELECT "django_content_type"."id", "django_content_type"."app_label", "django_content_type"."model" FROM "django_content_type" WHERE ("django_content_type"."app_label" = 'contenttypes' AND "django_content_type"."model" IN ('contenttype')); args=('contenttypes', 'contenttype'); alias=default
DEBUG 2026-05-13 20:20:42,027 utils 8 134930872589184 (0.001) SELECT "auth_permission"."content_type_id" AS "content_type", "auth_permission"."codename" AS "codename" FROM "auth_permission" INNER JOIN "django_content_type" ON ("auth_permission"."content_type_id" = "django_content_type"."id") WHERE "auth_permission"."content_type_id" IN (5) ORDER BY "django_content_type"."app_label" ASC, "django_content_type"."model" ASC, 2 ASC; args=(5,); alias=default
DEBUG 2026-05-13 20:20:42,028 utils 8 134930872589184 (0.000) SELECT "django_content_type"."model" AS "model" FROM "django_content_type" WHERE "django_content_type"."app_label" = 'contenttypes'; args=('contenttypes',); alias=default
DEBUG 2026-05-13 20:20:42,029 utils 8 134930872589184 (0.000) SELECT "django_content_type"."model" AS "model" FROM "django_content_type" WHERE "django_content_type"."app_label" = 'sessions'; args=('sessions',); alias=default
DEBUG 2026-05-13 20:20:42,031 utils 8 134930872589184 (0.000) SELECT "django_content_type"."id", "django_content_type"."app_label", "django_content_type"."model" FROM "django_content_type" WHERE ("django_content_type"."app_label" = 'sessions' AND "django_content_type"."model" IN ('session')); args=('sessions', 'session'); alias=default
DEBUG 2026-05-13 20:20:42,032 utils 8 134930872589184 (0.001) SELECT "auth_permission"."content_type_id" AS "content_type", "auth_permission"."codename" AS "codename" FROM "auth_permission" INNER JOIN "django_content_type" ON ("auth_permission"."content_type_id" = "django_content_type"."id") WHERE "auth_permission"."content_type_id" IN (6) ORDER BY "django_content_type"."app_label" ASC, "django_content_type"."model" ASC, 2 ASC; args=(6,); alias=default
DEBUG 2026-05-13 20:20:42,033 utils 8 134930872589184 (0.000) SELECT "django_content_type"."model" AS "model" FROM "django_content_type" WHERE "django_content_type"."app_label" = 'sessions'; args=('sessions',); alias=default
DEBUG 2026-05-13 20:20:42,034 utils 8 134930872589184 (0.000) SELECT "django_content_type"."model" AS "model" FROM "django_content_type" WHERE "django_content_type"."app_label" = 'core'; args=('core',); alias=default
DEBUG 2026-05-13 20:20:42,036 utils 8 134930872589184 (0.000) SELECT "django_content_type"."id", "django_content_type"."app_label", "django_content_type"."model" FROM "django_content_type" WHERE ("django_content_type"."app_label" = 'core' AND "django_content_type"."model" IN ('userrole', 'property', 'taskcomment', 'maintenancetask', 'taskhistory', 'residentprofile')); args=('core', 'userrole', 'property', 'taskcomment', 'maintenancetask', 'taskhistory', 'residentprofile'); alias=default
DEBUG 2026-05-13 20:20:42,038 utils 8 134930872589184 (0.001) SELECT "auth_permission"."content_type_id" AS "content_type", "auth_permission"."codename" AS "codename" FROM "auth_permission" INNER JOIN "django_content_type" ON ("auth_permission"."content_type_id" = "django_content_type"."id") WHERE "auth_permission"."content_type_id" IN (7, 8, 9, 10, 11, 12) ORDER BY "django_content_type"."app_label" ASC, "django_content_type"."model" ASC, 2 ASC; args=(7, 8, 9, 10, 11, 12); alias=default
DEBUG 2026-05-13 20:20:42,039 utils 8 134930872589184 (0.000) SELECT "django_content_type"."model" AS "model" FROM "django_content_type" WHERE "django_content_type"."app_label" = 'core'; args=('core',); alias=default
DEBUG 2026-05-13 20:20:42,040 utils 8 134930872589184 (0.000) SELECT "django_content_type"."model" AS "model" FROM "django_content_type" WHERE "django_content_type"."app_label" = 'users'; args=('users',); alias=default
DEBUG 2026-05-13 20:20:42,041 utils 8 134930872589184 (0.000) SELECT "django_content_type"."id", "django_content_type"."app_label", "django_content_type"."model" FROM "django_content_type" WHERE ("django_content_type"."app_label" = 'users' AND "django_content_type"."model" IN ('userprofile', 'useractivity')); args=('users', 'userprofile', 'useractivity'); alias=default
DEBUG 2026-05-13 20:20:42,043 utils 8 134930872589184 (0.001) SELECT "auth_permission"."content_type_id" AS "content_type", "auth_permission"."codename" AS "codename" FROM "auth_permission" INNER JOIN "django_content_type" ON ("auth_permission"."content_type_id" = "django_content_type"."id") WHERE "auth_permission"."content_type_id" IN (13, 14) ORDER BY "django_content_type"."app_label" ASC, "django_content_type"."model" ASC, 2 ASC; args=(13, 14); alias=default
DEBUG 2026-05-13 20:20:42,045 utils 8 134930872589184 (0.000) SELECT "django_content_type"."model" AS "model" FROM "django_content_type" WHERE "django_content_type"."app_label" = 'users'; args=('users',); alias=default
DEBUG 2026-05-13 20:20:42,046 utils 8 134930872589184 (0.000) SELECT "django_content_type"."model" AS "model" FROM "django_content_type" WHERE "django_content_type"."app_label" = 'notifications'; args=('notifications',); alias=default
DEBUG 2026-05-13 20:20:42,120 utils 8 134930872589184 (0.073) INSERT INTO "django_content_type" ("app_label", "model") SELECT * FROM UNNEST((ARRAY['notifications','notifications','notifications'])::varchar[], (ARRAY['emailtemplate','notification','notificationpreference'])::varchar[]) RETURNING "django_content_type"."id"; args=(['notifications', 'notifications', 'notifications'], ['emailtemplate', 'notification', 'notificationpreference']); alias=default
DEBUG 2026-05-13 20:20:42,121 utils 8 134930872589184 (0.001) SELECT "django_content_type"."id", "django_content_type"."app_label", "django_content_type"."model" FROM "django_content_type" WHERE ("django_content_type"."app_label" = 'notifications' AND "django_content_type"."model" IN ('notificationpreference', 'notification', 'emailtemplate')); args=('notifications', 'notificationpreference', 'notification', 'emailtemplate'); alias=default
DEBUG 2026-05-13 20:20:42,123 utils 8 134930872589184 (0.001) SELECT "auth_permission"."content_type_id" AS "content_type", "auth_permission"."codename" AS "codename" FROM "auth_permission" INNER JOIN "django_content_type" ON ("auth_permission"."content_type_id" = "django_content_type"."id") WHERE "auth_permission"."content_type_id" IN (16, 17, 15) ORDER BY "django_content_type"."app_label" ASC, "django_content_type"."model" ASC, 2 ASC; args=(16, 17, 15); alias=default
DEBUG 2026-05-13 20:20:42,142 utils 8 134930872589184 (0.018) INSERT INTO "auth_permission" ("name", "content_type_id", "codename") SELECT * FROM UNNEST((ARRAY['Can add Email Template','Can change Email Template','Can delete Email Template','Can view Email Template','Can add Notification','Can change Notification','Can delete Notification','Can view Notification','Can add Notification Preference','Can change Notification Preference','Can delete Notification Preference','Can view Notification Preference'])::varchar[], (ARRAY[15,15,15,15,16,16,16,16,17,17,17,17])::integer[], (ARRAY['add_emailtemplate','change_emailtemplate','delete_emailtemplate','view_emailtemplate','add_notification','change_notification','delete_notification','view_notification','add_notificationpreference','change_notificationpreference','delete_notificationpreference','view_notificationpreference'])::varchar[]) RETURNING "auth_permission"."id"; args=(['Can add Email Template', 'Can change Email Template', 'Can delete Email Template', 'Can view Email Template', 'Can add Notification', 'Can change Notification', 'Can delete Notification', 'Can view Notification', 'Can add Notification Preference', 'Can change Notification Preference', 'Can delete Notification Preference', 'Can view Notification Preference'], [15, 15, 15, 15, 16, 16, 16, 16, 17, 17, 17, 17], ['add_emailtemplate', 'change_emailtemplate', 'delete_emailtemplate', 'view_emailtemplate', 'add_notification', 'change_notification', 'delete_notification', 'view_notification', 'add_notificationpreference', 'change_notificationpreference', 'delete_notificationpreference', 'view_notificationpreference']); alias=default
DEBUG 2026-05-13 20:20:42,143 utils 8 134930872589184 (0.000) SELECT "django_content_type"."model" AS "model" FROM "django_content_type" WHERE "django_content_type"."app_label" = 'notifications'; args=('notifications',); alias=default
DEBUG 2026-05-13 20:20:43,841 utils 15 127778492955520 (0.012) 
            SELECT
                c.relname,
                CASE
                    WHEN c.relispartition THEN 'p'
                    WHEN c.relkind IN ('m', 'v') THEN 'v'
                    ELSE 't'
                END,
                obj_description(c.oid, 'pg_class')
            FROM pg_catalog.pg_class c
            LEFT JOIN pg_catalog.pg_namespace n ON n.oid = c.relnamespace
            WHERE c.relkind IN ('f', 'm', 'p', 'r', 'v')
                AND n.nspname NOT IN ('pg_catalog', 'pg_toast')
                AND pg_catalog.pg_table_is_visible(c.oid)
        ; args=None; alias=default
DEBUG 2026-05-13 20:20:43,844 utils 15 127778492955520 (0.001) SELECT "django_migrations"."id", "django_migrations"."app", "django_migrations"."name", "django_migrations"."applied" FROM "django_migrations"; args=(); alias=default
DEBUG 2026-05-13 20:20:43,848 utils 15 127778492955520 (0.003) 
            SELECT
                c.relname,
                CASE
                    WHEN c.relispartition THEN 'p'
                    WHEN c.relkind IN ('m', 'v') THEN 'v'
                    ELSE 't'
                END,
                obj_description(c.oid, 'pg_class')
            FROM pg_catalog.pg_class c
            LEFT JOIN pg_catalog.pg_namespace n ON n.oid = c.relnamespace
            WHERE c.relkind IN ('f', 'm', 'p', 'r', 'v')
                AND n.nspname NOT IN ('pg_catalog', 'pg_toast')
                AND pg_catalog.pg_table_is_visible(c.oid)
        ; args=None; alias=default
DEBUG 2026-05-13 20:20:43,848 utils 15 127778492955520 (0.000) SELECT "django_migrations"."id", "django_migrations"."app", "django_migrations"."name", "django_migrations"."applied" FROM "django_migrations"; args=(); alias=default
DEBUG 2026-05-13 20:20:43,874 utils 15 127778492955520 (0.003) 
            SELECT
                c.relname,
                CASE
                    WHEN c.relispartition THEN 'p'
                    WHEN c.relkind IN ('m', 'v') THEN 'v'
                    ELSE 't'
                END,
                obj_description(c.oid, 'pg_class')
            FROM pg_catalog.pg_class c
            LEFT JOIN pg_catalog.pg_namespace n ON n.oid = c.relnamespace
            WHERE c.relkind IN ('f', 'm', 'p', 'r', 'v')
                AND n.nspname NOT IN ('pg_catalog', 'pg_toast')
                AND pg_catalog.pg_table_is_visible(c.oid)
        ; args=None; alias=default
DEBUG 2026-05-13 20:20:43,876 utils 15 127778492955520 (0.001) SELECT "django_migrations"."id", "django_migrations"."app", "django_migrations"."name", "django_migrations"."applied" FROM "django_migrations"; args=(); alias=default
DEBUG 2026-05-13 20:20:43,883 utils 15 127778492955520 (0.004) SELECT "django_content_type"."model" AS "model" FROM "django_content_type" WHERE "django_content_type"."app_label" = 'admin'; args=('admin',); alias=default
DEBUG 2026-05-13 20:20:43,885 utils 15 127778492955520 (0.001) SELECT "django_content_type"."id", "django_content_type"."app_label", "django_content_type"."model" FROM "django_content_type" WHERE ("django_content_type"."app_label" = 'admin' AND "django_content_type"."model" IN ('logentry')); args=('admin', 'logentry'); alias=default
DEBUG 2026-05-13 20:20:43,893 utils 15 127778492955520 (0.004) SELECT "auth_permission"."content_type_id" AS "content_type", "auth_permission"."codename" AS "codename" FROM "auth_permission" INNER JOIN "django_content_type" ON ("auth_permission"."content_type_id" = "django_content_type"."id") WHERE "auth_permission"."content_type_id" IN (1) ORDER BY "django_content_type"."app_label" ASC, "django_content_type"."model" ASC, 2 ASC; args=(1,); alias=default
DEBUG 2026-05-13 20:20:43,896 utils 15 127778492955520 (0.001) SELECT "django_content_type"."model" AS "model" FROM "django_content_type" WHERE "django_content_type"."app_label" = 'admin'; args=('admin',); alias=default
DEBUG 2026-05-13 20:20:43,898 utils 15 127778492955520 (0.001) SELECT "django_content_type"."model" AS "model" FROM "django_content_type" WHERE "django_content_type"."app_label" = 'auth'; args=('auth',); alias=default
DEBUG 2026-05-13 20:20:43,902 utils 15 127778492955520 (0.002) SELECT "django_content_type"."id", "django_content_type"."app_label", "django_content_type"."model" FROM "django_content_type" WHERE ("django_content_type"."app_label" = 'auth' AND "django_content_type"."model" IN ('permission', 'user', 'group')); args=('auth', 'permission', 'user', 'group'); alias=default
DEBUG 2026-05-13 20:20:43,908 utils 15 127778492955520 (0.002) SELECT "auth_permission"."content_type_id" AS "content_type", "auth_permission"."codename" AS "codename" FROM "auth_permission" INNER JOIN "django_content_type" ON ("auth_permission"."content_type_id" = "django_content_type"."id") WHERE "auth_permission"."content_type_id" IN (2, 3, 4) ORDER BY "django_content_type"."app_label" ASC, "django_content_type"."model" ASC, 2 ASC; args=(2, 3, 4); alias=default
DEBUG 2026-05-13 20:20:43,912 utils 15 127778492955520 (0.001) SELECT "django_content_type"."model" AS "model" FROM "django_content_type" WHERE "django_content_type"."app_label" = 'auth'; args=('auth',); alias=default
DEBUG 2026-05-13 20:20:43,914 utils 15 127778492955520 (0.001) SELECT "django_content_type"."model" AS "model" FROM "django_content_type" WHERE "django_content_type"."app_label" = 'contenttypes'; args=('contenttypes',); alias=default
DEBUG 2026-05-13 20:20:43,918 utils 15 127778492955520 (0.001) SELECT "django_content_type"."id", "django_content_type"."app_label", "django_content_type"."model" FROM "django_content_type" WHERE ("django_content_type"."app_label" = 'contenttypes' AND "django_content_type"."model" IN ('contenttype')); args=('contenttypes', 'contenttype'); alias=default
DEBUG 2026-05-13 20:20:43,923 utils 15 127778492955520 (0.001) SELECT "auth_permission"."content_type_id" AS "content_type", "auth_permission"."codename" AS "codename" FROM "auth_permission" INNER JOIN "django_content_type" ON ("auth_permission"."content_type_id" = "django_content_type"."id") WHERE "auth_permission"."content_type_id" IN (5) ORDER BY "django_content_type"."app_label" ASC, "django_content_type"."model" ASC, 2 ASC; args=(5,); alias=default
DEBUG 2026-05-13 20:20:43,925 utils 15 127778492955520 (0.001) SELECT "django_content_type"."model" AS "model" FROM "django_content_type" WHERE "django_content_type"."app_label" = 'contenttypes'; args=('contenttypes',); alias=default
DEBUG 2026-05-13 20:20:43,927 utils 15 127778492955520 (0.000) SELECT "django_content_type"."model" AS "model" FROM "django_content_type" WHERE "django_content_type"."app_label" = 'sessions'; args=('sessions',); alias=default
DEBUG 2026-05-13 20:20:43,931 utils 15 127778492955520 (0.000) SELECT "django_content_type"."id", "django_content_type"."app_label", "django_content_type"."model" FROM "django_content_type" WHERE ("django_content_type"."app_label" = 'sessions' AND "django_content_type"."model" IN ('session')); args=('sessions', 'session'); alias=default
DEBUG 2026-05-13 20:20:43,933 utils 15 127778492955520 (0.001) SELECT "auth_permission"."content_type_id" AS "content_type", "auth_permission"."codename" AS "codename" FROM "auth_permission" INNER JOIN "django_content_type" ON ("auth_permission"."content_type_id" = "django_content_type"."id") WHERE "auth_permission"."content_type_id" IN (6) ORDER BY "django_content_type"."app_label" ASC, "django_content_type"."model" ASC, 2 ASC; args=(6,); alias=default
DEBUG 2026-05-13 20:20:43,934 utils 15 127778492955520 (0.000) SELECT "django_content_type"."model" AS "model" FROM "django_content_type" WHERE "django_content_type"."app_label" = 'sessions'; args=('sessions',); alias=default
DEBUG 2026-05-13 20:20:43,936 utils 15 127778492955520 (0.000) SELECT "django_content_type"."model" AS "model" FROM "django_content_type" WHERE "django_content_type"."app_label" = 'core'; args=('core',); alias=default
DEBUG 2026-05-13 20:20:43,937 utils 15 127778492955520 (0.000) SELECT "django_content_type"."id", "django_content_type"."app_label", "django_content_type"."model" FROM "django_content_type" WHERE ("django_content_type"."app_label" = 'core' AND "django_content_type"."model" IN ('property', 'residentprofile', 'taskcomment', 'taskhistory', 'userrole', 'maintenancetask')); args=('core', 'property', 'residentprofile', 'taskcomment', 'taskhistory', 'userrole', 'maintenancetask'); alias=default
DEBUG 2026-05-13 20:20:43,939 utils 15 127778492955520 (0.001) SELECT "auth_permission"."content_type_id" AS "content_type", "auth_permission"."codename" AS "codename" FROM "auth_permission" INNER JOIN "django_content_type" ON ("auth_permission"."content_type_id" = "django_content_type"."id") WHERE "auth_permission"."content_type_id" IN (7, 8, 9, 10, 11, 12) ORDER BY "django_content_type"."app_label" ASC, "django_content_type"."model" ASC, 2 ASC; args=(7, 8, 9, 10, 11, 12); alias=default
DEBUG 2026-05-13 20:20:43,941 utils 15 127778492955520 (0.000) SELECT "django_content_type"."model" AS "model" FROM "django_content_type" WHERE "django_content_type"."app_label" = 'core'; args=('core',); alias=default
DEBUG 2026-05-13 20:20:43,942 utils 15 127778492955520 (0.000) SELECT "django_content_type"."model" AS "model" FROM "django_content_type" WHERE "django_content_type"."app_label" = 'users'; args=('users',); alias=default
DEBUG 2026-05-13 20:20:43,943 utils 15 127778492955520 (0.000) SELECT "django_content_type"."id", "django_content_type"."app_label", "django_content_type"."model" FROM "django_content_type" WHERE ("django_content_type"."app_label" = 'users' AND "django_content_type"."model" IN ('useractivity', 'userprofile')); args=('users', 'useractivity', 'userprofile'); alias=default
DEBUG 2026-05-13 20:20:43,946 utils 15 127778492955520 (0.001) SELECT "auth_permission"."content_type_id" AS "content_type", "auth_permission"."codename" AS "codename" FROM "auth_permission" INNER JOIN "django_content_type" ON ("auth_permission"."content_type_id" = "django_content_type"."id") WHERE "auth_permission"."content_type_id" IN (13, 14) ORDER BY "django_content_type"."app_label" ASC, "django_content_type"."model" ASC, 2 ASC; args=(13, 14); alias=default
DEBUG 2026-05-13 20:20:43,947 utils 15 127778492955520 (0.000) SELECT "django_content_type"."model" AS "model" FROM "django_content_type" WHERE "django_content_type"."app_label" = 'users'; args=('users',); alias=default
DEBUG 2026-05-13 20:20:43,948 utils 15 127778492955520 (0.000) SELECT "django_content_type"."model" AS "model" FROM "django_content_type" WHERE "django_content_type"."app_label" = 'notifications'; args=('notifications',); alias=default
DEBUG 2026-05-13 20:20:43,949 utils 15 127778492955520 (0.000) SELECT "django_content_type"."id", "django_content_type"."app_label", "django_content_type"."model" FROM "django_content_type" WHERE ("django_content_type"."app_label" = 'notifications' AND "django_content_type"."model" IN ('emailtemplate', 'notificationpreference', 'notification')); args=('notifications', 'emailtemplate', 'notificationpreference', 'notification'); alias=default
DEBUG 2026-05-13 20:20:43,952 utils 15 127778492955520 (0.001) SELECT "auth_permission"."content_type_id" AS "content_type", "auth_permission"."codename" AS "codename" FROM "auth_permission" INNER JOIN "django_content_type" ON ("auth_permission"."content_type_id" = "django_content_type"."id") WHERE "auth_permission"."content_type_id" IN (16, 17, 15) ORDER BY "django_content_type"."app_label" ASC, "django_content_type"."model" ASC, 2 ASC; args=(16, 17, 15); alias=default
DEBUG 2026-05-13 20:20:43,953 utils 15 127778492955520 (0.000) SELECT "django_content_type"."model" AS "model" FROM "django_content_type" WHERE "django_content_type"."app_label" = 'notifications'; args=('notifications',); alias=default
DEBUG 2026-05-13 20:20:43,989 utils 15 127778492955520 (0.035) SELECT "auth_user"."id", "auth_user"."password", "auth_user"."last_login", "auth_user"."is_superuser", "auth_user"."username", "auth_user"."first_name", "auth_user"."last_name", "auth_user"."email", "auth_user"."is_staff", "auth_user"."is_active", "auth_user"."date_joined" FROM "auth_user" WHERE "auth_user"."username" = 'admin' LIMIT 21; args=('admin',); alias=default
DEBUG 2026-05-13 20:20:44,074 utils 15 127778492955520 (0.084) SELECT "users_userprofile"."id", "users_userprofile"."user_id", "users_userprofile"."phone", "users_userprofile"."bio", "users_userprofile"."notifications_enabled", "users_userprofile"."email_on_task_assigned", "users_userprofile"."email_on_task_completed", "users_userprofile"."last_login_ip", "users_userprofile"."created_at", "users_userprofile"."updated_at" FROM "users_userprofile" WHERE "users_userprofile"."user_id" = 1 LIMIT 21; args=(1,); alias=default
DEBUG 2026-05-13 20:20:44,076 utils 15 127778492955520 (0.000) SELECT "auth_user"."id", "auth_user"."password", "auth_user"."last_login", "auth_user"."is_superuser", "auth_user"."username", "auth_user"."first_name", "auth_user"."last_name", "auth_user"."email", "auth_user"."is_staff", "auth_user"."is_active", "auth_user"."date_joined" FROM "auth_user" WHERE "auth_user"."username" = 'manager1' LIMIT 21; args=('manager1',); alias=default
DEBUG 2026-05-13 20:20:44,077 utils 15 127778492955520 (0.000) SELECT "users_userprofile"."id", "users_userprofile"."user_id", "users_userprofile"."phone", "users_userprofile"."bio", "users_userprofile"."notifications_enabled", "users_userprofile"."email_on_task_assigned", "users_userprofile"."email_on_task_completed", "users_userprofile"."last_login_ip", "users_userprofile"."created_at", "users_userprofile"."updated_at" FROM "users_userprofile" WHERE "users_userprofile"."user_id" = 2 LIMIT 21; args=(2,); alias=default
DEBUG 2026-05-13 20:20:44,131 utils 15 127778492955520 (0.053) UPDATE "users_userprofile" SET "user_id" = 2, "phone" = '', "bio" = NULL, "notifications_enabled" = true, "email_on_task_assigned" = true, "email_on_task_completed" = true, "last_login_ip" = NULL, "created_at" = '2026-05-12T17:21:23.533309+00:00'::timestamptz, "updated_at" = '2026-05-13T18:20:44.078138+00:00'::timestamptz WHERE "users_userprofile"."id" = 2; args=(2, '', True, True, True, datetime.datetime(2026, 5, 12, 17, 21, 23, 533309, tzinfo=datetime.timezone.utc), datetime.datetime(2026, 5, 13, 18, 20, 44, 78138, tzinfo=datetime.timezone.utc), 2); alias=default
DEBUG 2026-05-13 20:20:44,152 utils 15 127778492955520 (0.018) SELECT "core_userrole"."id", "core_userrole"."user_id", "core_userrole"."role", "core_userrole"."created_at" FROM "core_userrole" WHERE "core_userrole"."user_id" = 2 LIMIT 21; args=(2,); alias=default
DEBUG 2026-05-13 20:20:44,154 utils 15 127778492955520 (0.000) SELECT "auth_user"."id", "auth_user"."password", "auth_user"."last_login", "auth_user"."is_superuser", "auth_user"."username", "auth_user"."first_name", "auth_user"."last_name", "auth_user"."email", "auth_user"."is_staff", "auth_user"."is_active", "auth_user"."date_joined" FROM "auth_user" WHERE "auth_user"."username" = 'staff1' LIMIT 21; args=('staff1',); alias=default
DEBUG 2026-05-13 20:20:44,155 utils 15 127778492955520 (0.001) SELECT "users_userprofile"."id", "users_userprofile"."user_id", "users_userprofile"."phone", "users_userprofile"."bio", "users_userprofile"."notifications_enabled", "users_userprofile"."email_on_task_assigned", "users_userprofile"."email_on_task_completed", "users_userprofile"."last_login_ip", "users_userprofile"."created_at", "users_userprofile"."updated_at" FROM "users_userprofile" WHERE "users_userprofile"."user_id" = 3 LIMIT 21; args=(3,); alias=default
DEBUG 2026-05-13 20:20:44,175 utils 15 127778492955520 (0.019) UPDATE "users_userprofile" SET "user_id" = 3, "phone" = '+263712345678', "bio" = NULL, "notifications_enabled" = true, "email_on_task_assigned" = true, "email_on_task_completed" = true, "last_login_ip" = NULL, "created_at" = '2026-05-12T17:21:24.499970+00:00'::timestamptz, "updated_at" = '2026-05-13T18:20:44.156357+00:00'::timestamptz WHERE "users_userprofile"."id" = 3; args=(3, '+263712345678', True, True, True, datetime.datetime(2026, 5, 12, 17, 21, 24, 499970, tzinfo=datetime.timezone.utc), datetime.datetime(2026, 5, 13, 18, 20, 44, 156357, tzinfo=datetime.timezone.utc), 3); alias=default
DEBUG 2026-05-13 20:20:44,177 utils 15 127778492955520 (0.000) SELECT "core_userrole"."id", "core_userrole"."user_id", "core_userrole"."role", "core_userrole"."created_at" FROM "core_userrole" WHERE "core_userrole"."user_id" = 3 LIMIT 21; args=(3,); alias=default
DEBUG 2026-05-13 20:20:44,178 utils 15 127778492955520 (0.000) SELECT "auth_user"."id", "auth_user"."password", "auth_user"."last_login", "auth_user"."is_superuser", "auth_user"."username", "auth_user"."first_name", "auth_user"."last_name", "auth_user"."email", "auth_user"."is_staff", "auth_user"."is_active", "auth_user"."date_joined" FROM "auth_user" WHERE "auth_user"."username" = 'staff2' LIMIT 21; args=('staff2',); alias=default
DEBUG 2026-05-13 20:20:44,180 utils 15 127778492955520 (0.001) SELECT "users_userprofile"."id", "users_userprofile"."user_id", "users_userprofile"."phone", "users_userprofile"."bio", "users_userprofile"."notifications_enabled", "users_userprofile"."email_on_task_assigned", "users_userprofile"."email_on_task_completed", "users_userprofile"."last_login_ip", "users_userprofile"."created_at", "users_userprofile"."updated_at" FROM "users_userprofile" WHERE "users_userprofile"."user_id" = 4 LIMIT 21; args=(4,); alias=default
DEBUG 2026-05-13 20:20:44,187 utils 15 127778492955520 (0.006) UPDATE "users_userprofile" SET "user_id" = 4, "phone" = '+263712345679', "bio" = NULL, "notifications_enabled" = true, "email_on_task_assigned" = true, "email_on_task_completed" = true, "last_login_ip" = NULL, "created_at" = '2026-05-12T17:21:25.400018+00:00'::timestamptz, "updated_at" = '2026-05-13T18:20:44.180645+00:00'::timestamptz WHERE "users_userprofile"."id" = 4; args=(4, '+263712345679', True, True, True, datetime.datetime(2026, 5, 12, 17, 21, 25, 400018, tzinfo=datetime.timezone.utc), datetime.datetime(2026, 5, 13, 18, 20, 44, 180645, tzinfo=datetime.timezone.utc), 4); alias=default
DEBUG 2026-05-13 20:20:44,188 utils 15 127778492955520 (0.000) SELECT "core_userrole"."id", "core_userrole"."user_id", "core_userrole"."role", "core_userrole"."created_at" FROM "core_userrole" WHERE "core_userrole"."user_id" = 4 LIMIT 21; args=(4,); alias=default
DEBUG 2026-05-13 20:20:44,189 utils 15 127778492955520 (0.000) SELECT "auth_user"."id", "auth_user"."password", "auth_user"."last_login", "auth_user"."is_superuser", "auth_user"."username", "auth_user"."first_name", "auth_user"."last_name", "auth_user"."email", "auth_user"."is_staff", "auth_user"."is_active", "auth_user"."date_joined" FROM "auth_user" WHERE "auth_user"."username" = 'resident1' LIMIT 21; args=('resident1',); alias=default
DEBUG 2026-05-13 20:20:44,190 utils 15 127778492955520 (0.000) SELECT "users_userprofile"."id", "users_userprofile"."user_id", "users_userprofile"."phone", "users_userprofile"."bio", "users_userprofile"."notifications_enabled", "users_userprofile"."email_on_task_assigned", "users_userprofile"."email_on_task_completed", "users_userprofile"."last_login_ip", "users_userprofile"."created_at", "users_userprofile"."updated_at" FROM "users_userprofile" WHERE "users_userprofile"."user_id" = 5 LIMIT 21; args=(5,); alias=default
DEBUG 2026-05-13 20:20:44,198 utils 15 127778492955520 (0.007) UPDATE "users_userprofile" SET "user_id" = 5, "phone" = '+263787654321', "bio" = NULL, "notifications_enabled" = true, "email_on_task_assigned" = true, "email_on_task_completed" = true, "last_login_ip" = NULL, "created_at" = '2026-05-12T17:21:26.322287+00:00'::timestamptz, "updated_at" = '2026-05-13T18:20:44.191178+00:00'::timestamptz WHERE "users_userprofile"."id" = 5; args=(5, '+263787654321', True, True, True, datetime.datetime(2026, 5, 12, 17, 21, 26, 322287, tzinfo=datetime.timezone.utc), datetime.datetime(2026, 5, 13, 18, 20, 44, 191178, tzinfo=datetime.timezone.utc), 5); alias=default
DEBUG 2026-05-13 20:20:44,200 utils 15 127778492955520 (0.001) SELECT "core_userrole"."id", "core_userrole"."user_id", "core_userrole"."role", "core_userrole"."created_at" FROM "core_userrole" WHERE "core_userrole"."user_id" = 5 LIMIT 21; args=(5,); alias=default
DEBUG 2026-05-13 20:20:44,223 utils 15 127778492955520 (0.022) SELECT "core_residentprofile"."id", "core_residentprofile"."user_id", "core_residentprofile"."phone", "core_residentprofile"."address", "core_residentprofile"."unit_number", "core_residentprofile"."created_at", "core_residentprofile"."updated_at" FROM "core_residentprofile" WHERE "core_residentprofile"."user_id" = 5 LIMIT 21; args=(5,); alias=default
DEBUG 2026-05-13 20:20:44,224 utils 15 127778492955520 (0.000) SELECT "auth_user"."id", "auth_user"."password", "auth_user"."last_login", "auth_user"."is_superuser", "auth_user"."username", "auth_user"."first_name", "auth_user"."last_name", "auth_user"."email", "auth_user"."is_staff", "auth_user"."is_active", "auth_user"."date_joined" FROM "auth_user" WHERE "auth_user"."username" = 'resident2' LIMIT 21; args=('resident2',); alias=default
DEBUG 2026-05-13 20:20:44,225 utils 15 127778492955520 (0.000) SELECT "users_userprofile"."id", "users_userprofile"."user_id", "users_userprofile"."phone", "users_userprofile"."bio", "users_userprofile"."notifications_enabled", "users_userprofile"."email_on_task_assigned", "users_userprofile"."email_on_task_completed", "users_userprofile"."last_login_ip", "users_userprofile"."created_at", "users_userprofile"."updated_at" FROM "users_userprofile" WHERE "users_userprofile"."user_id" = 6 LIMIT 21; args=(6,); alias=default
DEBUG 2026-05-13 20:20:44,242 utils 15 127778492955520 (0.016) UPDATE "users_userprofile" SET "user_id" = 6, "phone" = '+263787654322', "bio" = NULL, "notifications_enabled" = true, "email_on_task_assigned" = true, "email_on_task_completed" = true, "last_login_ip" = NULL, "created_at" = '2026-05-12T17:21:27.366850+00:00'::timestamptz, "updated_at" = '2026-05-13T18:20:44.226224+00:00'::timestamptz WHERE "users_userprofile"."id" = 6; args=(6, '+263787654322', True, True, True, datetime.datetime(2026, 5, 12, 17, 21, 27, 366850, tzinfo=datetime.timezone.utc), datetime.datetime(2026, 5, 13, 18, 20, 44, 226224, tzinfo=datetime.timezone.utc), 6); alias=default
DEBUG 2026-05-13 20:20:44,243 utils 15 127778492955520 (0.000) SELECT "core_userrole"."id", "core_userrole"."user_id", "core_userrole"."role", "core_userrole"."created_at" FROM "core_userrole" WHERE "core_userrole"."user_id" = 6 LIMIT 21; args=(6,); alias=default
DEBUG 2026-05-13 20:20:44,245 utils 15 127778492955520 (0.000) SELECT "core_residentprofile"."id", "core_residentprofile"."user_id", "core_residentprofile"."phone", "core_residentprofile"."address", "core_residentprofile"."unit_number", "core_residentprofile"."created_at", "core_residentprofile"."updated_at" FROM "core_residentprofile" WHERE "core_residentprofile"."user_id" = 6 LIMIT 21; args=(6,); alias=default
DEBUG 2026-05-13 20:20:44,246 utils 15 127778492955520 (0.000) SELECT "auth_user"."id", "auth_user"."password", "auth_user"."last_login", "auth_user"."is_superuser", "auth_user"."username", "auth_user"."first_name", "auth_user"."last_name", "auth_user"."email", "auth_user"."is_staff", "auth_user"."is_active", "auth_user"."date_joined" FROM "auth_user" WHERE "auth_user"."username" = 'resident3' LIMIT 21; args=('resident3',); alias=default
DEBUG 2026-05-13 20:20:44,247 utils 15 127778492955520 (0.000) SELECT "users_userprofile"."id", "users_userprofile"."user_id", "users_userprofile"."phone", "users_userprofile"."bio", "users_userprofile"."notifications_enabled", "users_userprofile"."email_on_task_assigned", "users_userprofile"."email_on_task_completed", "users_userprofile"."last_login_ip", "users_userprofile"."created_at", "users_userprofile"."updated_at" FROM "users_userprofile" WHERE "users_userprofile"."user_id" = 7 LIMIT 21; args=(7,); alias=default
DEBUG 2026-05-13 20:20:44,247 utils 15 127778492955520 (0.000) BEGIN; args=None; alias=default
DEBUG 2026-05-13 20:20:44,250 utils 15 127778492955520 (0.001) INSERT INTO "users_userprofile" ("user_id", "phone", "bio", "notifications_enabled", "email_on_task_assigned", "email_on_task_completed", "last_login_ip", "created_at", "updated_at") VALUES (7, NULL, NULL, true, true, true, NULL, '2026-05-13T18:20:44.248738+00:00'::timestamptz, '2026-05-13T18:20:44.248751+00:00'::timestamptz) RETURNING "users_userprofile"."id"; args=(7, None, None, True, True, True, None, datetime.datetime(2026, 5, 13, 18, 20, 44, 248738, tzinfo=datetime.timezone.utc), datetime.datetime(2026, 5, 13, 18, 20, 44, 248751, tzinfo=datetime.timezone.utc)); alias=default
DEBUG 2026-05-13 20:20:44,253 utils 15 127778492955520 (0.003) COMMIT; args=None; alias=default
DEBUG 2026-05-13 20:20:44,264 utils 15 127778492955520 (0.010) UPDATE "users_userprofile" SET "user_id" = 7, "phone" = '+263787654323', "bio" = NULL, "notifications_enabled" = true, "email_on_task_assigned" = true, "email_on_task_completed" = true, "last_login_ip" = NULL, "created_at" = '2026-05-13T18:20:44.248738+00:00'::timestamptz, "updated_at" = '2026-05-13T18:20:44.254105+00:00'::timestamptz WHERE "users_userprofile"."id" = 8; args=(7, '+263787654323', True, True, True, datetime.datetime(2026, 5, 13, 18, 20, 44, 248738, tzinfo=datetime.timezone.utc), datetime.datetime(2026, 5, 13, 18, 20, 44, 254105, tzinfo=datetime.timezone.utc), 8); alias=default
DEBUG 2026-05-13 20:20:44,266 utils 15 127778492955520 (0.000) SELECT "core_userrole"."id", "core_userrole"."user_id", "core_userrole"."role", "core_userrole"."created_at" FROM "core_userrole" WHERE "core_userrole"."user_id" = 7 LIMIT 21; args=(7,); alias=default
DEBUG 2026-05-13 20:20:44,267 utils 15 127778492955520 (0.000) SELECT "core_residentprofile"."id", "core_residentprofile"."user_id", "core_residentprofile"."phone", "core_residentprofile"."address", "core_residentprofile"."unit_number", "core_residentprofile"."created_at", "core_residentprofile"."updated_at" FROM "core_residentprofile" WHERE "core_residentprofile"."user_id" = 7 LIMIT 21; args=(7,); alias=default
DEBUG 2026-05-13 20:20:44,269 utils 15 127778492955520 (0.000) SELECT "auth_user"."id", "auth_user"."password", "auth_user"."last_login", "auth_user"."is_superuser", "auth_user"."username", "auth_user"."first_name", "auth_user"."last_name", "auth_user"."email", "auth_user"."is_staff", "auth_user"."is_active", "auth_user"."date_joined" FROM "auth_user" WHERE "auth_user"."username" = 'manager1' LIMIT 21; args=('manager1',); alias=default
DEBUG 2026-05-13 20:20:44,289 utils 15 127778492955520 (0.020) SELECT "core_property"."id", "core_property"."name", "core_property"."address", "core_property"."manager_id", "core_property"."description", "core_property"."status", "core_property"."created_at", "core_property"."updated_at" FROM "core_property" WHERE ("core_property"."manager_id" = 2 AND "core_property"."name" = 'Century Estate') LIMIT 21; args=(2, 'Century Estate'); alias=default
DEBUG 2026-05-13 20:20:44,291 utils 15 127778492955520 (0.000) SELECT "core_property"."id", "core_property"."name", "core_property"."address", "core_property"."manager_id", "core_property"."description", "core_property"."status", "core_property"."created_at", "core_property"."updated_at" FROM "core_property" WHERE ("core_property"."manager_id" = 2 AND "core_property"."name" = 'Borrowdale Plaza') LIMIT 21; args=(2, 'Borrowdale Plaza'); alias=default
DEBUG 2026-05-13 20:20:44,292 utils 15 127778492955520 (0.000) SELECT "core_property"."id", "core_property"."name", "core_property"."address", "core_property"."manager_id", "core_property"."description", "core_property"."status", "core_property"."created_at", "core_property"."updated_at" FROM "core_property" WHERE ("core_property"."manager_id" = 2 AND "core_property"."name" = 'Avondale Executive Office Park') LIMIT 21; args=(2, 'Avondale Executive Office Park'); alias=default
DEBUG 2026-05-13 20:20:44,293 utils 15 127778492955520 (0.000) SELECT "auth_user"."id", "auth_user"."password", "auth_user"."last_login", "auth_user"."is_superuser", "auth_user"."username", "auth_user"."first_name", "auth_user"."last_name", "auth_user"."email", "auth_user"."is_staff", "auth_user"."is_active", "auth_user"."date_joined" FROM "auth_user" WHERE "auth_user"."username" = 'manager1' LIMIT 21; args=('manager1',); alias=default
DEBUG 2026-05-13 20:20:44,295 utils 15 127778492955520 (0.001) SELECT "auth_user"."id", "auth_user"."password", "auth_user"."last_login", "auth_user"."is_superuser", "auth_user"."username", "auth_user"."first_name", "auth_user"."last_name", "auth_user"."email", "auth_user"."is_staff", "auth_user"."is_active", "auth_user"."date_joined" FROM "auth_user" WHERE "auth_user"."username" = 'staff1' LIMIT 21; args=('staff1',); alias=default
DEBUG 2026-05-13 20:20:44,298 utils 15 127778492955520 (0.001) SELECT "auth_user"."id", "auth_user"."password", "auth_user"."last_login", "auth_user"."is_superuser", "auth_user"."username", "auth_user"."first_name", "auth_user"."last_name", "auth_user"."email", "auth_user"."is_staff", "auth_user"."is_active", "auth_user"."date_joined" FROM "auth_user" WHERE "auth_user"."username" = 'staff2' LIMIT 21; args=('staff2',); alias=default
DEBUG 2026-05-13 20:20:44,300 utils 15 127778492955520 (0.001) SELECT "auth_user"."id", "auth_user"."password", "auth_user"."last_login", "auth_user"."is_superuser", "auth_user"."username", "auth_user"."first_name", "auth_user"."last_name", "auth_user"."email", "auth_user"."is_staff", "auth_user"."is_active", "auth_user"."date_joined" FROM "auth_user" WHERE "auth_user"."username" = 'resident1' LIMIT 21; args=('resident1',); alias=default
DEBUG 2026-05-13 20:20:44,302 utils 15 127778492955520 (0.000) SELECT "auth_user"."id", "auth_user"."password", "auth_user"."last_login", "auth_user"."is_superuser", "auth_user"."username", "auth_user"."first_name", "auth_user"."last_name", "auth_user"."email", "auth_user"."is_staff", "auth_user"."is_active", "auth_user"."date_joined" FROM "auth_user" WHERE "auth_user"."username" = 'resident2' LIMIT 21; args=('resident2',); alias=default
DEBUG 2026-05-13 20:20:44,303 utils 15 127778492955520 (0.000) SELECT "auth_user"."id", "auth_user"."password", "auth_user"."last_login", "auth_user"."is_superuser", "auth_user"."username", "auth_user"."first_name", "auth_user"."last_name", "auth_user"."email", "auth_user"."is_staff", "auth_user"."is_active", "auth_user"."date_joined" FROM "auth_user" WHERE "auth_user"."username" = 'resident3' LIMIT 21; args=('resident3',); alias=default
DEBUG 2026-05-13 20:20:44,305 utils 15 127778492955520 (0.001) SELECT "core_property"."id", "core_property"."name", "core_property"."address", "core_property"."manager_id", "core_property"."description", "core_property"."status", "core_property"."created_at", "core_property"."updated_at" FROM "core_property" ORDER BY "core_property"."created_at" DESC; args=(); alias=default
DEBUG 2026-05-13 20:20:44,343 utils 15 127778492955520 (0.036) SELECT "core_maintenancetask"."id", "core_maintenancetask"."property_id", "core_maintenancetask"."title", "core_maintenancetask"."description", "core_maintenancetask"."priority", "core_maintenancetask"."status", "core_maintenancetask"."assigned_to_id", "core_maintenancetask"."created_by_id", "core_maintenancetask"."created_at", "core_maintenancetask"."due_date", "core_maintenancetask"."updated_at", "core_maintenancetask"."completed_at", "core_maintenancetask"."completion_notes" FROM "core_maintenancetask" WHERE ("core_maintenancetask"."property_id" = 1 AND "core_maintenancetask"."title" = 'Plumbing Inspection - Block A') LIMIT 21; args=(1, 'Plumbing Inspection - Block A'); alias=default
DEBUG 2026-05-13 20:20:44,346 utils 15 127778492955520 (0.001) SELECT "core_maintenancetask"."id", "core_maintenancetask"."property_id", "core_maintenancetask"."title", "core_maintenancetask"."description", "core_maintenancetask"."priority", "core_maintenancetask"."status", "core_maintenancetask"."assigned_to_id", "core_maintenancetask"."created_by_id", "core_maintenancetask"."created_at", "core_maintenancetask"."due_date", "core_maintenancetask"."updated_at", "core_maintenancetask"."completed_at", "core_maintenancetask"."completion_notes" FROM "core_maintenancetask" WHERE ("core_maintenancetask"."property_id" = 1 AND "core_maintenancetask"."title" = 'Electrical System Upgrade') LIMIT 21; args=(1, 'Electrical System Upgrade'); alias=default
DEBUG 2026-05-13 20:20:44,348 utils 15 127778492955520 (0.001) SELECT "core_maintenancetask"."id", "core_maintenancetask"."property_id", "core_maintenancetask"."title", "core_maintenancetask"."description", "core_maintenancetask"."priority", "core_maintenancetask"."status", "core_maintenancetask"."assigned_to_id", "core_maintenancetask"."created_by_id", "core_maintenancetask"."created_at", "core_maintenancetask"."due_date", "core_maintenancetask"."updated_at", "core_maintenancetask"."completed_at", "core_maintenancetask"."completion_notes" FROM "core_maintenancetask" WHERE ("core_maintenancetask"."property_id" = 2 AND "core_maintenancetask"."title" = 'Parking Area Maintenance') LIMIT 21; args=(2, 'Parking Area Maintenance'); alias=default
DEBUG 2026-05-13 20:20:44,350 utils 15 127778492955520 (0.001) SELECT "core_maintenancetask"."id", "core_maintenancetask"."property_id", "core_maintenancetask"."title", "core_maintenancetask"."description", "core_maintenancetask"."priority", "core_maintenancetask"."status", "core_maintenancetask"."assigned_to_id", "core_maintenancetask"."created_by_id", "core_maintenancetask"."created_at", "core_maintenancetask"."due_date", "core_maintenancetask"."updated_at", "core_maintenancetask"."completed_at", "core_maintenancetask"."completion_notes" FROM "core_maintenancetask" WHERE ("core_maintenancetask"."property_id" = 3 AND "core_maintenancetask"."title" = 'HVAC System Maintenance') LIMIT 21; args=(3, 'HVAC System Maintenance'); alias=default
DEBUG 2026-05-13 20:20:44,353 utils 15 127778492955520 (0.001) SELECT "core_maintenancetask"."id", "core_maintenancetask"."property_id", "core_maintenancetask"."title", "core_maintenancetask"."description", "core_maintenancetask"."priority", "core_maintenancetask"."status", "core_maintenancetask"."assigned_to_id", "core_maintenancetask"."created_by_id", "core_maintenancetask"."created_at", "core_maintenancetask"."due_date", "core_maintenancetask"."updated_at", "core_maintenancetask"."completed_at", "core_maintenancetask"."completion_notes" FROM "core_maintenancetask" WHERE ("core_maintenancetask"."property_id" = 1 AND "core_maintenancetask"."title" = 'AC Unit Not Working') LIMIT 21; args=(1, 'AC Unit Not Working'); alias=default
DEBUG 2026-05-13 20:20:44,355 utils 15 127778492955520 (0.001) SELECT "core_maintenancetask"."id", "core_maintenancetask"."property_id", "core_maintenancetask"."title", "core_maintenancetask"."description", "core_maintenancetask"."priority", "core_maintenancetask"."status", "core_maintenancetask"."assigned_to_id", "core_maintenancetask"."created_by_id", "core_maintenancetask"."created_at", "core_maintenancetask"."due_date", "core_maintenancetask"."updated_at", "core_maintenancetask"."completed_at", "core_maintenancetask"."completion_notes" FROM "core_maintenancetask" WHERE ("core_maintenancetask"."property_id" = 1 AND "core_maintenancetask"."title" = 'Leaking Roof in Unit 205') LIMIT 21; args=(1, 'Leaking Roof in Unit 205'); alias=default
INFO 2026-05-13 20:20:47,314 autoreload 22 130075735874432 Watching for file changes with StatReloader
DEBUG 2026-05-13 20:20:47,320 autoreload 22 130075735874432 Waiting for apps ready_event.
DEBUG 2026-05-13 20:20:47,450 autoreload 22 130075735874432 Apps ready_event triggered. Sending autoreload_started signal.
DEBUG 2026-05-13 20:20:47,494 autoreload 22 130075735874432 Watching dir /usr/local/lib/python3.12/site-packages/rest_framework/templates with glob **/*.
DEBUG 2026-05-13 20:20:47,495 autoreload 22 130075735874432 Watching dir /app/locale with glob **/*.mo.
DEBUG 2026-05-13 20:20:47,496 autoreload 22 130075735874432 Watching dir /usr/local/lib/python3.12/site-packages/corsheaders/locale with glob **/*.mo.
DEBUG 2026-05-13 20:20:47,497 autoreload 22 130075735874432 Watching dir /usr/local/lib/python3.12/site-packages/rest_framework/locale with glob **/*.mo.
DEBUG 2026-05-13 20:20:47,497 autoreload 22 130075735874432 Watching dir /app/core/locale with glob **/*.mo.
DEBUG 2026-05-13 20:20:47,498 autoreload 22 130075735874432 Watching dir /app/users/locale with glob **/*.mo.
DEBUG 2026-05-13 20:20:47,498 autoreload 22 130075735874432 Watching dir /app/notifications/locale with glob **/*.mo.
DEBUG 2026-05-13 20:20:47,557 utils 22 130075657762496 (0.016) 
            SELECT
                c.relname,
                CASE
                    WHEN c.relispartition THEN 'p'
                    WHEN c.relkind IN ('m', 'v') THEN 'v'
                    ELSE 't'
                END,
                obj_description(c.oid, 'pg_class')
            FROM pg_catalog.pg_class c
            LEFT JOIN pg_catalog.pg_namespace n ON n.oid = c.relnamespace
            WHERE c.relkind IN ('f', 'm', 'p', 'r', 'v')
                AND n.nspname NOT IN ('pg_catalog', 'pg_toast')
                AND pg_catalog.pg_table_is_visible(c.oid)
        ; args=None; alias=default
DEBUG 2026-05-13 20:20:47,560 utils 22 130075657762496 (0.001) SELECT "django_migrations"."id", "django_migrations"."app", "django_migrations"."name", "django_migrations"."applied" FROM "django_migrations"; args=(); alias=default
DEBUG 2026-05-13 20:20:47,617 autoreload 22 130075735874432 File /usr/local/lib/python3.12/site-packages/django/db/models/fields/mixins.py first seen with mtime 1778606031.0
DEBUG 2026-05-13 20:20:47,617 autoreload 22 130075735874432 File /usr/local/lib/python3.12/site-packages/sqlparse/formatter.py first seen with mtime 1778606029.0
DEBUG 2026-05-13 20:20:47,618 autoreload 22 130075735874432 File /usr/local/lib/python3.12/site-packages/django/urls/__init__.py first seen with mtime 1778606031.0
DEBUG 2026-05-13 20:20:47,618 autoreload 22 130075735874432 File /usr/local/lib/python3.12/site-packages/django/utils/copy.py first seen with mtime 1778606031.0
DEBUG 2026-05-13 20:20:47,618 autoreload 22 130075735874432 File /usr/local/lib/python3.12/site-packages/rest_framework/validators.py first seen with mtime 1778606034.0
DEBUG 2026-05-13 20:20:47,618 autoreload 22 130075735874432 File /usr/local/lib/python3.12/site-packages/sqlparse/engine/grouping.py first seen with mtime 1778606029.0
DEBUG 2026-05-13 20:20:47,618 autoreload 22 130075735874432 File /usr/local/lib/python3.12/site-packages/django/db/migrations/state.py first seen with mtime 1778606031.0
DEBUG 2026-05-13 20:20:47,618 autoreload 22 130075735874432 File /usr/local/lib/python3.12/site-packages/django/core/files/__init__.py first seen with mtime 1778606031.0
DEBUG 2026-05-13 20:20:47,618 autoreload 22 130075735874432 File /usr/local/lib/python3.12/site-packages/django/template/loader_tags.py first seen with mtime 1778606031.0
DEBUG 2026-05-13 20:20:47,619 autoreload 22 130075735874432 File /usr/local/lib/python3.12/site-packages/django/contrib/staticfiles/management/__init__.py first seen with mtime 1778606031.0
DEBUG 2026-05-13 20:20:47,619 autoreload 22 130075735874432 File /usr/local/lib/python3.12/random.py first seen with mtime 1771962454.0
DEBUG 2026-05-13 20:20:47,624 autoreload 22 130075735874432 File /usr/local/lib/python3.12/site-packages/django/db/models/sql/where.py first seen with mtime 1778606031.0
DEBUG 2026-05-13 20:20:47,625 autoreload 22 130075735874432 File /usr/local/lib/python3.12/copy.py first seen with mtime 1771962454.0
DEBUG 2026-05-13 20:20:47,626 autoreload 22 130075735874432 File /usr/local/lib/python3.12/asyncio/base_subprocess.py first seen with mtime 1771962454.0
DEBUG 2026-05-13 20:20:47,626 autoreload 22 130075735874432 File /app/users/__init__.py first seen with mtime 1778610491.2870767
DEBUG 2026-05-13 20:20:47,626 autoreload 22 130075735874432 File /usr/local/lib/python3.12/site-packages/django/conf/locale/__init__.py first seen with mtime 1778606030.0
DEBUG 2026-05-13 20:20:47,626 autoreload 22 130075735874432 File /usr/local/lib/python3.12/site-packages/django/urls/base.py first seen with mtime 1778606031.0
DEBUG 2026-05-13 20:20:47,626 autoreload 22 130075735874432 File /usr/local/lib/python3.12/site-packages/rest_framework/permissions.py first seen with mtime 1778606034.0
DEBUG 2026-05-13 20:20:47,627 autoreload 22 130075735874432 File /usr/local/lib/python3.12/site-packages/django/contrib/auth/templatetags/__init__.py first seen with mtime 1778606030.0
DEBUG 2026-05-13 20:20:47,627 autoreload 22 130075735874432 File /usr/local/lib/python3.12/site-packages/django/contrib/admin/templatetags/admin_modify.py first seen with mtime 1778606030.0
DEBUG 2026-05-13 20:20:47,627 autoreload 22 130075735874432 File /usr/local/lib/python3.12/shutil.py first seen with mtime 1771962454.0
DEBUG 2026-05-13 20:20:47,627 autoreload 22 130075735874432 File /usr/local/lib/python3.12/asyncio/base_events.py first seen with mtime 1771962454.0
DEBUG 2026-05-13 20:20:47,627 autoreload 22 130075735874432 File /usr/local/lib/python3.12/site-packages/django/core/__init__.py first seen with mtime 1778606031.0
DEBUG 2026-05-13 20:20:47,627 autoreload 22 130075735874432 File /usr/local/lib/python3.12/site-packages/django/db/backends/postgresql/psycopg_any.py first seen with mtime 1778606031.0
DEBUG 2026-05-13 20:20:47,628 autoreload 22 130075735874432 File /usr/local/lib/python3.12/site-packages/django/contrib/contenttypes/models.py first seen with mtime 1778606030.0
DEBUG 2026-05-13 20:20:47,628 autoreload 22 130075735874432 File /usr/local/lib/python3.12/site-packages/rest_framework/urlpatterns.py first seen with mtime 1778606034.0
DEBUG 2026-05-13 20:20:47,629 autoreload 22 130075735874432 File /usr/local/lib/python3.12/site-packages/django/core/handlers/__init__.py first seen with mtime 1778606031.0
DEBUG 2026-05-13 20:20:47,629 autoreload 22 130075735874432 File /usr/local/lib/python3.12/site-packages/django/core/mail/message.py first seen with mtime 1778606031.0
DEBUG 2026-05-13 20:20:47,630 autoreload 22 130075735874432 File /usr/local/lib/python3.12/site-packages/rest_framework/utils/encoders.py first seen with mtime 1778606034.0
DEBUG 2026-05-13 20:20:47,630 autoreload 22 130075735874432 File /usr/local/lib/python3.12/site-packages/django/contrib/admin/checks.py first seen with mtime 1778606030.0
DEBUG 2026-05-13 20:20:47,630 autoreload 22 130075735874432 File /app/notifications/views.py first seen with mtime 1778610577.0015597
DEBUG 2026-05-13 20:20:47,630 autoreload 22 130075735874432 File /usr/local/lib/python3.12/lib-dynload/_queue.cpython-312-x86_64-linux-gnu.so first seen with mtime 1771962460.0
DEBUG 2026-05-13 20:20:47,631 autoreload 22 130075735874432 File /usr/local/lib/python3.12/site-packages/django/utils/dates.py first seen with mtime 1778606031.0
DEBUG 2026-05-13 20:20:47,632 autoreload 22 130075735874432 File /usr/local/lib/python3.12/site-packages/django/utils/numberformat.py first seen with mtime 1778606031.0
DEBUG 2026-05-13 20:20:47,632 autoreload 22 130075735874432 File /usr/local/lib/python3.12/lib-dynload/termios.cpython-312-x86_64-linux-gnu.so first seen with mtime 1771962460.0
DEBUG 2026-05-13 20:20:47,632 autoreload 22 130075735874432 File /app/config/urls.py first seen with mtime 1778610576.9957352
DEBUG 2026-05-13 20:20:47,633 autoreload 22 130075735874432 File /usr/local/lib/python3.12/site-packages/corsheaders/middleware.py first seen with mtime 1778606035.0
DEBUG 2026-05-13 20:20:47,633 autoreload 22 130075735874432 File /usr/local/lib/python3.12/site-packages/rest_framework/routers.py first seen with mtime 1778606034.0
DEBUG 2026-05-13 20:20:47,633 autoreload 22 130075735874432 File /usr/local/lib/python3.12/site-packages/sqlparse/filters/__init__.py first seen with mtime 1778606029.0
DEBUG 2026-05-13 20:20:47,633 autoreload 22 130075735874432 File /usr/local/lib/python3.12/site-packages/django/core/wsgi.py first seen with mtime 1778606031.0
DEBUG 2026-05-13 20:20:47,634 autoreload 22 130075735874432 File /usr/local/lib/python3.12/site-packages/corsheaders/conf.py first seen with mtime 1778606035.0
DEBUG 2026-05-13 20:20:47,634 autoreload 22 130075735874432 File /usr/local/lib/python3.12/site-packages/django/core/checks/database.py first seen with mtime 1778606031.0
DEBUG 2026-05-13 20:20:47,634 autoreload 22 130075735874432 File /usr/local/lib/python3.12/site-packages/django/views/generic/base.py first seen with mtime 1778606031.0
DEBUG 2026-05-13 20:20:47,634 autoreload 22 130075735874432 File /usr/local/lib/python3.12/site-packages/django/contrib/postgres/fields/utils.py first seen with mtime 1778606031.0
DEBUG 2026-05-13 20:20:47,635 autoreload 22 130075735874432 File /usr/local/lib/python3.12/site-packages/django/forms/forms.py first seen with mtime 1778606031.0
DEBUG 2026-05-13 20:20:47,635 autoreload 22 130075735874432 File /usr/local/lib/python3.12/site-packages/sqlparse/utils.py first seen with mtime 1778606029.0
DEBUG 2026-05-13 20:20:47,635 autoreload 22 130075735874432 File /usr/local/lib/python3.12/lib-dynload/_zoneinfo.cpython-312-x86_64-linux-gnu.so first seen with mtime 1771962460.0
DEBUG 2026-05-13 20:20:47,635 autoreload 22 130075735874432 File /usr/local/lib/python3.12/site-packages/django/contrib/admindocs/views.py first seen with mtime 1778606030.0
DEBUG 2026-05-13 20:20:47,635 autoreload 22 130075735874432 File /usr/local/lib/python3.12/site-packages/sqlparse/filters/output.py first seen with mtime 1778606029.0
DEBUG 2026-05-13 20:20:47,636 autoreload 22 130075735874432 File /usr/local/lib/python3.12/site-packages/django/db/models/sql/__init__.py first seen with mtime 1778606031.0
DEBUG 2026-05-13 20:20:47,636 autoreload 22 130075735874432 File /usr/local/lib/python3.12/site-packages/rest_framework/utils/html.py first seen with mtime 1778606034.0
DEBUG 2026-05-13 20:20:47,636 autoreload 22 130075735874432 File /app/core/models.py first seen with mtime 1778610576.9957352
DEBUG 2026-05-13 20:20:47,636 autoreload 22 130075735874432 File /usr/local/lib/python3.12/site-packages/django/db/models/sql/subqueries.py first seen with mtime 1778606031.0
DEBUG 2026-05-13 20:20:47,637 autoreload 22 130075735874432 File /usr/local/lib/python3.12/site-packages/django/db/backends/__init__.py first seen with mtime 1778606031.0
DEBUG 2026-05-13 20:20:47,637 autoreload 22 130075735874432 File /usr/local/lib/python3.12/site-packages/django/utils/termcolors.py first seen with mtime 1778606031.0
DEBUG 2026-05-13 20:20:47,637 autoreload 22 130075735874432 File /usr/local/lib/python3.12/site-packages/rest_framework/schemas/inspectors.py first seen with mtime 1778606034.0
DEBUG 2026-05-13 20:20:47,637 autoreload 22 130075735874432 File /usr/local/lib/python3.12/site-packages/django/core/management/base.py first seen with mtime 1778606031.0
DEBUG 2026-05-13 20:20:47,638 autoreload 22 130075735874432 File /usr/local/lib/python3.12/site-packages/django/views/decorators/csrf.py first seen with mtime 1778606031.0
DEBUG 2026-05-13 20:20:47,638 autoreload 22 130075735874432 File /usr/local/lib/python3.12/site-packages/django/contrib/auth/forms.py first seen with mtime 1778606030.0
DEBUG 2026-05-13 20:20:47,638 autoreload 22 130075735874432 File /usr/local/lib/python3.12/site-packages/rest_framework/decorators.py first seen with mtime 1778606034.0
DEBUG 2026-05-13 20:20:47,638 autoreload 22 130075735874432 File /usr/local/lib/python3.12/site-packages/django/core/exceptions.py first seen with mtime 1778606031.0
DEBUG 2026-05-13 20:20:47,638 autoreload 22 130075735874432 File /usr/local/lib/python3.12/contextvars.py first seen with mtime 1771962454.0
DEBUG 2026-05-13 20:20:47,639 autoreload 22 130075735874432 File /usr/local/lib/python3.12/site-packages/rest_framework/utils/urls.py first seen with mtime 1778606034.0
DEBUG 2026-05-13 20:20:47,639 autoreload 22 130075735874432 File /usr/local/lib/python3.12/asyncio/mixins.py first seen with mtime 1771962454.0
DEBUG 2026-05-13 20:20:47,639 autoreload 22 130075735874432 File /usr/local/lib/python3.12/site-packages/django/contrib/admin/filters.py first seen with mtime 1778606030.0
DEBUG 2026-05-13 20:20:47,639 autoreload 22 130075735874432 File /app/core/permissions.py first seen with mtime 1778610576.996735
DEBUG 2026-05-13 20:20:47,639 autoreload 22 130075735874432 File /usr/local/lib/python3.12/email/errors.py first seen with mtime 1771962454.0
DEBUG 2026-05-13 20:20:47,639 autoreload 22 130075735874432 File /usr/local/lib/python3.12/site-packages/django/db/backends/postgresql/introspection.py first seen with mtime 1778606031.0
DEBUG 2026-05-13 20:20:47,640 autoreload 22 130075735874432 File /usr/local/lib/python3.12/struct.py first seen with mtime 1771962454.0
DEBUG 2026-05-13 20:20:47,640 autoreload 22 130075735874432 File /usr/local/lib/python3.12/site-packages/rest_framework/schemas/views.py first seen with mtime 1778606034.0
DEBUG 2026-05-13 20:20:47,640 autoreload 22 130075735874432 File /usr/local/lib/python3.12/site-packages/django/core/files/move.py first seen with mtime 1778606031.0
DEBUG 2026-05-13 20:20:47,640 autoreload 22 130075735874432 File /usr/local/lib/python3.12/token.py first seen with mtime 1771962454.0
DEBUG 2026-05-13 20:20:47,640 autoreload 22 130075735874432 File /usr/local/lib/python3.12/site-packages/django/contrib/auth/middleware.py first seen with mtime 1778606030.0
DEBUG 2026-05-13 20:20:47,641 autoreload 22 130075735874432 File /usr/local/lib/python3.12/lzma.py first seen with mtime 1771962454.0
DEBUG 2026-05-13 20:20:47,641 autoreload 22 130075735874432 File /usr/local/lib/python3.12/asyncio/streams.py first seen with mtime 1771962454.0
DEBUG 2026-05-13 20:20:47,641 autoreload 22 130075735874432 File /usr/local/lib/python3.12/site-packages/django/db/migrations/operations/special.py first seen with mtime 1778606031.0
DEBUG 2026-05-13 20:20:47,641 autoreload 22 130075735874432 File /usr/local/lib/python3.12/site-packages/django/contrib/staticfiles/management/commands/runserver.py first seen with mtime 1778606031.0
DEBUG 2026-05-13 20:20:47,641 autoreload 22 130075735874432 File /usr/local/lib/python3.12/asyncio/trsock.py first seen with mtime 1771962454.0
DEBUG 2026-05-13 20:20:47,642 autoreload 22 130075735874432 File /usr/local/lib/python3.12/site-packages/django/db/models/fields/proxy.py first seen with mtime 1778606031.0
DEBUG 2026-05-13 20:20:47,642 autoreload 22 130075735874432 File /usr/local/lib/python3.12/site-packages/psycopg2/sql.py first seen with mtime 1778606029.0
DEBUG 2026-05-13 20:20:47,642 autoreload 22 130075735874432 File /usr/local/lib/python3.12/site-packages/django/forms/fields.py first seen with mtime 1778606031.0
DEBUG 2026-05-13 20:20:47,642 autoreload 22 130075735874432 File /usr/local/lib/python3.12/ast.py first seen with mtime 1771962454.0
DEBUG 2026-05-13 20:20:47,642 autoreload 22 130075735874432 File /usr/local/lib/python3.12/site-packages/django/db/migrations/graph.py first seen with mtime 1778606031.0
DEBUG 2026-05-13 20:20:47,643 autoreload 22 130075735874432 File /usr/local/lib/python3.12/asyncio/coroutines.py first seen with mtime 1771962454.0
DEBUG 2026-05-13 20:20:47,643 autoreload 22 130075735874432 File /usr/local/lib/python3.12/asyncio/exceptions.py first seen with mtime 1771962454.0
DEBUG 2026-05-13 20:20:47,643 autoreload 22 130075735874432 File /usr/local/lib/python3.12/site-packages/django/contrib/staticfiles/finders.py first seen with mtime 1778606031.0
DEBUG 2026-05-13 20:20:47,643 autoreload 22 130075735874432 File /usr/local/lib/python3.12/site-packages/django/views/decorators/common.py first seen with mtime 1778606031.0
DEBUG 2026-05-13 20:20:47,644 autoreload 22 130075735874432 File /usr/local/lib/python3.12/lib-dynload/_pickle.cpython-312-x86_64-linux-gnu.so first seen with mtime 1771962460.0
DEBUG 2026-05-13 20:20:47,644 autoreload 22 130075735874432 File /usr/local/lib/python3.12/site-packages/django/utils/deconstruct.py first seen with mtime 1778606031.0
DEBUG 2026-05-13 20:20:47,644 autoreload 22 130075735874432 File /usr/local/lib/python3.12/email/generator.py first seen with mtime 1771962454.0
DEBUG 2026-05-13 20:20:47,644 autoreload 22 130075735874432 File /usr/local/lib/python3.12/site-packages/django/core/management/__init__.py first seen with mtime 1778606031.0
DEBUG 2026-05-13 20:20:47,645 autoreload 22 130075735874432 File /usr/local/lib/python3.12/site-packages/django/contrib/admin/actions.py first seen with mtime 1778606030.0
DEBUG 2026-05-13 20:20:47,645 autoreload 22 130075735874432 File /usr/local/lib/python3.12/site-packages/django/db/migrations/operations/base.py first seen with mtime 1778606031.0
DEBUG 2026-05-13 20:20:47,645 autoreload 22 130075735874432 File /usr/local/lib/python3.12/site-packages/django/contrib/admin/templatetags/__init__.py first seen with mtime 1778606030.0
DEBUG 2026-05-13 20:20:47,646 autoreload 22 130075735874432 File /usr/local/lib/python3.12/site-packages/django/templatetags/i18n.py first seen with mtime 1778606031.0
DEBUG 2026-05-13 20:20:47,646 autoreload 22 130075735874432 File /usr/local/lib/python3.12/site-packages/django/contrib/admindocs/utils.py first seen with mtime 1778606030.0
DEBUG 2026-05-13 20:20:47,646 autoreload 22 130075735874432 File /usr/local/lib/python3.12/site-packages/django/contrib/admindocs/__init__.py first seen with mtime 1778606030.0
DEBUG 2026-05-13 20:20:47,646 autoreload 22 130075735874432 File /usr/local/lib/python3.12/site-packages/django/db/models/base.py first seen with mtime 1778606031.0
DEBUG 2026-05-13 20:20:47,647 autoreload 22 130075735874432 File /usr/local/lib/python3.12/asyncio/selector_events.py first seen with mtime 1771962454.0
DEBUG 2026-05-13 20:20:47,647 autoreload 22 130075735874432 File /usr/local/lib/python3.12/site-packages/django/core/management/sql.py first seen with mtime 1778606031.0
DEBUG 2026-05-13 20:20:47,647 autoreload 22 130075735874432 File /usr/local/lib/python3.12/site-packages/django/template/loaders/base.py first seen with mtime 1778606031.0
DEBUG 2026-05-13 20:20:47,647 autoreload 22 130075735874432 File /usr/local/lib/python3.12/wsgiref/headers.py first seen with mtime 1771962454.0
DEBUG 2026-05-13 20:20:47,648 autoreload 22 130075735874432 File /usr/local/lib/python3.12/site-packages/django/contrib/admin/widgets.py first seen with mtime 1778606030.0
DEBUG 2026-05-13 20:20:47,648 autoreload 22 130075735874432 File /usr/local/lib/python3.12/site-packages/django/forms/widgets.py first seen with mtime 1778606031.0
DEBUG 2026-05-13 20:20:47,648 autoreload 22 130075735874432 File /usr/local/lib/python3.12/site-packages/rest_framework/renderers.py first seen with mtime 1778606034.0
DEBUG 2026-05-13 20:20:47,648 autoreload 22 130075735874432 File /usr/local/lib/python3.12/site-packages/django/contrib/contenttypes/forms.py first seen with mtime 1778606030.0
DEBUG 2026-05-13 20:20:47,648 autoreload 22 130075735874432 File /usr/local/lib/python3.12/site-packages/django/core/checks/security/base.py first seen with mtime 1778606031.0
DEBUG 2026-05-13 20:20:47,648 autoreload 22 130075735874432 File /usr/local/lib/python3.12/decimal.py first seen with mtime 1771962454.0
DEBUG 2026-05-13 20:20:47,649 autoreload 22 130075735874432 File /usr/local/lib/python3.12/site-packages/django/views/generic/list.py first seen with mtime 1778606031.0
DEBUG 2026-05-13 20:20:47,649 autoreload 22 130075735874432 File /usr/local/lib/python3.12/site-packages/django/contrib/postgres/fields/__init__.py first seen with mtime 1778606031.0
DEBUG 2026-05-13 20:20:47,649 autoreload 22 130075735874432 File /usr/local/lib/python3.12/site-packages/rest_framework/utils/model_meta.py first seen with mtime 1778606034.0
DEBUG 2026-05-13 20:20:47,649 autoreload 22 130075735874432 File /usr/local/lib/python3.12/site-packages/django/utils/encoding.py first seen with mtime 1778606031.0
DEBUG 2026-05-13 20:20:47,649 autoreload 22 130075735874432 File /usr/local/lib/python3.12/asyncio/queues.py first seen with mtime 1771962454.0
DEBUG 2026-05-13 20:20:47,649 autoreload 22 130075735874432 File /usr/local/lib/python3.12/html/__init__.py first seen with mtime 1771962454.0
DEBUG 2026-05-13 20:20:47,649 autoreload 22 130075735874432 File /usr/local/lib/python3.12/site-packages/rest_framework/mixins.py first seen with mtime 1778606034.0
DEBUG 2026-05-13 20:20:47,650 autoreload 22 130075735874432 File /usr/local/lib/python3.12/site-packages/django/core/cache/__init__.py first seen with mtime 1778606031.0
DEBUG 2026-05-13 20:20:47,650 autoreload 22 130075735874432 File /usr/local/lib/python3.12/site-packages/rest_framework/request.py first seen with mtime 1778606034.0
DEBUG 2026-05-13 20:20:47,650 autoreload 22 130075735874432 File /usr/local/lib/python3.12/site-packages/django/contrib/admin/options.py first seen with mtime 1778606030.0
DEBUG 2026-05-13 20:20:47,650 autoreload 22 130075735874432 File /usr/local/lib/python3.12/site-packages/rest_framework/views.py first seen with mtime 1778606034.0
DEBUG 2026-05-13 20:20:47,650 autoreload 22 130075735874432 File /usr/local/lib/python3.12/site-packages/django/http/request.py first seen with mtime 1778606031.0
DEBUG 2026-05-13 20:20:47,650 autoreload 22 130075735874432 File /usr/local/lib/python3.12/site-packages/django/db/models/manager.py first seen with mtime 1778606031.0
DEBUG 2026-05-13 20:20:47,650 autoreload 22 130075735874432 File /usr/local/lib/python3.12/site-packages/django/utils/asyncio.py first seen with mtime 1778606031.0
DEBUG 2026-05-13 20:20:47,651 autoreload 22 130075735874432 File /usr/local/lib/python3.12/asyncio/constants.py first seen with mtime 1771962454.0
DEBUG 2026-05-13 20:20:47,651 autoreload 22 130075735874432 File /usr/local/lib/python3.12/site-packages/django/db/models/aggregates.py first seen with mtime 1778606031.0
DEBUG 2026-05-13 20:20:47,651 autoreload 22 130075735874432 File /app/users/serializers.py first seen with mtime 1778610577.0027351
DEBUG 2026-05-13 20:20:47,651 autoreload 22 130075735874432 File /usr/local/lib/python3.12/site-packages/django/contrib/auth/decorators.py first seen with mtime 1778606030.0
DEBUG 2026-05-13 20:20:47,651 autoreload 22 130075735874432 File /usr/local/lib/python3.12/asyncio/staggered.py first seen with mtime 1771962454.0
DEBUG 2026-05-13 20:20:47,651 autoreload 22 130075735874432 File /app/core/apps.py first seen with mtime 1778514703.9415412
DEBUG 2026-05-13 20:20:47,652 autoreload 22 130075735874432 File /usr/local/lib/python3.12/site-packages/django/contrib/sessions/models.py first seen with mtime 1778606031.0
DEBUG 2026-05-13 20:20:47,652 autoreload 22 130075735874432 File /usr/local/lib/python3.12/site-packages/asgiref/current_thread_executor.py first seen with mtime 1778606030.0
DEBUG 2026-05-13 20:20:47,652 autoreload 22 130075735874432 File /usr/local/lib/python3.12/site-packages/django/db/models/fields/__init__.py first seen with mtime 1778606031.0
DEBUG 2026-05-13 20:20:47,652 autoreload 22 130075735874432 File /usr/local/lib/python3.12/site-packages/django/core/cache/backends/base.py first seen with mtime 1778606031.0
DEBUG 2026-05-13 20:20:47,652 autoreload 22 130075735874432 File /usr/local/lib/python3.12/site-packages/django/db/models/functions/json.py first seen with mtime 1778606031.0
DEBUG 2026-05-13 20:20:47,652 autoreload 22 130075735874432 File /usr/local/lib/python3.12/site-packages/django/contrib/admin/helpers.py first seen with mtime 1778606030.0
DEBUG 2026-05-13 20:20:47,653 autoreload 22 130075735874432 File /usr/local/lib/python3.12/site-packages/django/db/migrations/operations/__init__.py first seen with mtime 1778606031.0
DEBUG 2026-05-13 20:20:47,653 autoreload 22 130075735874432 File /usr/local/lib/python3.12/site-packages/django/contrib/staticfiles/apps.py first seen with mtime 1778606031.0
DEBUG 2026-05-13 20:20:47,653 autoreload 22 130075735874432 File /usr/local/lib/python3.12/site-packages/django/middleware/common.py first seen with mtime 1778606031.0
DEBUG 2026-05-13 20:20:47,653 autoreload 22 130075735874432 File /usr/local/lib/python3.12/site-packages/django/core/checks/__init__.py first seen with mtime 1778606031.0
DEBUG 2026-05-13 20:20:47,653 autoreload 22 130075735874432 File /usr/local/lib/python3.12/getpass.py first seen with mtime 1771962454.0
DEBUG 2026-05-13 20:20:47,653 autoreload 22 130075735874432 File /usr/local/lib/python3.12/site-packages/django/db/migrations/executor.py first seen with mtime 1778606031.0
DEBUG 2026-05-13 20:20:47,654 autoreload 22 130075735874432 File /usr/local/lib/python3.12/asyncio/unix_events.py first seen with mtime 1771962454.0
DEBUG 2026-05-13 20:20:47,654 autoreload 22 130075735874432 File /usr/local/lib/python3.12/_markupbase.py first seen with mtime 1771962454.0
DEBUG 2026-05-13 20:20:47,654 autoreload 22 130075735874432 File /usr/local/lib/python3.12/site-packages/django/views/decorators/csp.py first seen with mtime 1778606031.0
DEBUG 2026-05-13 20:20:47,654 autoreload 22 130075735874432 File /usr/local/lib/python3.12/site-packages/django/db/backends/base/validation.py first seen with mtime 1778606031.0
DEBUG 2026-05-13 20:20:47,654 autoreload 22 130075735874432 File /usr/local/lib/python3.12/site-packages/django/contrib/postgres/fields/array.py first seen with mtime 1778606031.0
DEBUG 2026-05-13 20:20:47,654 autoreload 22 130075735874432 File /usr/local/lib/python3.12/site-packages/django/core/checks/security/sessions.py first seen with mtime 1778606031.0
DEBUG 2026-05-13 20:20:47,655 autoreload 22 130075735874432 File /usr/local/lib/python3.12/site-packages/django/contrib/staticfiles/management/commands/__init__.py first seen with mtime 1778606031.0
DEBUG 2026-05-13 20:20:47,655 autoreload 22 130075735874432 File /usr/local/lib/python3.12/site-packages/django/views/generic/edit.py first seen with mtime 1778606031.0
DEBUG 2026-05-13 20:20:47,655 autoreload 22 130075735874432 File /usr/local/lib/python3.12/difflib.py first seen with mtime 1771962454.0
DEBUG 2026-05-13 20:20:47,655 autoreload 22 130075735874432 File /usr/local/lib/python3.12/wsgiref/handlers.py first seen with mtime 1771962454.0
DEBUG 2026-05-13 20:20:47,655 autoreload 22 130075735874432 File /usr/local/lib/python3.12/site-packages/sqlparse/filters/reindent.py first seen with mtime 1778606029.0
DEBUG 2026-05-13 20:20:47,655 autoreload 22 130075735874432 File /usr/local/lib/python3.12/email/mime/nonmultipart.py first seen with mtime 1771962454.0
DEBUG 2026-05-13 20:20:47,655 autoreload 22 130075735874432 File /usr/local/lib/python3.12/site-packages/django/http/__init__.py first seen with mtime 1778606031.0
DEBUG 2026-05-13 20:20:47,655 autoreload 22 130075735874432 File /usr/local/lib/python3.12/copyreg.py first seen with mtime 1771962454.0
DEBUG 2026-05-13 20:20:47,656 autoreload 22 130075735874432 File /usr/local/lib/python3.12/site-packages/django/core/checks/compatibility/django_4_0.py first seen with mtime 1778606031.0
DEBUG 2026-05-13 20:20:47,656 autoreload 22 130075735874432 File /usr/local/lib/python3.12/site-packages/django/db/models/lookups.py first seen with mtime 1778606031.0
DEBUG 2026-05-13 20:20:47,656 autoreload 22 130075735874432 File /usr/local/lib/python3.12/site-packages/django/db/__init__.py first seen with mtime 1778606031.0
DEBUG 2026-05-13 20:20:47,656 autoreload 22 130075735874432 File /usr/local/lib/python3.12/site-packages/django/contrib/contenttypes/fields.py first seen with mtime 1778606030.0
DEBUG 2026-05-13 20:20:47,656 autoreload 22 130075735874432 File /usr/local/lib/python3.12/warnings.py first seen with mtime 1771962454.0
DEBUG 2026-05-13 20:20:47,656 autoreload 22 130075735874432 File /usr/local/lib/python3.12/site-packages/sqlparse/cli.py first seen with mtime 1778606029.0
DEBUG 2026-05-13 20:20:47,657 autoreload 22 130075735874432 File /usr/local/lib/python3.12/asyncio/timeouts.py first seen with mtime 1771962454.0
DEBUG 2026-05-13 20:20:47,657 autoreload 22 130075735874432 File /usr/local/lib/python3.12/site-packages/django/db/models/enums.py first seen with mtime 1778606031.0
DEBUG 2026-05-13 20:20:47,657 autoreload 22 130075735874432 File /usr/local/lib/python3.12/asyncio/taskgroups.py first seen with mtime 1771962454.0
DEBUG 2026-05-13 20:20:47,657 autoreload 22 130075735874432 File /usr/local/lib/python3.12/weakref.py first seen with mtime 1771962454.0
DEBUG 2026-05-13 20:20:47,657 autoreload 22 130075735874432 File /usr/local/lib/python3.12/email/charset.py first seen with mtime 1771962454.0
DEBUG 2026-05-13 20:20:47,657 autoreload 22 130075735874432 File /usr/local/lib/python3.12/site-packages/django/utils/autoreload.py first seen with mtime 1778606031.0
DEBUG 2026-05-13 20:20:47,657 autoreload 22 130075735874432 File /usr/local/lib/python3.12/site-packages/django/core/signing.py first seen with mtime 1778606031.0
DEBUG 2026-05-13 20:20:47,657 autoreload 22 130075735874432 File /usr/local/lib/python3.12/site-packages/django/contrib/postgres/validators.py first seen with mtime 1778606031.0
DEBUG 2026-05-13 20:20:47,658 autoreload 22 130075735874432 File /usr/local/lib/python3.12/site-packages/django/core/serializers/base.py first seen with mtime 1778606031.0
DEBUG 2026-05-13 20:20:47,658 autoreload 22 130075735874432 File /usr/local/lib/python3.12/site-packages/django/template/backends/__init__.py first seen with mtime 1778606031.0
DEBUG 2026-05-13 20:20:47,658 autoreload 22 130075735874432 File /usr/local/lib/python3.12/contextlib.py first seen with mtime 1771962454.0
DEBUG 2026-05-13 20:20:47,658 autoreload 22 130075735874432 File /usr/local/lib/python3.12/site-packages/django/db/models/functions/window.py first seen with mtime 1778606031.0
DEBUG 2026-05-13 20:20:47,658 autoreload 22 130075735874432 File /usr/local/lib/python3.12/site-packages/django/template/engine.py first seen with mtime 1778606031.0
DEBUG 2026-05-13 20:20:47,658 autoreload 22 130075735874432 File /usr/local/lib/python3.12/site-packages/django/db/backends/base/creation.py first seen with mtime 1778606031.0
DEBUG 2026-05-13 20:20:47,658 autoreload 22 130075735874432 File /usr/local/lib/python3.12/site-packages/django/utils/duration.py first seen with mtime 1778606031.0
DEBUG 2026-05-13 20:20:47,659 autoreload 22 130075735874432 File /usr/local/lib/python3.12/site-packages/rest_framework/schemas/utils.py first seen with mtime 1778606034.0
DEBUG 2026-05-13 20:20:47,659 autoreload 22 130075735874432 File /usr/local/lib/python3.12/mimetypes.py first seen with mtime 1771962454.0
DEBUG 2026-05-13 20:20:47,659 autoreload 22 130075735874432 File /usr/local/lib/python3.12/site-packages/rest_framework/schemas/__init__.py first seen with mtime 1778606034.0
DEBUG 2026-05-13 20:20:47,659 autoreload 22 130075735874432 File /usr/local/lib/python3.12/site-packages/django/contrib/admin/views/__init__.py first seen with mtime 1778606030.0
DEBUG 2026-05-13 20:20:47,659 autoreload 22 130075735874432 File /usr/local/lib/python3.12/html/entities.py first seen with mtime 1771962454.0
DEBUG 2026-05-13 20:20:47,659 autoreload 22 130075735874432 File /usr/local/lib/python3.12/secrets.py first seen with mtime 1771962454.0
DEBUG 2026-05-13 20:20:47,659 autoreload 22 130075735874432 File /usr/local/lib/python3.12/site-packages/django/utils/dateparse.py first seen with mtime 1778606031.0
DEBUG 2026-05-13 20:20:47,659 autoreload 22 130075735874432 File /usr/local/lib/python3.12/site-packages/django/db/models/fields/reverse_related.py first seen with mtime 1778606031.0
DEBUG 2026-05-13 20:20:47,660 autoreload 22 130075735874432 File /usr/local/lib/python3.12/email/header.py first seen with mtime 1771962454.0
DEBUG 2026-05-13 20:20:47,660 autoreload 22 130075735874432 File /usr/local/lib/python3.12/lib-dynload/_ssl.cpython-312-x86_64-linux-gnu.so first seen with mtime 1771962460.0
DEBUG 2026-05-13 20:20:47,660 autoreload 22 130075735874432 File /usr/local/lib/python3.12/site-packages/django/contrib/sessions/middleware.py first seen with mtime 1778606031.0
DEBUG 2026-05-13 20:20:47,660 autoreload 22 130075735874432 File /usr/local/lib/python3.12/site-packages/django/db/models/expressions.py first seen with mtime 1778606031.0
DEBUG 2026-05-13 20:20:47,660 autoreload 22 130075735874432 File /usr/local/lib/python3.12/site-packages/django/core/checks/messages.py first seen with mtime 1778606031.0
DEBUG 2026-05-13 20:20:47,660 autoreload 22 130075735874432 File /usr/local/lib/python3.12/queue.py first seen with mtime 1771962454.0
DEBUG 2026-05-13 20:20:47,660 autoreload 22 130075735874432 File /usr/local/lib/python3.12/site-packages/django/contrib/postgres/fields/hstore.py first seen with mtime 1778606031.0
DEBUG 2026-05-13 20:20:47,661 autoreload 22 130075735874432 File /usr/local/lib/python3.12/email/mime/__init__.py first seen with mtime 1771962454.0
DEBUG 2026-05-13 20:20:47,661 autoreload 22 130075735874432 File /usr/local/lib/python3.12/site-packages/django/db/models/fields/related_lookups.py first seen with mtime 1778606031.0
DEBUG 2026-05-13 20:20:47,661 autoreload 22 130075735874432 File /usr/local/lib/python3.12/site-packages/django/core/mail/__init__.py first seen with mtime 1778606031.0
DEBUG 2026-05-13 20:20:47,661 autoreload 22 130075735874432 File /usr/local/lib/python3.12/site-packages/django/db/backends/base/schema.py first seen with mtime 1778606031.0
DEBUG 2026-05-13 20:20:47,661 autoreload 22 130075735874432 File /usr/local/lib/python3.12/site-packages/django/db/migrations/optimizer.py first seen with mtime 1778606031.0
DEBUG 2026-05-13 20:20:47,661 autoreload 22 130075735874432 File /usr/local/lib/python3.12/lib-dynload/_json.cpython-312-x86_64-linux-gnu.so first seen with mtime 1771962460.0
DEBUG 2026-05-13 20:20:47,661 autoreload 22 130075735874432 File /usr/local/lib/python3.12/lib-dynload/_heapq.cpython-312-x86_64-linux-gnu.so first seen with mtime 1771962460.0
DEBUG 2026-05-13 20:20:47,662 autoreload 22 130075735874432 File /usr/local/lib/python3.12/site-packages/corsheaders/checks.py first seen with mtime 1778606035.0
DEBUG 2026-05-13 20:20:47,662 autoreload 22 130075735874432 File /usr/local/lib/python3.12/site-packages/django/core/files/locks.py first seen with mtime 1778606031.0
DEBUG 2026-05-13 20:20:47,662 autoreload 22 130075735874432 File /usr/local/lib/python3.12/site-packages/django/db/models/deletion.py first seen with mtime 1778606031.0
DEBUG 2026-05-13 20:20:47,662 autoreload 22 130075735874432 File /usr/local/lib/python3.12/email/base64mime.py first seen with mtime 1771962454.0
DEBUG 2026-05-13 20:20:47,662 autoreload 22 130075735874432 File /usr/local/lib/python3.12/site-packages/django/db/backends/postgresql/base.py first seen with mtime 1778606031.0
DEBUG 2026-05-13 20:20:47,662 autoreload 22 130075735874432 File /usr/local/lib/python3.12/types.py first seen with mtime 1771962454.0
DEBUG 2026-05-13 20:20:47,662 autoreload 22 130075735874432 File /app/users/admin.py first seen with mtime 1778610577.0017352
DEBUG 2026-05-13 20:20:47,663 autoreload 22 130075735874432 File /usr/local/lib/python3.12/site-packages/psycopg2/extensions.py first seen with mtime 1778606029.0
DEBUG 2026-05-13 20:20:47,663 autoreload 22 130075735874432 File /usr/local/lib/python3.12/site-packages/django/db/migrations/operations/models.py first seen with mtime 1778606031.0
DEBUG 2026-05-13 20:20:47,663 autoreload 22 130075735874432 File /usr/local/lib/python3.12/site-packages/django/utils/module_loading.py first seen with mtime 1778606031.0
DEBUG 2026-05-13 20:20:47,663 autoreload 22 130075735874432 File /usr/local/lib/python3.12/json/encoder.py first seen with mtime 1771962454.0
DEBUG 2026-05-13 20:20:47,663 autoreload 22 130075735874432 File /usr/local/lib/python3.12/concurrent/__init__.py first seen with mtime 1771962454.0
DEBUG 2026-05-13 20:20:47,663 autoreload 22 130075735874432 File /usr/local/lib/python3.12/site-packages/django/db/backends/ddl_references.py first seen with mtime 1778606031.0
DEBUG 2026-05-13 20:20:47,664 autoreload 22 130075735874432 File /usr/local/lib/python3.12/site-packages/sqlparse/tokens.py first seen with mtime 1778606029.0
DEBUG 2026-05-13 20:20:47,664 autoreload 22 130075735874432 File /usr/local/lib/python3.12/site-packages/django/contrib/__init__.py first seen with mtime 1778606030.0
DEBUG 2026-05-13 20:20:47,664 autoreload 22 130075735874432 File /usr/local/lib/python3.12/site-packages/django/db/models/indexes.py first seen with mtime 1778606031.0
DEBUG 2026-05-13 20:20:47,664 autoreload 22 130075735874432 File /usr/local/lib/python3.12/site-packages/django/dispatch/__init__.py first seen with mtime 1778606031.0
DEBUG 2026-05-13 20:20:47,664 autoreload 22 130075735874432 File /usr/local/lib/python3.12/site-packages/django/contrib/messages/utils.py first seen with mtime 1778606031.0
DEBUG 2026-05-13 20:20:47,664 autoreload 22 130075735874432 File /usr/local/lib/python3.12/site-packages/django/contrib/postgres/__init__.py first seen with mtime 1778606031.0
DEBUG 2026-05-13 20:20:47,664 autoreload 22 130075735874432 File /usr/local/lib/python3.12/site-packages/rest_framework/checks.py first seen with mtime 1778606034.0
DEBUG 2026-05-13 20:20:47,665 autoreload 22 130075735874432 File /usr/local/lib/python3.12/site-packages/django/contrib/staticfiles/checks.py first seen with mtime 1778606031.0
DEBUG 2026-05-13 20:20:47,665 autoreload 22 130075735874432 File /usr/local/lib/python3.12/site-packages/django/utils/decorators.py first seen with mtime 1778606031.0
DEBUG 2026-05-13 20:20:47,665 autoreload 22 130075735874432 File /usr/local/lib/python3.12/site-packages/django/contrib/auth/backends.py first seen with mtime 1778606030.0
DEBUG 2026-05-13 20:20:47,665 autoreload 22 130075735874432 File /usr/local/lib/python3.12/re/_casefix.py first seen with mtime 1771962454.0
DEBUG 2026-05-13 20:20:47,665 autoreload 22 130075735874432 File /usr/local/lib/python3.12/site-packages/django/db/migrations/operations/fields.py first seen with mtime 1778606031.0
DEBUG 2026-05-13 20:20:47,665 autoreload 22 130075735874432 File /usr/local/lib/python3.12/subprocess.py first seen with mtime 1771962454.0
DEBUG 2026-05-13 20:20:47,665 autoreload 22 130075735874432 File /usr/local/lib/python3.12/site-packages/django/db/models/fields/generated.py first seen with mtime 1778606031.0
DEBUG 2026-05-13 20:20:47,666 autoreload 22 130075735874432 File /usr/local/lib/python3.12/email/message.py first seen with mtime 1771962454.0
DEBUG 2026-05-13 20:20:47,666 autoreload 22 130075735874432 File /usr/local/lib/python3.12/socket.py first seen with mtime 1771962454.0
DEBUG 2026-05-13 20:20:47,666 autoreload 22 130075735874432 File /usr/local/lib/python3.12/site-packages/sqlparse/filters/aligned_indent.py first seen with mtime 1778606029.0
DEBUG 2026-05-13 20:20:47,666 autoreload 22 130075735874432 File /usr/local/lib/python3.12/site-packages/django/views/csrf.py first seen with mtime 1778606031.0
DEBUG 2026-05-13 20:20:47,666 autoreload 22 130075735874432 File /usr/local/lib/python3.12/site-packages/django/core/checks/commands.py first seen with mtime 1778606031.0
DEBUG 2026-05-13 20:20:47,666 autoreload 22 130075735874432 File /usr/local/lib/python3.12/site-packages/django/core/files/storage/memory.py first seen with mtime 1778606031.0
DEBUG 2026-05-13 20:20:47,666 autoreload 22 130075735874432 File /usr/local/lib/python3.12/site-packages/django/utils/translation/__init__.py first seen with mtime 1778606031.0
DEBUG 2026-05-13 20:20:47,667 autoreload 22 130075735874432 File /usr/local/lib/python3.12/site-packages/django/contrib/admin/views/main.py first seen with mtime 1778606030.0
DEBUG 2026-05-13 20:20:47,667 autoreload 22 130075735874432 File /usr/local/lib/python3.12/site-packages/django/template/loaders/__init__.py first seen with mtime 1778606031.0
DEBUG 2026-05-13 20:20:47,667 autoreload 22 130075735874432 File /usr/local/lib/python3.12/concurrent/futures/thread.py first seen with mtime 1771962454.0
DEBUG 2026-05-13 20:20:47,667 autoreload 22 130075735874432 File /usr/local/lib/python3.12/site-packages/django/contrib/auth/base_user.py first seen with mtime 1778606030.0
DEBUG 2026-05-13 20:20:47,667 autoreload 22 130075735874432 File /usr/local/lib/python3.12/site-packages/django/contrib/humanize/templatetags/__init__.py first seen with mtime 1778606031.0
DEBUG 2026-05-13 20:20:47,667 autoreload 22 130075735874432 File /usr/local/lib/python3.12/asyncio/__init__.py first seen with mtime 1771962454.0
DEBUG 2026-05-13 20:20:47,667 autoreload 22 130075735874432 File /usr/local/lib/python3.12/site-packages/django/contrib/postgres/fields/ranges.py first seen with mtime 1778606031.0
DEBUG 2026-05-13 20:20:47,667 autoreload 22 130075735874432 File /usr/local/lib/python3.12/lib-dynload/binascii.cpython-312-x86_64-linux-gnu.so first seen with mtime 1771962460.0
DEBUG 2026-05-13 20:20:47,668 autoreload 22 130075735874432 File /usr/local/lib/python3.12/site-packages/django/contrib/admin/templatetags/base.py first seen with mtime 1778606030.0
DEBUG 2026-05-13 20:20:47,668 autoreload 22 130075735874432 File /usr/local/lib/python3.12/lib-dynload/_datetime.cpython-312-x86_64-linux-gnu.so first seen with mtime 1771962460.0
DEBUG 2026-05-13 20:20:47,668 autoreload 22 130075735874432 File /usr/local/lib/python3.12/site-packages/django/core/files/storage/filesystem.py first seen with mtime 1778606031.0
DEBUG 2026-05-13 20:20:47,668 autoreload 22 130075735874432 File /usr/local/lib/python3.12/site-packages/django/contrib/sites/requests.py first seen with mtime 1778606031.0
DEBUG 2026-05-13 20:20:47,668 autoreload 22 130075735874432 File /usr/local/lib/python3.12/site-packages/django/utils/html.py first seen with mtime 1778606031.0
DEBUG 2026-05-13 20:20:47,668 autoreload 22 130075735874432 File /usr/local/lib/python3.12/site-packages/sqlparse/exceptions.py first seen with mtime 1778606029.0
DEBUG 2026-05-13 20:20:47,669 autoreload 22 130075735874432 File /usr/local/lib/python3.12/site-packages/django/__init__.py first seen with mtime 1778606030.0
DEBUG 2026-05-13 20:20:47,669 autoreload 22 130075735874432 File /usr/local/lib/python3.12/ipaddress.py first seen with mtime 1771962454.0
DEBUG 2026-05-13 20:20:47,669 autoreload 22 130075735874432 File /usr/local/lib/python3.12/site-packages/django/db/models/fields/related.py first seen with mtime 1778606031.0
DEBUG 2026-05-13 20:20:47,669 autoreload 22 130075735874432 File /usr/local/lib/python3.12/site-packages/django/core/serializers/python.py first seen with mtime 1778606031.0
DEBUG 2026-05-13 20:20:47,669 autoreload 22 130075735874432 File /usr/local/lib/python3.12/site-packages/django/core/files/storage/base.py first seen with mtime 1778606031.0
DEBUG 2026-05-13 20:20:47,669 autoreload 22 130075735874432 File /usr/local/lib/python3.12/lib-dynload/_bz2.cpython-312-x86_64-linux-gnu.so first seen with mtime 1771962460.0
DEBUG 2026-05-13 20:20:47,669 autoreload 22 130075735874432 File /usr/local/lib/python3.12/site-packages/django/utils/text.py first seen with mtime 1778606031.0
DEBUG 2026-05-13 20:20:47,670 autoreload 22 130075735874432 File /usr/local/lib/python3.12/site-packages/django/contrib/postgres/search.py first seen with mtime 1778606031.0
DEBUG 2026-05-13 20:20:47,670 autoreload 22 130075735874432 File /usr/local/lib/python3.12/site-packages/django/db/backends/postgresql/schema.py first seen with mtime 1778606031.0
DEBUG 2026-05-13 20:20:47,670 autoreload 22 130075735874432 File /usr/local/lib/python3.12/site-packages/rest_framework/utils/breadcrumbs.py first seen with mtime 1778606034.0
DEBUG 2026-05-13 20:20:47,670 autoreload 22 130075735874432 File /usr/local/lib/python3.12/pprint.py first seen with mtime 1771962454.0
DEBUG 2026-05-13 20:20:47,670 autoreload 22 130075735874432 File /usr/local/lib/python3.12/site-packages/django/db/backends/postgresql/features.py first seen with mtime 1778606031.0
DEBUG 2026-05-13 20:20:47,670 autoreload 22 130075735874432 File /usr/local/lib/python3.12/site-packages/django/urls/converters.py first seen with mtime 1778606031.0
DEBUG 2026-05-13 20:20:47,670 autoreload 22 130075735874432 File /usr/local/lib/python3.12/dataclasses.py first seen with mtime 1771962454.0
DEBUG 2026-05-13 20:20:47,671 autoreload 22 130075735874432 File /usr/local/lib/python3.12/site-packages/django/db/models/fields/related_descriptors.py first seen with mtime 1778606031.0
DEBUG 2026-05-13 20:20:47,671 autoreload 22 130075735874432 File /usr/local/lib/python3.12/email/_header_value_parser.py first seen with mtime 1771962454.0
DEBUG 2026-05-13 20:20:47,671 autoreload 22 130075735874432 File /usr/local/lib/python3.12/site-packages/django/core/cache/utils.py first seen with mtime 1778606031.0
DEBUG 2026-05-13 20:20:47,671 autoreload 22 130075735874432 File /usr/local/lib/python3.12/textwrap.py first seen with mtime 1771962454.0
DEBUG 2026-05-13 20:20:47,671 autoreload 22 130075735874432 File /usr/local/lib/python3.12/site-packages/django/core/cache/backends/locmem.py first seen with mtime 1778606031.0
DEBUG 2026-05-13 20:20:47,671 autoreload 22 130075735874432 File /usr/local/lib/python3.12/site-packages/django/dispatch/dispatcher.py first seen with mtime 1778606031.0
DEBUG 2026-05-13 20:20:47,671 autoreload 22 130075735874432 File /usr/local/lib/python3.12/site-packages/django/core/management/commands/__init__.py first seen with mtime 1778606031.0
DEBUG 2026-05-13 20:20:47,672 autoreload 22 130075735874432 File /usr/local/lib/python3.12/site-packages/django/template/utils.py first seen with mtime 1778606031.0
DEBUG 2026-05-13 20:20:47,672 autoreload 22 130075735874432 File /app/users/views.py first seen with mtime 1778610491.2890766
DEBUG 2026-05-13 20:20:47,672 autoreload 22 130075735874432 File /app/notifications/__init__.py first seen with mtime 1778610576.9992359
DEBUG 2026-05-13 20:20:47,672 autoreload 22 130075735874432 File /usr/local/lib/python3.12/site-packages/django/db/migrations/exceptions.py first seen with mtime 1778606031.0
DEBUG 2026-05-13 20:20:47,672 autoreload 22 130075735874432 File /app/notifications/models.py first seen with mtime 1778610577.0015597
DEBUG 2026-05-13 20:20:47,672 autoreload 22 130075735874432 File /usr/local/lib/python3.12/site-packages/django/core/checks/security/csrf.py first seen with mtime 1778606031.0
DEBUG 2026-05-13 20:20:47,673 autoreload 22 130075735874432 File /usr/local/lib/python3.12/site-packages/django/template/response.py first seen with mtime 1778606031.0
DEBUG 2026-05-13 20:20:47,673 autoreload 22 130075735874432 File /usr/local/lib/python3.12/site-packages/django/apps/__init__.py first seen with mtime 1778606030.0
DEBUG 2026-05-13 20:20:47,673 autoreload 22 130075735874432 File /usr/local/lib/python3.12/site-packages/django/contrib/messages/constants.py first seen with mtime 1778606031.0
DEBUG 2026-05-13 20:20:47,673 autoreload 22 130075735874432 File /usr/local/lib/python3.12/site-packages/django/db/migrations/autodetector.py first seen with mtime 1778606031.0
DEBUG 2026-05-13 20:20:47,673 autoreload 22 130075735874432 File /usr/local/lib/python3.12/site-packages/django/views/generic/__init__.py first seen with mtime 1778606031.0
DEBUG 2026-05-13 20:20:47,674 autoreload 22 130075735874432 File /usr/local/lib/python3.12/site-packages/django/contrib/sessions/__init__.py first seen with mtime 1778606031.0
DEBUG 2026-05-13 20:20:47,674 autoreload 22 130075735874432 File /usr/local/lib/python3.12/site-packages/django/db/migrations/serializer.py first seen with mtime 1778606031.0
DEBUG 2026-05-13 20:20:47,674 autoreload 22 130075735874432 File /usr/local/lib/python3.12/site-packages/django/contrib/admin/utils.py first seen with mtime 1778606030.0
DEBUG 2026-05-13 20:20:47,674 autoreload 22 130075735874432 File /usr/local/lib/python3.12/site-packages/django/urls/exceptions.py first seen with mtime 1778606031.0
DEBUG 2026-05-13 20:20:47,674 autoreload 22 130075735874432 File /usr/local/lib/python3.12/asyncio/subprocess.py first seen with mtime 1771962454.0
DEBUG 2026-05-13 20:20:47,674 autoreload 22 130075735874432 File /usr/local/lib/python3.12/numbers.py first seen with mtime 1771962454.0
DEBUG 2026-05-13 20:20:47,674 autoreload 22 130075735874432 File /usr/local/lib/python3.12/encodings/__init__.py first seen with mtime 1771962454.0
DEBUG 2026-05-13 20:20:47,674 autoreload 22 130075735874432 File /usr/local/lib/python3.12/bz2.py first seen with mtime 1771962454.0
DEBUG 2026-05-13 20:20:47,675 autoreload 22 130075735874432 File /usr/local/lib/python3.12/site-packages/corsheaders/defaults.py first seen with mtime 1778606035.0
DEBUG 2026-05-13 20:20:47,675 autoreload 22 130075735874432 File /usr/local/lib/python3.12/site-packages/django/db/backends/utils.py first seen with mtime 1778606031.0
DEBUG 2026-05-13 20:20:47,675 autoreload 22 130075735874432 File /usr/local/lib/python3.12/encodings/aliases.py first seen with mtime 1771962454.0
DEBUG 2026-05-13 20:20:47,675 autoreload 22 130075735874432 File /usr/local/lib/python3.12/re/_compiler.py first seen with mtime 1771962454.0
DEBUG 2026-05-13 20:20:47,675 autoreload 22 130075735874432 File /usr/local/lib/python3.12/email/contentmanager.py first seen with mtime 1771962454.0
DEBUG 2026-05-13 20:20:47,675 autoreload 22 130075735874432 File /usr/local/lib/python3.12/email/headerregistry.py first seen with mtime 1771962454.0
DEBUG 2026-05-13 20:20:47,675 autoreload 22 130075735874432 File /usr/local/lib/python3.12/email/mime/multipart.py first seen with mtime 1771962454.0
DEBUG 2026-05-13 20:20:47,676 autoreload 22 130075735874432 File /usr/local/lib/python3.12/site-packages/django/contrib/admin/migrations/0002_logentry_remove_auto_add.py first seen with mtime 1778606030.0
DEBUG 2026-05-13 20:20:47,676 autoreload 22 130075735874432 File /usr/local/lib/python3.12/site-packages/django/db/models/fields/json.py first seen with mtime 1778606031.0
DEBUG 2026-05-13 20:20:47,676 autoreload 22 130075735874432 File /usr/local/lib/python3.12/keyword.py first seen with mtime 1771962454.0
DEBUG 2026-05-13 20:20:47,676 autoreload 22 130075735874432 File /usr/local/lib/python3.12/site-packages/django/contrib/contenttypes/management/__init__.py first seen with mtime 1778606030.0
DEBUG 2026-05-13 20:20:47,676 autoreload 22 130075735874432 File /usr/local/lib/python3.12/asyncio/format_helpers.py first seen with mtime 1771962454.0
DEBUG 2026-05-13 20:20:47,676 autoreload 22 130075735874432 File /usr/local/lib/python3.12/site-packages/django/contrib/contenttypes/apps.py first seen with mtime 1778606030.0
DEBUG 2026-05-13 20:20:47,676 autoreload 22 130075735874432 File /usr/local/lib/python3.12/site-packages/django/utils/http.py first seen with mtime 1778606031.0
DEBUG 2026-05-13 20:20:47,676 autoreload 22 130075735874432 File /usr/local/lib/python3.12/site-packages/django/contrib/humanize/apps.py first seen with mtime 1778606031.0
DEBUG 2026-05-13 20:20:47,677 autoreload 22 130075735874432 File /usr/local/lib/python3.12/re/_constants.py first seen with mtime 1771962454.0
DEBUG 2026-05-13 20:20:47,677 autoreload 22 130075735874432 File /usr/local/lib/python3.12/string.py first seen with mtime 1771962454.0
DEBUG 2026-05-13 20:20:47,677 autoreload 22 130075735874432 File /usr/local/lib/python3.12/site-packages/django/conf/global_settings.py first seen with mtime 1778606030.0
DEBUG 2026-05-13 20:20:47,677 autoreload 22 130075735874432 File /usr/local/lib/python3.12/site-packages/django/utils/functional.py first seen with mtime 1778606031.0
DEBUG 2026-05-13 20:20:47,677 autoreload 22 130075735874432 File /usr/local/lib/python3.12/urllib/response.py first seen with mtime 1771962454.0
DEBUG 2026-05-13 20:20:47,677 autoreload 22 130075735874432 File /usr/local/lib/python3.12/site-packages/django/core/handlers/base.py first seen with mtime 1778606031.0
DEBUG 2026-05-13 20:20:47,677 autoreload 22 130075735874432 File /usr/local/lib/python3.12/site-packages/django/forms/utils.py first seen with mtime 1778606031.0
DEBUG 2026-05-13 20:20:47,678 autoreload 22 130075735874432 File /usr/local/lib/python3.12/site-packages/rest_framework/fields.py first seen with mtime 1778606034.0
DEBUG 2026-05-13 20:20:47,678 autoreload 22 130075735874432 File /usr/local/lib/python3.12/site-packages/django/core/cache/backends/filebased.py first seen with mtime 1778606031.0
DEBUG 2026-05-13 20:20:47,678 autoreload 22 130075735874432 File /usr/local/lib/python3.12/opcode.py first seen with mtime 1771962454.0
DEBUG 2026-05-13 20:20:47,678 autoreload 22 130075735874432 File /usr/local/lib/python3.12/site-packages/sqlparse/engine/filter_stack.py first seen with mtime 1778606029.0
DEBUG 2026-05-13 20:20:47,678 autoreload 22 130075735874432 File /usr/local/lib/python3.12/site-packages/django/templatetags/__init__.py first seen with mtime 1778606031.0
DEBUG 2026-05-13 20:20:47,678 autoreload 22 130075735874432 File /usr/local/lib/python3.12/site-packages/django/db/models/sql/datastructures.py first seen with mtime 1778606031.0
DEBUG 2026-05-13 20:20:47,679 autoreload 22 130075735874432 File /usr/local/lib/python3.12/email/policy.py first seen with mtime 1771962454.0
DEBUG 2026-05-13 20:20:47,679 autoreload 22 130075735874432 File /usr/local/lib/python3.12/asyncio/base_futures.py first seen with mtime 1771962454.0
DEBUG 2026-05-13 20:20:47,679 autoreload 22 130075735874432 File /usr/local/lib/python3.12/asyncio/tasks.py first seen with mtime 1771962454.0
DEBUG 2026-05-13 20:20:47,679 autoreload 22 130075735874432 File /usr/local/lib/python3.12/pathlib.py first seen with mtime 1771962454.0
DEBUG 2026-05-13 20:20:47,679 autoreload 22 130075735874432 File /usr/local/lib/python3.12/site-packages/django/db/migrations/__init__.py first seen with mtime 1778606031.0
DEBUG 2026-05-13 20:20:47,680 autoreload 22 130075735874432 File /usr/local/lib/python3.12/http/cookies.py first seen with mtime 1771962454.0
DEBUG 2026-05-13 20:20:47,680 autoreload 22 130075735874432 File /usr/local/lib/python3.12/lib-dynload/fcntl.cpython-312-x86_64-linux-gnu.so first seen with mtime 1771962460.0
DEBUG 2026-05-13 20:20:47,680 autoreload 22 130075735874432 File /usr/local/lib/python3.12/lib-dynload/_contextvars.cpython-312-x86_64-linux-gnu.so first seen with mtime 1771962460.0
DEBUG 2026-05-13 20:20:47,680 autoreload 22 130075735874432 File /usr/local/lib/python3.12/site-packages/django/views/defaults.py first seen with mtime 1778606031.0
DEBUG 2026-05-13 20:20:47,680 autoreload 22 130075735874432 File /usr/local/lib/python3.12/site-packages/sqlparse/lexer.py first seen with mtime 1778606029.0
DEBUG 2026-05-13 20:20:47,680 autoreload 22 130075735874432 File /usr/local/lib/python3.12/site-packages/django/contrib/auth/hashers.py first seen with mtime 1778606030.0
DEBUG 2026-05-13 20:20:47,681 autoreload 22 130075735874432 File /usr/local/lib/python3.12/site-packages/django/template/defaulttags.py first seen with mtime 1778606031.0
DEBUG 2026-05-13 20:20:47,681 autoreload 22 130075735874432 File /usr/local/lib/python3.12/http/client.py first seen with mtime 1771962454.0
DEBUG 2026-05-13 20:20:47,681 autoreload 22 130075735874432 File /usr/local/lib/python3.12/dis.py first seen with mtime 1771962454.0
DEBUG 2026-05-13 20:20:47,681 autoreload 22 130075735874432 File /usr/local/lib/python3.12/site-packages/django/views/i18n.py first seen with mtime 1778606031.0
DEBUG 2026-05-13 20:20:47,681 autoreload 22 130075735874432 File /usr/local/lib/python3.12/site-packages/django/contrib/sites/shortcuts.py first seen with mtime 1778606031.0
DEBUG 2026-05-13 20:20:47,682 autoreload 22 130075735874432 File /usr/local/lib/python3.12/site-packages/django/contrib/messages/apps.py first seen with mtime 1778606031.0
DEBUG 2026-05-13 20:20:47,682 autoreload 22 130075735874432 File /usr/local/lib/python3.12/site-packages/django/contrib/admin/templatetags/admin_list.py first seen with mtime 1778606030.0
DEBUG 2026-05-13 20:20:47,682 autoreload 22 130075735874432 File /usr/local/lib/python3.12/site-packages/django/contrib/auth/__init__.py first seen with mtime 1778606030.0
DEBUG 2026-05-13 20:20:47,682 autoreload 22 130075735874432 File /usr/local/lib/python3.12/site-packages/sqlparse/__init__.py first seen with mtime 1778606029.0
DEBUG 2026-05-13 20:20:47,682 autoreload 22 130075735874432 File /app/users/apps.py first seen with mtime 1778610491.2880766
DEBUG 2026-05-13 20:20:47,683 autoreload 22 130075735874432 File /usr/local/lib/python3.12/site-packages/django/template/backends/base.py first seen with mtime 1778606031.0
DEBUG 2026-05-13 20:20:47,683 autoreload 22 130075735874432 File /usr/local/lib/python3.12/email/__init__.py first seen with mtime 1771962454.0
DEBUG 2026-05-13 20:20:47,683 autoreload 22 130075735874432 File /usr/local/lib/python3.12/site-packages/django/contrib/humanize/__init__.py first seen with mtime 1778606031.0
DEBUG 2026-05-13 20:20:47,683 autoreload 22 130075735874432 File /usr/local/lib/python3.12/email/utils.py first seen with mtime 1771962454.0
DEBUG 2026-05-13 20:20:47,683 autoreload 22 130075735874432 File /usr/local/lib/python3.12/asyncio/log.py first seen with mtime 1771962454.0
DEBUG 2026-05-13 20:20:47,684 autoreload 22 130075735874432 File /usr/local/lib/python3.12/site-packages/django/contrib/admin/sites.py first seen with mtime 1778606030.0
DEBUG 2026-05-13 20:20:47,684 autoreload 22 130075735874432 File /usr/local/lib/python3.12/lib-dynload/unicodedata.cpython-312-x86_64-linux-gnu.so first seen with mtime 1771962460.0
DEBUG 2026-05-13 20:20:47,684 autoreload 22 130075735874432 File /app/core/views.py first seen with mtime 1778610576.996735
DEBUG 2026-05-13 20:20:47,685 autoreload 22 130075735874432 File /usr/local/lib/python3.12/selectors.py first seen with mtime 1771962454.0
DEBUG 2026-05-13 20:20:47,686 autoreload 22 130075735874432 File /usr/local/lib/python3.12/site-packages/django/core/files/storage/__init__.py first seen with mtime 1778606031.0
DEBUG 2026-05-13 20:20:47,686 autoreload 22 130075735874432 File /usr/local/lib/python3.12/site-packages/django/contrib/sites/__init__.py first seen with mtime 1778606031.0
DEBUG 2026-05-13 20:20:47,686 autoreload 22 130075735874432 File /usr/local/lib/python3.12/tokenize.py first seen with mtime 1771962454.0
DEBUG 2026-05-13 20:20:47,686 autoreload 22 130075735874432 File /usr/local/lib/python3.12/site-packages/django/contrib/postgres/forms/array.py first seen with mtime 1778606031.0
DEBUG 2026-05-13 20:20:47,687 autoreload 22 130075735874432 File /usr/local/lib/python3.12/site-packages/django/contrib/admin/views/decorators.py first seen with mtime 1778606030.0
DEBUG 2026-05-13 20:20:47,687 autoreload 22 130075735874432 File /usr/local/lib/python3.12/site-packages/django/core/files/uploadhandler.py first seen with mtime 1778606031.0
DEBUG 2026-05-13 20:20:47,687 autoreload 22 130075735874432 File /usr/local/lib/python3.12/site-packages/django/middleware/clickjacking.py first seen with mtime 1778606031.0
DEBUG 2026-05-13 20:20:47,687 autoreload 22 130075735874432 File /usr/local/lib/python3.12/zoneinfo/_common.py first seen with mtime 1771962455.0
DEBUG 2026-05-13 20:20:47,687 autoreload 22 130075735874432 File /usr/local/lib/python3.12/site-packages/django/db/backends/postgresql/client.py first seen with mtime 1778606031.0
DEBUG 2026-05-13 20:20:47,687 autoreload 22 130075735874432 File /usr/local/lib/python3.12/site-packages/django/contrib/admin/__init__.py first seen with mtime 1778606030.0
DEBUG 2026-05-13 20:20:47,687 autoreload 22 130075735874432 File /app/config/__init__.py first seen with mtime 1778514686.510065
DEBUG 2026-05-13 20:20:47,687 autoreload 22 130075735874432 File /usr/local/lib/python3.12/site-packages/django/utils/translation/reloader.py first seen with mtime 1778606031.0
DEBUG 2026-05-13 20:20:47,688 autoreload 22 130075735874432 File /usr/local/lib/python3.12/email/encoders.py first seen with mtime 1771962454.0
DEBUG 2026-05-13 20:20:47,688 autoreload 22 130075735874432 File /usr/local/lib/python3.12/email/_policybase.py first seen with mtime 1771962454.0
DEBUG 2026-05-13 20:20:47,688 autoreload 22 130075735874432 File /usr/local/lib/python3.12/site-packages/django/views/decorators/__init__.py first seen with mtime 1778606031.0
DEBUG 2026-05-13 20:20:47,688 autoreload 22 130075735874432 File /usr/local/lib/python3.12/re/__init__.py first seen with mtime 1771962454.0
DEBUG 2026-05-13 20:20:47,688 autoreload 22 130075735874432 File /usr/local/lib/python3.12/site-packages/django/forms/formsets.py first seen with mtime 1778606031.0
DEBUG 2026-05-13 20:20:47,688 autoreload 22 130075735874432 File /usr/local/lib/python3.12/tempfile.py first seen with mtime 1771962454.0
DEBUG 2026-05-13 20:20:47,688 autoreload 22 130075735874432 File /usr/local/lib/python3.12/site-packages/django/contrib/staticfiles/__init__.py first seen with mtime 1778606031.0
DEBUG 2026-05-13 20:20:47,689 autoreload 22 130075735874432 File /usr/local/lib/python3.12/site-packages/django/http/cookie.py first seen with mtime 1778606031.0
DEBUG 2026-05-13 20:20:47,689 autoreload 22 130075735874432 File /usr/local/lib/python3.12/site-packages/django/views/static.py first seen with mtime 1778606031.0
DEBUG 2026-05-13 20:20:47,689 autoreload 22 130075735874432 File /usr/local/lib/python3.12/threading.py first seen with mtime 1771962454.0
DEBUG 2026-05-13 20:20:47,689 autoreload 22 130075735874432 File /usr/local/lib/python3.12/site-packages/rest_framework/schemas/generators.py first seen with mtime 1778606034.0
DEBUG 2026-05-13 20:20:47,689 autoreload 22 130075735874432 File /usr/local/lib/python3.12/site-packages/django/db/backends/signals.py first seen with mtime 1778606031.0
DEBUG 2026-05-13 20:20:47,689 autoreload 22 130075735874432 File /usr/local/lib/python3.12/site-packages/django/core/mail/utils.py first seen with mtime 1778606031.0
DEBUG 2026-05-13 20:20:47,689 autoreload 22 130075735874432 File /usr/local/lib/python3.12/site-packages/django/db/backends/base/features.py first seen with mtime 1778606031.0
DEBUG 2026-05-13 20:20:47,689 autoreload 22 130075735874432 File /usr/local/lib/python3.12/lib-dynload/_socket.cpython-312-x86_64-linux-gnu.so first seen with mtime 1771962460.0
DEBUG 2026-05-13 20:20:47,690 autoreload 22 130075735874432 File /usr/local/lib/python3.12/json/__init__.py first seen with mtime 1771962454.0
DEBUG 2026-05-13 20:20:47,690 autoreload 22 130075735874432 File /usr/local/lib/python3.12/site-packages/rest_framework/generics.py first seen with mtime 1778606034.0
DEBUG 2026-05-13 20:20:47,690 autoreload 22 130075735874432 File /usr/local/lib/python3.12/site-packages/django/contrib/sessions/backends/base.py first seen with mtime 1778606031.0
DEBUG 2026-05-13 20:20:47,690 autoreload 22 130075735874432 File /usr/local/lib/python3.12/site-packages/django/db/models/fields/files.py first seen with mtime 1778606031.0
DEBUG 2026-05-13 20:20:47,690 autoreload 22 130075735874432 File /usr/local/lib/python3.12/site-packages/django/views/generic/dates.py first seen with mtime 1778606031.0
DEBUG 2026-05-13 20:20:47,690 autoreload 22 130075735874432 File /usr/local/lib/python3.12/__future__.py first seen with mtime 1771962454.0
DEBUG 2026-05-13 20:20:47,690 autoreload 22 130075735874432 File /usr/local/lib/python3.12/site-packages/django/core/cache/backends/__init__.py first seen with mtime 1778606031.0
DEBUG 2026-05-13 20:20:47,691 autoreload 22 130075735874432 File /usr/local/lib/python3.12/site-packages/django/utils/regex_helper.py first seen with mtime 1778606031.0
DEBUG 2026-05-13 20:20:47,691 autoreload 22 130075735874432 File /usr/local/lib/python3.12/site-packages/django/contrib/admin/decorators.py first seen with mtime 1778606030.0
DEBUG 2026-05-13 20:20:47,691 autoreload 22 130075735874432 File /usr/local/lib/python3.12/email/_parseaddr.py first seen with mtime 1771962454.0
DEBUG 2026-05-13 20:20:47,691 autoreload 22 130075735874432 File /usr/local/lib/python3.12/concurrent/futures/__init__.py first seen with mtime 1771962454.0
DEBUG 2026-05-13 20:20:47,691 autoreload 22 130075735874432 File /usr/local/lib/python3.12/functools.py first seen with mtime 1771962454.0
DEBUG 2026-05-13 20:20:47,691 autoreload 22 130075735874432 File /usr/local/lib/python3.12/site-packages/django/db/models/functions/mixins.py first seen with mtime 1778606031.0
DEBUG 2026-05-13 20:20:47,692 autoreload 22 130075735874432 File /usr/local/lib/python3.12/site-packages/rest_framework/templatetags/__init__.py first seen with mtime 1778606034.0
DEBUG 2026-05-13 20:20:47,692 autoreload 22 130075735874432 File /usr/local/lib/python3.12/datetime.py first seen with mtime 1771962454.0
DEBUG 2026-05-13 20:20:47,692 autoreload 22 130075735874432 File /usr/local/lib/python3.12/site-packages/django/urls/resolvers.py first seen with mtime 1778606031.0
DEBUG 2026-05-13 20:20:47,692 autoreload 22 130075735874432 File /usr/local/lib/python3.12/site-packages/django/core/handlers/asgi.py first seen with mtime 1778606031.0
DEBUG 2026-05-13 20:20:47,692 autoreload 22 130075735874432 File /usr/local/lib/python3.12/bisect.py first seen with mtime 1771962454.0
DEBUG 2026-05-13 20:20:47,692 autoreload 22 130075735874432 File /usr/local/lib/python3.12/site-packages/django/contrib/sessions/backends/__init__.py first seen with mtime 1778606031.0
DEBUG 2026-05-13 20:20:47,692 autoreload 22 130075735874432 File /usr/local/lib/python3.12/site-packages/django/views/generic/detail.py first seen with mtime 1778606031.0
DEBUG 2026-05-13 20:20:47,693 autoreload 22 130075735874432 File /usr/local/lib/python3.12/platform.py first seen with mtime 1771962454.0
DEBUG 2026-05-13 20:20:47,693 autoreload 22 130075735874432 File /usr/local/lib/python3.12/site-packages/django/templatetags/static.py first seen with mtime 1778606031.0
DEBUG 2026-05-13 20:20:47,693 autoreload 22 130075735874432 File /usr/local/lib/python3.12/site-packages/django/middleware/cache.py first seen with mtime 1778606031.0
DEBUG 2026-05-13 20:20:47,693 autoreload 22 130075735874432 File /usr/local/lib/python3.12/site-packages/django/utils/timesince.py first seen with mtime 1778606031.0
DEBUG 2026-05-13 20:20:47,693 autoreload 22 130075735874432 File /usr/local/lib/python3.12/asyncio/runners.py first seen with mtime 1771962454.0
DEBUG 2026-05-13 20:20:47,693 autoreload 22 130075735874432 File /usr/local/lib/python3.12/site-packages/django/core/management/commands/makemigrations.py first seen with mtime 1778606031.0
DEBUG 2026-05-13 20:20:47,693 autoreload 22 130075735874432 File /usr/local/lib/python3.12/ssl.py first seen with mtime 1771962454.0
DEBUG 2026-05-13 20:20:47,693 autoreload 22 130075735874432 File /usr/local/lib/python3.12/site-packages/django/contrib/messages/storage/__init__.py first seen with mtime 1778606031.0
DEBUG 2026-05-13 20:20:47,694 autoreload 22 130075735874432 File /usr/local/lib/python3.12/site-packages/rest_framework/viewsets.py first seen with mtime 1778606034.0
DEBUG 2026-05-13 20:20:47,694 autoreload 22 130075735874432 File /usr/local/lib/python3.12/site-packages/django/contrib/auth/templatetags/auth.py first seen with mtime 1778606030.0
DEBUG 2026-05-13 20:20:47,694 autoreload 22 130075735874432 File /usr/local/lib/python3.12/site-packages/corsheaders/signals.py first seen with mtime 1778606035.0
DEBUG 2026-05-13 20:20:47,694 autoreload 22 130075735874432 File /usr/local/lib/python3.12/site-packages/django/core/checks/caches.py first seen with mtime 1778606031.0
DEBUG 2026-05-13 20:20:47,694 autoreload 22 130075735874432 File /usr/local/lib/python3.12/site-packages/django/contrib/contenttypes/admin.py first seen with mtime 1778606030.0
DEBUG 2026-05-13 20:20:47,694 autoreload 22 130075735874432 File /usr/local/lib/python3.12/site-packages/django/contrib/admin/apps.py first seen with mtime 1778606030.0
DEBUG 2026-05-13 20:20:47,695 autoreload 22 130075735874432 File /usr/local/lib/python3.12/site-packages/django/utils/choices.py first seen with mtime 1778606031.0
DEBUG 2026-05-13 20:20:47,695 autoreload 22 130075735874432 File /usr/local/lib/python3.12/pickle.py first seen with mtime 1771962454.0
DEBUG 2026-05-13 20:20:47,696 autoreload 22 130075735874432 File /usr/local/lib/python3.12/site-packages/django/utils/ipv6.py first seen with mtime 1778606031.0
DEBUG 2026-05-13 20:20:47,696 autoreload 22 130075735874432 File /usr/local/lib/python3.12/signal.py first seen with mtime 1771962454.0
DEBUG 2026-05-13 20:20:47,697 autoreload 22 130075735874432 File /usr/local/lib/python3.12/lib-dynload/_asyncio.cpython-312-x86_64-linux-gnu.so first seen with mtime 1771962460.0
DEBUG 2026-05-13 20:20:47,697 autoreload 22 130075735874432 File /usr/local/lib/python3.12/site-packages/django/db/models/utils.py first seen with mtime 1778606031.0
DEBUG 2026-05-13 20:20:47,697 autoreload 22 130075735874432 File /usr/local/lib/python3.12/site-packages/rest_framework/metadata.py first seen with mtime 1778606034.0
DEBUG 2026-05-13 20:20:47,697 autoreload 22 130075735874432 File /usr/local/lib/python3.12/urllib/error.py first seen with mtime 1771962454.0
DEBUG 2026-05-13 20:20:47,697 autoreload 22 130075735874432 File /usr/local/lib/python3.12/urllib/parse.py first seen with mtime 1771962454.0
DEBUG 2026-05-13 20:20:47,698 autoreload 22 130075735874432 File /usr/local/lib/python3.12/site-packages/django/core/validators.py first seen with mtime 1778606031.0
DEBUG 2026-05-13 20:20:47,698 autoreload 22 130075735874432 File /usr/local/lib/python3.12/site-packages/rest_framework/status.py first seen with mtime 1778606034.0
DEBUG 2026-05-13 20:20:47,698 autoreload 22 130075735874432 File /usr/local/lib/python3.12/_compression.py first seen with mtime 1771962454.0
DEBUG 2026-05-13 20:20:47,698 autoreload 22 130075735874432 File /usr/local/lib/python3.12/site-packages/django/utils/crypto.py first seen with mtime 1778606031.0
DEBUG 2026-05-13 20:20:47,698 autoreload 22 130075735874432 File /usr/local/lib/python3.12/site-packages/django/utils/timezone.py first seen with mtime 1778606031.0
DEBUG 2026-05-13 20:20:47,698 autoreload 22 130075735874432 File /usr/local/lib/python3.12/site-packages/django/db/backends/base/base.py first seen with mtime 1778606031.0
DEBUG 2026-05-13 20:20:47,699 autoreload 22 130075735874432 File /usr/local/lib/python3.12/site-packages/rest_framework/utils/__init__.py first seen with mtime 1778606034.0
DEBUG 2026-05-13 20:20:47,699 autoreload 22 130075735874432 File /usr/local/lib/python3.12/email/parser.py first seen with mtime 1771962454.0
DEBUG 2026-05-13 20:20:47,699 autoreload 22 130075735874432 File /usr/local/lib/python3.12/site-packages/django/contrib/messages/__init__.py first seen with mtime 1778606031.0
DEBUG 2026-05-13 20:20:47,699 autoreload 22 130075735874432 File /usr/local/lib/python3.12/site-packages/corsheaders/apps.py first seen with mtime 1778606035.0
DEBUG 2026-05-13 20:20:47,699 autoreload 22 130075735874432 File /usr/local/lib/python3.12/site-packages/asgiref/local.py first seen with mtime 1778606030.0
DEBUG 2026-05-13 20:20:47,699 autoreload 22 130075735874432 File /usr/local/lib/python3.12/site-packages/django/core/checks/compatibility/__init__.py first seen with mtime 1778606031.0
DEBUG 2026-05-13 20:20:47,700 autoreload 22 130075735874432 File /usr/local/lib/python3.12/site-packages/django/contrib/auth/tokens.py first seen with mtime 1778606030.0
DEBUG 2026-05-13 20:20:47,700 autoreload 22 130075735874432 File /usr/local/lib/python3.12/site-packages/django/utils/hashable.py first seen with mtime 1778606031.0
DEBUG 2026-05-13 20:20:47,700 autoreload 22 130075735874432 File /usr/local/lib/python3.12/site-packages/django/db/models/sql/constants.py first seen with mtime 1778606031.0
DEBUG 2026-05-13 20:20:47,700 autoreload 22 130075735874432 File /usr/local/lib/python3.12/site-packages/django/contrib/auth/signals.py first seen with mtime 1778606030.0
DEBUG 2026-05-13 20:20:47,700 autoreload 22 130075735874432 File /usr/local/lib/python3.12/site-packages/django/db/models/options.py first seen with mtime 1778606031.0
DEBUG 2026-05-13 20:20:47,700 autoreload 22 130075735874432 File /usr/local/lib/python3.12/json/decoder.py first seen with mtime 1771962454.0
DEBUG 2026-05-13 20:20:47,700 autoreload 22 130075735874432 File /usr/local/lib/python3.12/site-packages/django/contrib/admin/models.py first seen with mtime 1778606030.0
DEBUG 2026-05-13 20:20:47,701 autoreload 22 130075735874432 File /usr/local/lib/python3.12/site-packages/django/template/smartif.py first seen with mtime 1778606031.0
DEBUG 2026-05-13 20:20:47,701 autoreload 22 130075735874432 File /usr/local/lib/python3.12/site-packages/rest_framework/schemas/openapi.py first seen with mtime 1778606034.0
DEBUG 2026-05-13 20:20:47,701 autoreload 22 130075735874432 File /usr/local/lib/python3.12/site-packages/django/template/library.py first seen with mtime 1778606031.0
DEBUG 2026-05-13 20:20:47,701 autoreload 22 130075735874432 File /usr/local/lib/python3.12/site-packages/psycopg2/_json.py first seen with mtime 1778606029.0
DEBUG 2026-05-13 20:20:47,701 autoreload 22 130075735874432 File /usr/local/lib/python3.12/site-packages/django/contrib/auth/views.py first seen with mtime 1778606030.0
DEBUG 2026-05-13 20:20:47,701 autoreload 22 130075735874432 File /usr/local/lib/python3.12/site-packages/sqlparse/filters/right_margin.py first seen with mtime 1778606029.0
DEBUG 2026-05-13 20:20:47,702 autoreload 22 130075735874432 File /usr/local/lib/python3.12/site-packages/django/core/management/color.py first seen with mtime 1778606031.0
DEBUG 2026-05-13 20:20:47,702 autoreload 22 130075735874432 File /usr/local/lib/python3.12/site-packages/django/db/models/signals.py first seen with mtime 1778606031.0
DEBUG 2026-05-13 20:20:47,702 autoreload 22 130075735874432 File /usr/local/lib/python3.12/site-packages/asgiref/sync.py first seen with mtime 1778606030.0
DEBUG 2026-05-13 20:20:47,702 autoreload 22 130075735874432 File /usr/local/lib/python3.12/site-packages/django/template/loader.py first seen with mtime 1778606031.0
DEBUG 2026-05-13 20:20:47,702 autoreload 22 130075735874432 File /usr/local/lib/python3.12/lib-dynload/zlib.cpython-312-x86_64-linux-gnu.so first seen with mtime 1771962460.0
DEBUG 2026-05-13 20:20:47,702 autoreload 22 130075735874432 File /usr/local/lib/python3.12/site-packages/django/template/backends/django.py first seen with mtime 1778606031.0
DEBUG 2026-05-13 20:20:47,702 autoreload 22 130075735874432 File /usr/local/lib/python3.12/site-packages/django/core/serializers/json.py first seen with mtime 1778606031.0
DEBUG 2026-05-13 20:20:47,703 autoreload 22 130075735874432 File /usr/local/lib/python3.12/site-packages/django/core/checks/registry.py first seen with mtime 1778606031.0
DEBUG 2026-05-13 20:20:47,703 autoreload 22 130075735874432 File /usr/local/lib/python3.12/site-packages/django/contrib/postgres/utils.py first seen with mtime 1778606031.0
DEBUG 2026-05-13 20:20:47,703 autoreload 22 130075735874432 File /app/core/__init__.py first seen with mtime 1778514703.9415412
DEBUG 2026-05-13 20:20:47,703 autoreload 22 130075735874432 File /usr/local/lib/python3.12/site-packages/django/contrib/auth/apps.py first seen with mtime 1778606030.0
DEBUG 2026-05-13 20:20:47,703 autoreload 22 130075735874432 File /usr/local/lib/python3.12/site-packages/rest_framework/utils/serializer_helpers.py first seen with mtime 1778606034.0
DEBUG 2026-05-13 20:20:47,703 autoreload 22 130075735874432 File /usr/local/lib/python3.12/site-packages/rest_framework/utils/humanize_datetime.py first seen with mtime 1778606034.0
DEBUG 2026-05-13 20:20:47,704 autoreload 22 130075735874432 File /usr/local/lib/python3.12/site-packages/django/utils/formats.py first seen with mtime 1778606031.0
DEBUG 2026-05-13 20:20:47,704 autoreload 22 130075735874432 File /usr/local/lib/python3.12/site-packages/django/db/backends/base/client.py first seen with mtime 1778606031.0
DEBUG 2026-05-13 20:20:47,704 autoreload 22 130075735874432 File /usr/local/lib/python3.12/asyncio/events.py first seen with mtime 1771962454.0
DEBUG 2026-05-13 20:20:47,704 autoreload 22 130075735874432 File /usr/local/lib/python3.12/site-packages/sqlparse/filters/tokens.py first seen with mtime 1778606029.0
DEBUG 2026-05-13 20:20:47,704 autoreload 22 130075735874432 File /usr/local/lib/python3.12/site-packages/django/contrib/humanize/templatetags/humanize.py first seen with mtime 1778606031.0
DEBUG 2026-05-13 20:20:47,704 autoreload 22 130075735874432 File /usr/local/lib/python3.12/asyncio/futures.py first seen with mtime 1771962454.0
DEBUG 2026-05-13 20:20:47,704 autoreload 22 130075735874432 File /usr/local/lib/python3.12/site-packages/sqlparse/engine/statement_splitter.py first seen with mtime 1778606029.0
DEBUG 2026-05-13 20:20:47,705 autoreload 22 130075735874432 File /usr/local/lib/python3.12/site-packages/django/utils/lorem_ipsum.py first seen with mtime 1778606031.0
DEBUG 2026-05-13 20:20:47,705 autoreload 22 130075735874432 File /usr/local/lib/python3.12/site-packages/django/core/handlers/wsgi.py first seen with mtime 1778606031.0
DEBUG 2026-05-13 20:20:47,705 autoreload 22 130075735874432 File /usr/local/lib/python3.12/site-packages/rest_framework/utils/json.py first seen with mtime 1778606034.0
DEBUG 2026-05-13 20:20:47,705 autoreload 22 130075735874432 File /usr/local/lib/python3.12/site-packages/django/core/files/utils.py first seen with mtime 1778606031.0
DEBUG 2026-05-13 20:20:47,705 autoreload 22 130075735874432 File /usr/local/lib/python3.12/site-packages/django/contrib/staticfiles/utils.py first seen with mtime 1778606031.0
DEBUG 2026-05-13 20:20:47,705 autoreload 22 130075735874432 File /usr/local/lib/python3.12/site-packages/django/core/files/images.py first seen with mtime 1778606031.0
DEBUG 2026-05-13 20:20:47,705 autoreload 22 130075735874432 File /usr/local/lib/python3.12/site-packages/django/db/models/query.py first seen with mtime 1778606031.0
DEBUG 2026-05-13 20:20:47,705 autoreload 22 130075735874432 File /usr/local/lib/python3.12/fnmatch.py first seen with mtime 1771962454.0
DEBUG 2026-05-13 20:20:47,706 autoreload 22 130075735874432 File /usr/local/lib/python3.12/site-packages/django/contrib/admin/migrations/0001_initial.py first seen with mtime 1778606030.0
DEBUG 2026-05-13 20:20:47,706 autoreload 22 130075735874432 File /usr/local/lib/python3.12/json/scanner.py first seen with mtime 1771962454.0
DEBUG 2026-05-13 20:20:47,706 autoreload 22 130075735874432 File /usr/local/lib/python3.12/site-packages/rest_framework/parsers.py first seen with mtime 1778606034.0
DEBUG 2026-05-13 20:20:47,706 autoreload 22 130075735874432 File /usr/local/lib/python3.12/site-packages/django/contrib/postgres/forms/ranges.py first seen with mtime 1778606031.0
DEBUG 2026-05-13 20:20:47,706 autoreload 22 130075735874432 File /usr/local/lib/python3.12/calendar.py first seen with mtime 1771962454.0
DEBUG 2026-05-13 20:20:47,706 autoreload 22 130075735874432 File /usr/local/lib/python3.12/site-packages/django/template/exceptions.py first seen with mtime 1778606031.0
DEBUG 2026-05-13 20:20:47,706 autoreload 22 130075735874432 File /usr/local/lib/python3.12/site-packages/django/core/checks/urls.py first seen with mtime 1778606031.0
DEBUG 2026-05-13 20:20:47,707 autoreload 22 130075735874432 File /usr/local/lib/python3.12/site-packages/psycopg2/__init__.py first seen with mtime 1778606029.0
DEBUG 2026-05-13 20:20:47,707 autoreload 22 130075735874432 File /usr/local/lib/python3.12/_compat_pickle.py first seen with mtime 1771962454.0
DEBUG 2026-05-13 20:20:47,707 autoreload 22 130075735874432 File /usr/local/lib/python3.12/email/_encoded_words.py first seen with mtime 1771962454.0
DEBUG 2026-05-13 20:20:47,707 autoreload 22 130075735874432 File /usr/local/lib/python3.12/site-packages/rest_framework/relations.py first seen with mtime 1778606034.0
DEBUG 2026-05-13 20:20:47,707 autoreload 22 130075735874432 File /usr/local/lib/python3.12/site-packages/django/db/backends/base/introspection.py first seen with mtime 1778606031.0
DEBUG 2026-05-13 20:20:47,707 autoreload 22 130075735874432 File /usr/local/lib/python3.12/email/mime/text.py first seen with mtime 1771962454.0
DEBUG 2026-05-13 20:20:47,707 autoreload 22 130075735874432 File /usr/local/lib/python3.12/urllib/request.py first seen with mtime 1771962454.0
DEBUG 2026-05-13 20:20:47,707 autoreload 22 130075735874432 File /usr/local/lib/python3.12/site-packages/django/contrib/admin/exceptions.py first seen with mtime 1778606030.0
DEBUG 2026-05-13 20:20:47,708 autoreload 22 130075735874432 File /usr/local/lib/python3.12/glob.py first seen with mtime 1771962454.0
DEBUG 2026-05-13 20:20:47,708 autoreload 22 130075735874432 File /usr/local/lib/python3.12/hmac.py first seen with mtime 1771962454.0
DEBUG 2026-05-13 20:20:47,708 autoreload 22 130075735874432 File /usr/local/lib/python3.12/logging/handlers.py first seen with mtime 1771962454.0
DEBUG 2026-05-13 20:20:47,708 autoreload 22 130075735874432 File /usr/local/lib/python3.12/site-packages/rest_framework/exceptions.py first seen with mtime 1778606034.0
DEBUG 2026-05-13 20:20:47,708 autoreload 22 130075735874432 File /usr/local/lib/python3.12/site-packages/django/forms/renderers.py first seen with mtime 1778606031.0
DEBUG 2026-05-13 20:20:47,708 autoreload 22 130075735874432 File /usr/local/lib/python3.12/site-packages/django/utils/log.py first seen with mtime 1778606031.0
DEBUG 2026-05-13 20:20:47,708 autoreload 22 130075735874432 File /usr/local/lib/python3.12/site-packages/django/template/loaders/app_directories.py first seen with mtime 1778606031.0
DEBUG 2026-05-13 20:20:47,708 autoreload 22 130075735874432 File /usr/local/lib/python3.12/site-packages/django/utils/connection.py first seen with mtime 1778606031.0
DEBUG 2026-05-13 20:20:47,709 autoreload 22 130075735874432 File /usr/local/lib/python3.12/site-packages/django/contrib/postgres/fields/citext.py first seen with mtime 1778606031.0
DEBUG 2026-05-13 20:20:47,709 autoreload 22 130075735874432 File /usr/local/lib/python3.12/site-packages/django/db/migrations/migration.py first seen with mtime 1778606031.0
DEBUG 2026-05-13 20:20:47,709 autoreload 22 130075735874432 File /usr/local/lib/python3.12/site-packages/django/utils/cache.py first seen with mtime 1778606031.0
DEBUG 2026-05-13 20:20:47,709 autoreload 22 130075735874432 File /usr/local/lib/python3.12/hashlib.py first seen with mtime 1771962454.0
DEBUG 2026-05-13 20:20:47,709 autoreload 22 130075735874432 File /usr/local/lib/python3.12/site-packages/rest_framework/settings.py first seen with mtime 1778606034.0
DEBUG 2026-05-13 20:20:47,709 autoreload 22 130075735874432 File /usr/local/lib/python3.12/site-packages/django/contrib/auth/admin.py first seen with mtime 1778606030.0
DEBUG 2026-05-13 20:20:47,709 autoreload 22 130075735874432 File /usr/local/lib/python3.12/site-packages/django/forms/boundfield.py first seen with mtime 1778606031.0
DEBUG 2026-05-13 20:20:47,709 autoreload 22 130075735874432 File /usr/local/lib/python3.12/site-packages/django/core/servers/basehttp.py first seen with mtime 1778606031.0
DEBUG 2026-05-13 20:20:47,710 autoreload 22 130075735874432 File /usr/local/lib/python3.12/site-packages/django/core/checks/templates.py first seen with mtime 1778606031.0
DEBUG 2026-05-13 20:20:47,710 autoreload 22 130075735874432 File /usr/local/lib/python3.12/site-packages/rest_framework/utils/representation.py first seen with mtime 1778606034.0
DEBUG 2026-05-13 20:20:47,710 autoreload 22 130075735874432 File /usr/local/lib/python3.12/site-packages/django/template/loaders/filesystem.py first seen with mtime 1778606031.0
DEBUG 2026-05-13 20:20:47,710 autoreload 22 130075735874432 File /usr/local/lib/python3.12/site-packages/django/core/management/commands/migrate.py first seen with mtime 1778606031.0
DEBUG 2026-05-13 20:20:47,710 autoreload 22 130075735874432 File /usr/local/lib/python3.12/asyncio/sslproto.py first seen with mtime 1771962454.0
DEBUG 2026-05-13 20:20:47,710 autoreload 22 130075735874432 File /usr/local/lib/python3.12/lib-dynload/_uuid.cpython-312-x86_64-linux-gnu.so first seen with mtime 1771962460.0
DEBUG 2026-05-13 20:20:47,710 autoreload 22 130075735874432 File /usr/local/lib/python3.12/site-packages/psycopg2/_range.py first seen with mtime 1778606029.0
DEBUG 2026-05-13 20:20:47,711 autoreload 22 130075735874432 File /usr/local/lib/python3.12/site-packages/rest_framework/negotiation.py first seen with mtime 1778606034.0
DEBUG 2026-05-13 20:20:47,711 autoreload 22 130075735874432 File /app/manage.py first seen with mtime 1778514686.5087533
DEBUG 2026-05-13 20:20:47,711 autoreload 22 130075735874432 File /usr/local/lib/python3.12/site-packages/django/contrib/sessions/base_session.py first seen with mtime 1778606031.0
DEBUG 2026-05-13 20:20:47,711 autoreload 22 130075735874432 File /usr/local/lib/python3.12/inspect.py first seen with mtime 1771962454.0
DEBUG 2026-05-13 20:20:47,711 autoreload 22 130075735874432 File /usr/local/lib/python3.12/linecache.py first seen with mtime 1771962454.0
DEBUG 2026-05-13 20:20:47,711 autoreload 22 130075735874432 File /usr/local/lib/python3.12/site-packages/django/contrib/postgres/forms/__init__.py first seen with mtime 1778606031.0
DEBUG 2026-05-13 20:20:47,712 autoreload 22 130075735874432 File /usr/local/lib/python3.12/http/server.py first seen with mtime 1771962454.0
DEBUG 2026-05-13 20:20:47,712 autoreload 22 130075735874432 File /usr/local/lib/python3.12/urllib/__init__.py first seen with mtime 1771962454.0
DEBUG 2026-05-13 20:20:47,712 autoreload 22 130075735874432 File /usr/local/lib/python3.12/site-packages/django/db/models/functions/datetime.py first seen with mtime 1778606031.0
DEBUG 2026-05-13 20:20:47,713 autoreload 22 130075735874432 File /usr/local/lib/python3.12/site-packages/django/db/models/fields/composite.py first seen with mtime 1778606031.0
DEBUG 2026-05-13 20:20:47,713 autoreload 22 130075735874432 File /usr/local/lib/python3.12/site-packages/django/db/models/query_utils.py first seen with mtime 1778606031.0
DEBUG 2026-05-13 20:20:47,714 autoreload 22 130075735874432 File /usr/local/lib/python3.12/lib-dynload/_posixsubprocess.cpython-312-x86_64-linux-gnu.so first seen with mtime 1771962460.0
DEBUG 2026-05-13 20:20:47,714 autoreload 22 130075735874432 File /usr/local/lib/python3.12/site-packages/django/utils/safestring.py first seen with mtime 1778606031.0
DEBUG 2026-05-13 20:20:47,714 autoreload 22 130075735874432 File /usr/local/lib/python3.12/gzip.py first seen with mtime 1771962454.0
DEBUG 2026-05-13 20:20:47,714 autoreload 22 130075735874432 File /usr/local/lib/python3.12/uuid.py first seen with mtime 1771962454.0
DEBUG 2026-05-13 20:20:47,714 autoreload 22 130075735874432 File /usr/local/lib/python3.12/lib-dynload/select.cpython-312-x86_64-linux-gnu.so first seen with mtime 1771962460.0
DEBUG 2026-05-13 20:20:47,714 autoreload 22 130075735874432 File /usr/local/lib/python3.12/site-packages/django/db/migrations/utils.py first seen with mtime 1778606031.0
DEBUG 2026-05-13 20:20:47,715 autoreload 22 130075735874432 File /usr/local/lib/python3.12/importlib/_abc.py first seen with mtime 1771962454.0
DEBUG 2026-05-13 20:20:47,715 autoreload 22 130075735874432 File /usr/local/lib/python3.12/operator.py first seen with mtime 1771962454.0
DEBUG 2026-05-13 20:20:47,715 autoreload 22 130075735874432 File /usr/local/lib/python3.12/quopri.py first seen with mtime 1771962454.0
DEBUG 2026-05-13 20:20:47,715 autoreload 22 130075735874432 File /usr/local/lib/python3.12/site-packages/django/contrib/admin/templatetags/log.py first seen with mtime 1778606030.0
DEBUG 2026-05-13 20:20:47,715 autoreload 22 130075735874432 File /usr/local/lib/python3.12/site-packages/rest_framework/templatetags/rest_framework.py first seen with mtime 1778606034.0
DEBUG 2026-05-13 20:20:47,715 autoreload 22 130075735874432 File /usr/local/lib/python3.12/site-packages/django/contrib/admin/templatetags/admin_urls.py first seen with mtime 1778606030.0
DEBUG 2026-05-13 20:20:47,716 autoreload 22 130075735874432 File /usr/local/lib/python3.12/_sysconfigdata__linux_x86_64-linux-gnu.py first seen with mtime 1771962456.0
DEBUG 2026-05-13 20:20:47,716 autoreload 22 130075735874432 File /usr/local/lib/python3.12/site-packages/django/core/files/storage/mixins.py first seen with mtime 1778606031.0
DEBUG 2026-05-13 20:20:47,716 autoreload 22 130075735874432 File /usr/local/lib/python3.12/lib-dynload/_random.cpython-312-x86_64-linux-gnu.so first seen with mtime 1771962460.0
DEBUG 2026-05-13 20:20:47,716 autoreload 22 130075735874432 File /usr/local/lib/python3.12/graphlib.py first seen with mtime 1771962454.0
DEBUG 2026-05-13 20:20:47,717 autoreload 22 130075735874432 File /usr/local/lib/python3.12/locale.py first seen with mtime 1771962454.0
DEBUG 2026-05-13 20:20:47,717 autoreload 22 130075735874432 File /usr/local/lib/python3.12/site-packages/django/utils/__init__.py first seen with mtime 1778606031.0
DEBUG 2026-05-13 20:20:47,717 autoreload 22 130075735874432 File /usr/local/lib/python3.12/site-packages/django/utils/dateformat.py first seen with mtime 1778606031.0
DEBUG 2026-05-13 20:20:47,717 autoreload 22 130075735874432 File /usr/local/lib/python3.12/site-packages/rest_framework/pagination.py first seen with mtime 1778606034.0
DEBUG 2026-05-13 20:20:47,717 autoreload 22 130075735874432 File /usr/local/lib/python3.12/site-packages/django/core/checks/model_checks.py first seen with mtime 1778606031.0
DEBUG 2026-05-13 20:20:47,717 autoreload 22 130075735874432 File /usr/local/lib/python3.12/site-packages/django/db/models/sql/query.py first seen with mtime 1778606031.0
DEBUG 2026-05-13 20:20:47,717 autoreload 22 130075735874432 File /usr/local/lib/python3.12/site-packages/corsheaders/__init__.py first seen with mtime 1778606035.0
DEBUG 2026-05-13 20:20:47,718 autoreload 22 130075735874432 File /usr/local/lib/python3.12/collections/__init__.py first seen with mtime 1771962454.0
DEBUG 2026-05-13 20:20:47,718 autoreload 22 130075735874432 File /usr/local/lib/python3.12/zoneinfo/_tzpath.py first seen with mtime 1771962455.0
DEBUG 2026-05-13 20:20:47,718 autoreload 22 130075735874432 File /usr/local/lib/python3.12/site-packages/django/apps/registry.py first seen with mtime 1778606030.0
DEBUG 2026-05-13 20:20:47,718 autoreload 22 130075735874432 File /usr/local/lib/python3.12/site-packages/django/http/response.py first seen with mtime 1778606031.0
DEBUG 2026-05-13 20:20:47,718 autoreload 22 130075735874432 File /usr/local/lib/python3.12/site-packages/django/template/context.py first seen with mtime 1778606031.0
DEBUG 2026-05-13 20:20:47,718 autoreload 22 130075735874432 File /usr/local/lib/python3.12/typing.py first seen with mtime 1771962454.0
DEBUG 2026-05-13 20:20:47,718 autoreload 22 130075735874432 File /usr/local/lib/python3.12/lib-dynload/_sha2.cpython-312-x86_64-linux-gnu.so first seen with mtime 1771962460.0
DEBUG 2026-05-13 20:20:47,719 autoreload 22 130075735874432 File /usr/local/lib/python3.12/site-packages/django/middleware/security.py first seen with mtime 1778606031.0
DEBUG 2026-05-13 20:20:47,719 autoreload 22 130075735874432 File /usr/local/lib/python3.12/site-packages/sqlparse/keywords.py first seen with mtime 1778606029.0
DEBUG 2026-05-13 20:20:47,719 autoreload 22 130075735874432 File /usr/local/lib/python3.12/site-packages/django/contrib/postgres/lookups.py first seen with mtime 1778606031.0
DEBUG 2026-05-13 20:20:47,719 autoreload 22 130075735874432 File /usr/local/lib/python3.12/site-packages/django/db/models/functions/__init__.py first seen with mtime 1778606031.0
DEBUG 2026-05-13 20:20:47,719 autoreload 22 130075735874432 File /usr/local/lib/python3.12/logging/config.py first seen with mtime 1771962454.0
DEBUG 2026-05-13 20:20:47,719 autoreload 22 130075735874432 File /usr/local/lib/python3.12/logging/__init__.py first seen with mtime 1771962454.0
DEBUG 2026-05-13 20:20:47,719 autoreload 22 130075735874432 File /usr/local/lib/python3.12/site-packages/django/views/decorators/debug.py first seen with mtime 1778606031.0
DEBUG 2026-05-13 20:20:47,719 autoreload 22 130075735874432 File /usr/local/lib/python3.12/lib-dynload/_opcode.cpython-312-x86_64-linux-gnu.so first seen with mtime 1771962460.0
DEBUG 2026-05-13 20:20:47,720 autoreload 22 130075735874432 File /usr/local/lib/python3.12/site-packages/django/db/models/functions/comparison.py first seen with mtime 1778606031.0
DEBUG 2026-05-13 20:20:47,720 autoreload 22 130075735874432 File /usr/local/lib/python3.12/site-packages/django/contrib/contenttypes/__init__.py first seen with mtime 1778606030.0
DEBUG 2026-05-13 20:20:47,720 autoreload 22 130075735874432 File /usr/local/lib/python3.12/site-packages/django/contrib/staticfiles/views.py first seen with mtime 1778606031.0
DEBUG 2026-05-13 20:20:47,720 autoreload 22 130075735874432 File /usr/local/lib/python3.12/site-packages/rest_framework/reverse.py first seen with mtime 1778606034.0
DEBUG 2026-05-13 20:20:47,720 autoreload 22 130075735874432 File /usr/local/lib/python3.12/site-packages/django/core/checks/security/__init__.py first seen with mtime 1778606031.0
DEBUG 2026-05-13 20:20:47,720 autoreload 22 130075735874432 File /usr/local/lib/python3.12/site-packages/django/contrib/messages/storage/base.py first seen with mtime 1778606031.0
DEBUG 2026-05-13 20:20:47,720 autoreload 22 130075735874432 File /usr/local/lib/python3.12/site-packages/django/core/files/storage/handler.py first seen with mtime 1778606031.0
DEBUG 2026-05-13 20:20:47,720 autoreload 22 130075735874432 File /usr/local/lib/python3.12/site-packages/django/db/backends/postgresql/creation.py first seen with mtime 1778606031.0
DEBUG 2026-05-13 20:20:47,721 autoreload 22 130075735874432 File /usr/local/lib/python3.12/site-packages/django/forms/__init__.py first seen with mtime 1778606031.0
DEBUG 2026-05-13 20:20:47,721 autoreload 22 130075735874432 File /usr/local/lib/python3.12/site-packages/django/contrib/admin/migrations/0003_logentry_add_action_flag_choices.py first seen with mtime 1778606030.0
DEBUG 2026-05-13 20:20:47,721 autoreload 22 130075735874432 File /usr/local/lib/python3.12/site-packages/rest_framework/urls.py first seen with mtime 1778606034.0
DEBUG 2026-05-13 20:20:47,721 autoreload 22 130075735874432 File /usr/local/lib/python3.12/email/mime/message.py first seen with mtime 1771962454.0
DEBUG 2026-05-13 20:20:47,721 autoreload 22 130075735874432 File /usr/local/lib/python3.12/wsgiref/util.py first seen with mtime 1771962454.0
DEBUG 2026-05-13 20:20:47,721 autoreload 22 130075735874432 File /usr/local/lib/python3.12/site-packages/django/views/decorators/cache.py first seen with mtime 1778606031.0
DEBUG 2026-05-13 20:20:47,721 autoreload 22 130075735874432 File /usr/local/lib/python3.12/site-packages/django/contrib/auth/checks.py first seen with mtime 1778606030.0
DEBUG 2026-05-13 20:20:47,722 autoreload 22 130075735874432 File /usr/local/lib/python3.12/traceback.py first seen with mtime 1771962454.0
DEBUG 2026-05-13 20:20:47,722 autoreload 22 130075735874432 File /usr/local/lib/python3.12/site-packages/psycopg2/_ipaddress.py first seen with mtime 1778606029.0
DEBUG 2026-05-13 20:20:47,722 autoreload 22 130075735874432 File /usr/local/lib/python3.12/site-packages/rest_framework/apps.py first seen with mtime 1778606034.0
DEBUG 2026-05-13 20:20:47,722 autoreload 22 130075735874432 File /usr/local/lib/python3.12/site-packages/django/core/management/commands/runserver.py first seen with mtime 1778606031.0
DEBUG 2026-05-13 20:20:47,722 autoreload 22 130075735874432 File /usr/local/lib/python3.12/pkgutil.py first seen with mtime 1771962454.0
DEBUG 2026-05-13 20:20:47,722 autoreload 22 130075735874432 File /usr/local/lib/python3.12/re/_parser.py first seen with mtime 1771962454.0
DEBUG 2026-05-13 20:20:47,722 autoreload 22 130075735874432 File /usr/local/lib/python3.12/site-packages/django/templatetags/tz.py first seen with mtime 1778606031.0
DEBUG 2026-05-13 20:20:47,722 autoreload 22 130075735874432 File /usr/local/lib/python3.12/site-packages/django/db/models/constraints.py first seen with mtime 1778606031.0
DEBUG 2026-05-13 20:20:47,723 autoreload 22 130075735874432 File /usr/local/lib/python3.12/sysconfig.py first seen with mtime 1771962454.0
DEBUG 2026-05-13 20:20:47,723 autoreload 22 130075735874432 File /usr/local/lib/python3.12/site-packages/django/db/models/sql/compiler.py first seen with mtime 1778606031.0
DEBUG 2026-05-13 20:20:47,723 autoreload 22 130075735874432 File /usr/local/lib/python3.12/site-packages/sqlparse/engine/__init__.py first seen with mtime 1778606029.0
DEBUG 2026-05-13 20:20:47,723 autoreload 22 130075735874432 File /app/users/models.py first seen with mtime 1778610491.2889423
DEBUG 2026-05-13 20:20:47,723 autoreload 22 130075735874432 File /usr/local/lib/python3.12/site-packages/django/db/backends/postgresql/operations.py first seen with mtime 1778606031.0
DEBUG 2026-05-13 20:20:47,723 autoreload 22 130075735874432 File /usr/local/lib/python3.12/site-packages/django/template/autoreload.py first seen with mtime 1778606031.0
DEBUG 2026-05-13 20:20:47,723 autoreload 22 130075735874432 File /usr/local/lib/python3.12/site-packages/django/utils/_os.py first seen with mtime 1778606031.0
DEBUG 2026-05-13 20:20:47,723 autoreload 22 130075735874432 File /usr/local/lib/python3.12/reprlib.py first seen with mtime 1771962454.0
DEBUG 2026-05-13 20:20:47,724 autoreload 22 130075735874432 File /usr/local/lib/python3.12/site-packages/django/core/checks/async_checks.py first seen with mtime 1778606031.0
DEBUG 2026-05-13 20:20:47,724 autoreload 22 130075735874432 File /usr/local/lib/python3.12/email/feedparser.py first seen with mtime 1771962454.0
DEBUG 2026-05-13 20:20:47,724 autoreload 22 130075735874432 File /usr/local/lib/python3.12/site-packages/django/contrib/postgres/fields/jsonb.py first seen with mtime 1778606031.0
DEBUG 2026-05-13 20:20:47,724 autoreload 22 130075735874432 File /usr/local/lib/python3.12/site-packages/django/core/checks/files.py first seen with mtime 1778606031.0
DEBUG 2026-05-13 20:20:47,724 autoreload 22 130075735874432 File /usr/local/lib/python3.12/site-packages/django/shortcuts.py first seen with mtime 1778606030.0
DEBUG 2026-05-13 20:20:47,724 autoreload 22 130075735874432 File /usr/local/lib/python3.12/argparse.py first seen with mtime 1771962454.0
DEBUG 2026-05-13 20:20:47,724 autoreload 22 130075735874432 File /usr/local/lib/python3.12/site-packages/rest_framework/response.py first seen with mtime 1778606034.0
DEBUG 2026-05-13 20:20:47,724 autoreload 22 130075735874432 File /usr/local/lib/python3.12/site-packages/django/utils/datastructures.py first seen with mtime 1778606031.0
DEBUG 2026-05-13 20:20:47,725 autoreload 22 130075735874432 File /usr/local/lib/python3.12/importlib/__init__.py first seen with mtime 1771962454.0
DEBUG 2026-05-13 20:20:47,725 autoreload 22 130075735874432 File /usr/local/lib/python3.12/concurrent/futures/_base.py first seen with mtime 1771962454.0
DEBUG 2026-05-13 20:20:47,725 autoreload 22 130075735874432 File /usr/local/lib/python3.12/site-packages/django/template/loaders/cached.py first seen with mtime 1778606031.0
DEBUG 2026-05-13 20:20:47,725 autoreload 22 130075735874432 File /usr/local/lib/python3.12/site-packages/django/contrib/sessions/exceptions.py first seen with mtime 1778606031.0
DEBUG 2026-05-13 20:20:47,725 autoreload 22 130075735874432 File /usr/local/lib/python3.12/lib-dynload/_hashlib.cpython-312-x86_64-linux-gnu.so first seen with mtime 1771962460.0
DEBUG 2026-05-13 20:20:47,725 autoreload 22 130075735874432 File /usr/local/lib/python3.12/site-packages/django/contrib/sessions/apps.py first seen with mtime 1778606031.0
DEBUG 2026-05-13 20:20:47,725 autoreload 22 130075735874432 File /usr/local/lib/python3.12/_weakrefset.py first seen with mtime 1771962454.0
DEBUG 2026-05-13 20:20:47,725 autoreload 22 130075735874432 File /usr/local/lib/python3.12/site-packages/django/utils/inspect.py first seen with mtime 1778606031.0
DEBUG 2026-05-13 20:20:47,726 autoreload 22 130075735874432 File /usr/local/lib/python3.12/site-packages/django/contrib/staticfiles/handlers.py first seen with mtime 1778606031.0
DEBUG 2026-05-13 20:20:47,726 autoreload 22 130075735874432 File /usr/local/lib/python3.12/site-packages/django/contrib/messages/middleware.py first seen with mtime 1778606031.0
DEBUG 2026-05-13 20:20:47,726 autoreload 22 130075735874432 File /usr/local/lib/python3.12/site-packages/rest_framework/utils/field_mapping.py first seen with mtime 1778606034.0
DEBUG 2026-05-13 20:20:47,726 autoreload 22 130075735874432 File /usr/local/lib/python3.12/base64.py first seen with mtime 1771962454.0
DEBUG 2026-05-13 20:20:47,726 autoreload 22 130075735874432 File /usr/local/lib/python3.12/site-packages/rest_framework/utils/formatting.py first seen with mtime 1778606034.0
DEBUG 2026-05-13 20:20:47,726 autoreload 22 130075735874432 File /usr/local/lib/python3.12/site-packages/rest_framework/utils/timezone.py first seen with mtime 1778606034.0
DEBUG 2026-05-13 20:20:47,726 autoreload 22 130075735874432 File /usr/local/lib/python3.12/site-packages/django/core/files/uploadedfile.py first seen with mtime 1778606031.0
DEBUG 2026-05-13 20:20:47,727 autoreload 22 130075735874432 File /usr/local/lib/python3.12/email/mime/base.py first seen with mtime 1771962454.0
DEBUG 2026-05-13 20:20:47,727 autoreload 22 130075735874432 File /usr/local/lib/python3.12/site-packages/django/utils/version.py first seen with mtime 1778606031.0
DEBUG 2026-05-13 20:20:47,727 autoreload 22 130075735874432 File /usr/local/lib/python3.12/site-packages/django/core/serializers/__init__.py first seen with mtime 1778606031.0
DEBUG 2026-05-13 20:20:47,727 autoreload 22 130075735874432 File /usr/local/lib/python3.12/site-packages/django/db/models/functions/text.py first seen with mtime 1778606031.0
DEBUG 2026-05-13 20:20:47,727 autoreload 22 130075735874432 File /usr/local/lib/python3.12/heapq.py first seen with mtime 1771962454.0
DEBUG 2026-05-13 20:20:47,727 autoreload 22 130075735874432 File /usr/local/lib/python3.12/site-packages/django/contrib/auth/password_validation.py first seen with mtime 1778606030.0
DEBUG 2026-05-13 20:20:47,727 autoreload 22 130075735874432 File /usr/local/lib/python3.12/site-packages/django/templatetags/l10n.py first seen with mtime 1778606031.0
DEBUG 2026-05-13 20:20:47,727 autoreload 22 130075735874432 File /usr/local/lib/python3.12/site-packages/django/middleware/__init__.py first seen with mtime 1778606031.0
DEBUG 2026-05-13 20:20:47,728 autoreload 22 130075735874432 File /usr/local/lib/python3.12/site-packages/django/contrib/auth/validators.py first seen with mtime 1778606030.0
DEBUG 2026-05-13 20:20:47,728 autoreload 22 130075735874432 File /usr/local/lib/python3.12/site-packages/sqlparse/sql.py first seen with mtime 1778606029.0
DEBUG 2026-05-13 20:20:47,728 autoreload 22 130075735874432 File /usr/local/lib/python3.12/gettext.py first seen with mtime 1771962454.0
DEBUG 2026-05-13 20:20:47,728 autoreload 22 130075735874432 File /usr/local/lib/python3.12/asyncio/locks.py first seen with mtime 1771962454.0
DEBUG 2026-05-13 20:20:47,728 autoreload 22 130075735874432 File /usr/local/lib/python3.12/site-packages/django/core/signals.py first seen with mtime 1778606031.0
DEBUG 2026-05-13 20:20:47,729 autoreload 22 130075735874432 File /usr/local/lib/python3.12/site-packages/django/contrib/admin/migrations/__init__.py first seen with mtime 1778606030.0
DEBUG 2026-05-13 20:20:47,729 autoreload 22 130075735874432 File /usr/local/lib/python3.12/site-packages/django/contrib/auth/management/__init__.py first seen with mtime 1778606030.0
DEBUG 2026-05-13 20:20:47,729 autoreload 22 130075735874432 File /usr/local/lib/python3.12/site-packages/django/conf/urls/__init__.py first seen with mtime 1778606030.0
DEBUG 2026-05-13 20:20:47,729 autoreload 22 130075735874432 File /usr/local/lib/python3.12/site-packages/sqlparse/filters/others.py first seen with mtime 1778606029.0
DEBUG 2026-05-13 20:20:47,729 autoreload 22 130075735874432 File /app/notifications/serializers.py first seen with mtime 1778610577.0015597
DEBUG 2026-05-13 20:20:47,729 autoreload 22 130075735874432 File /usr/local/lib/python3.12/site-packages/django/apps/config.py first seen with mtime 1778606030.0
DEBUG 2026-05-13 20:20:47,730 autoreload 22 130075735874432 File /usr/local/lib/python3.12/site-packages/django/db/migrations/questioner.py first seen with mtime 1778606031.0
DEBUG 2026-05-13 20:20:47,730 autoreload 22 130075735874432 File /usr/local/lib/python3.12/wsgiref/simple_server.py first seen with mtime 1771962454.0
DEBUG 2026-05-13 20:20:47,730 autoreload 22 130075735874432 File /usr/local/lib/python3.12/enum.py first seen with mtime 1771962454.0
DEBUG 2026-05-13 20:20:47,730 autoreload 22 130075735874432 File /app/config/settings.py first seen with mtime 1778660768.8268216
DEBUG 2026-05-13 20:20:47,730 autoreload 22 130075735874432 File /usr/local/lib/python3.12/site-packages/django/contrib/auth/models.py first seen with mtime 1778606030.0
DEBUG 2026-05-13 20:20:47,730 autoreload 22 130075735874432 File /usr/local/lib/python3.12/site-packages/django/core/files/temp.py first seen with mtime 1778606031.0
DEBUG 2026-05-13 20:20:47,731 autoreload 22 130075735874432 File /usr/local/lib/python3.12/site-packages/rest_framework/authentication.py first seen with mtime 1778606034.0
DEBUG 2026-05-13 20:20:47,731 autoreload 22 130075735874432 File /usr/local/lib/python3.12/lib-dynload/array.cpython-312-x86_64-linux-gnu.so first seen with mtime 1771962460.0
DEBUG 2026-05-13 20:20:47,731 autoreload 22 130075735874432 File /usr/local/lib/python3.12/site-packages/django/contrib/messages/api.py first seen with mtime 1778606031.0
DEBUG 2026-05-13 20:20:47,731 autoreload 22 130075735874432 File /usr/local/lib/python3.12/socketserver.py first seen with mtime 1771962454.0
DEBUG 2026-05-13 20:20:47,731 autoreload 22 130075735874432 File /usr/local/lib/python3.12/site-packages/django/db/transaction.py first seen with mtime 1778606031.0
DEBUG 2026-05-13 20:20:47,731 autoreload 22 130075735874432 File /usr/local/lib/python3.12/asyncio/transports.py first seen with mtime 1771962454.0
DEBUG 2026-05-13 20:20:47,731 autoreload 22 130075735874432 File /usr/local/lib/python3.12/site-packages/django/middleware/csrf.py first seen with mtime 1778606031.0
DEBUG 2026-05-13 20:20:47,731 autoreload 22 130075735874432 File /usr/local/lib/python3.12/site-packages/django/http/multipartparser.py first seen with mtime 1778606031.0
DEBUG 2026-05-13 20:20:47,732 autoreload 22 130075735874432 File /usr/local/lib/python3.12/site-packages/rest_framework/compat.py first seen with mtime 1778606034.0
DEBUG 2026-05-13 20:20:47,732 autoreload 22 130075735874432 File /app/core/serializers.py first seen with mtime 1778610576.996735
DEBUG 2026-05-13 20:20:47,732 autoreload 22 130075735874432 File /usr/local/lib/python3.12/site-packages/django/contrib/contenttypes/checks.py first seen with mtime 1778606030.0
DEBUG 2026-05-13 20:20:47,732 autoreload 22 130075735874432 File /usr/local/lib/python3.12/site-packages/django/core/handlers/exception.py first seen with mtime 1778606031.0
DEBUG 2026-05-13 20:20:47,732 autoreload 22 130075735874432 File /usr/local/lib/python3.12/asyncio/base_tasks.py first seen with mtime 1771962454.0
DEBUG 2026-05-13 20:20:47,732 autoreload 22 130075735874432 File /usr/local/lib/python3.12/site-packages/django/template/defaultfilters.py first seen with mtime 1778606031.0
DEBUG 2026-05-13 20:20:47,732 autoreload 22 130075735874432 File /usr/local/lib/python3.12/site-packages/django/views/__init__.py first seen with mtime 1778606031.0
DEBUG 2026-05-13 20:20:47,733 autoreload 22 130075735874432 File /usr/local/lib/python3.12/site-packages/django/urls/utils.py first seen with mtime 1778606031.0
DEBUG 2026-05-13 20:20:47,733 autoreload 22 130075735874432 File /usr/local/lib/python3.12/site-packages/django/db/models/functions/math.py first seen with mtime 1778606031.0
DEBUG 2026-05-13 20:20:47,733 autoreload 22 130075735874432 File /usr/local/lib/python3.12/site-packages/django/contrib/admin/views/autocomplete.py first seen with mtime 1778606030.0
DEBUG 2026-05-13 20:20:47,733 autoreload 22 130075735874432 File /usr/local/lib/python3.12/site-packages/rest_framework/utils/mediatypes.py first seen with mtime 1778606034.0
DEBUG 2026-05-13 20:20:47,733 autoreload 22 130075735874432 File /usr/local/lib/python3.12/site-packages/django/conf/__init__.py first seen with mtime 1778606030.0
DEBUG 2026-05-13 20:20:47,733 autoreload 22 130075735874432 File /usr/local/lib/python3.12/site-packages/django/forms/models.py first seen with mtime 1778606031.0
DEBUG 2026-05-13 20:20:47,733 autoreload 22 130075735874432 File /usr/local/lib/python3.12/site-packages/django/db/backends/base/operations.py first seen with mtime 1778606031.0
DEBUG 2026-05-13 20:20:47,733 autoreload 22 130075735874432 File /usr/local/lib/python3.12/site-packages/django/db/models/fields/tuple_lookups.py first seen with mtime 1778606031.0
DEBUG 2026-05-13 20:20:47,734 autoreload 22 130075735874432 File /usr/local/lib/python3.12/site-packages/django/utils/translation/trans_real.py first seen with mtime 1778606031.0
DEBUG 2026-05-13 20:20:47,734 autoreload 22 130075735874432 File /usr/local/lib/python3.12/collections/abc.py first seen with mtime 1771962454.0
DEBUG 2026-05-13 20:20:47,734 autoreload 22 130075735874432 File /usr/local/lib/python3.12/site-packages/django/db/backends/postgresql/compiler.py first seen with mtime 1778606031.0
DEBUG 2026-05-13 20:20:47,734 autoreload 22 130075735874432 File /usr/local/lib/python3.12/zoneinfo/__init__.py first seen with mtime 1771962455.0
DEBUG 2026-05-13 20:20:47,734 autoreload 22 130075735874432 File /usr/local/lib/python3.12/site-packages/django/contrib/auth/migrations/__init__.py first seen with mtime 1778606030.0
DEBUG 2026-05-13 20:20:47,734 autoreload 22 130075735874432 File /usr/local/lib/python3.12/site-packages/django/urls/conf.py first seen with mtime 1778606031.0
DEBUG 2026-05-13 20:20:47,734 autoreload 22 130075735874432 File /usr/local/lib/python3.12/encodings/utf_8.py first seen with mtime 1771962454.0
DEBUG 2026-05-13 20:20:47,734 autoreload 22 130075735874432 File /usr/local/lib/python3.12/site-packages/django/core/files/base.py first seen with mtime 1778606031.0
DEBUG 2026-05-13 20:20:47,735 autoreload 22 130075735874432 File /usr/local/lib/python3.12/lib-dynload/_decimal.cpython-312-x86_64-linux-gnu.so first seen with mtime 1771962460.0
DEBUG 2026-05-13 20:20:47,735 autoreload 22 130075735874432 File /usr/local/lib/python3.12/site-packages/django/core/servers/__init__.py first seen with mtime 1778606031.0
DEBUG 2026-05-13 20:20:47,735 autoreload 22 130075735874432 File /usr/local/lib/python3.12/site-packages/django/core/management/utils.py first seen with mtime 1778606031.0
DEBUG 2026-05-13 20:20:47,735 autoreload 22 130075735874432 File /usr/local/lib/python3.12/site-packages/django/db/backends/postgresql/__init__.py first seen with mtime 1778606031.0
DEBUG 2026-05-13 20:20:47,735 autoreload 22 130075735874432 File /usr/local/lib/python3.12/asyncio/threads.py first seen with mtime 1771962454.0
DEBUG 2026-05-13 20:20:47,735 autoreload 22 130075735874432 File /usr/local/lib/python3.12/site-packages/django/contrib/contenttypes/views.py first seen with mtime 1778606030.0
DEBUG 2026-05-13 20:20:47,735 autoreload 22 130075735874432 File /usr/local/lib/python3.12/site-packages/django/db/migrations/loader.py first seen with mtime 1778606031.0
DEBUG 2026-05-13 20:20:47,735 autoreload 22 130075735874432 File /usr/local/lib/python3.12/site-packages/django/template/__init__.py first seen with mtime 1778606031.0
DEBUG 2026-05-13 20:20:47,736 autoreload 22 130075735874432 File /usr/local/lib/python3.12/site-packages/django/db/models/constants.py first seen with mtime 1778606031.0
DEBUG 2026-05-13 20:20:47,736 autoreload 22 130075735874432 File /usr/local/lib/python3.12/site-packages/django/db/backends/base/__init__.py first seen with mtime 1778606031.0
DEBUG 2026-05-13 20:20:47,736 autoreload 22 130075735874432 File /usr/local/lib/python3.12/email/iterators.py first seen with mtime 1771962454.0
DEBUG 2026-05-13 20:20:47,736 autoreload 22 130075735874432 File /usr/local/lib/python3.12/lib-dynload/_blake2.cpython-312-x86_64-linux-gnu.so first seen with mtime 1771962460.0
DEBUG 2026-05-13 20:20:47,736 autoreload 22 130075735874432 File /usr/local/lib/python3.12/http/__init__.py first seen with mtime 1771962454.0
DEBUG 2026-05-13 20:20:47,736 autoreload 22 130075735874432 File /usr/local/lib/python3.12/site-packages/django/utils/tree.py first seen with mtime 1778606031.0
DEBUG 2026-05-13 20:20:47,736 autoreload 22 130075735874432 File /usr/local/lib/python3.12/site-packages/django/core/paginator.py first seen with mtime 1778606031.0
DEBUG 2026-05-13 20:20:47,737 autoreload 22 130075735874432 File /usr/local/lib/python3.12/site-packages/psycopg2/_psycopg.cpython-312-x86_64-linux-gnu.so first seen with mtime 1778606029.0
DEBUG 2026-05-13 20:20:47,737 autoreload 22 130075735874432 File /usr/local/lib/python3.12/site-packages/django/template/base.py first seen with mtime 1778606031.0
DEBUG 2026-05-13 20:20:47,737 autoreload 22 130075735874432 File /usr/local/lib/python3.12/site-packages/asgiref/__init__.py first seen with mtime 1778606030.0
DEBUG 2026-05-13 20:20:47,737 autoreload 22 130075735874432 File /usr/local/lib/python3.12/site-packages/django/db/models/__init__.py first seen with mtime 1778606031.0
DEBUG 2026-05-13 20:20:47,737 autoreload 22 130075735874432 File /usr/local/lib/python3.12/html/parser.py first seen with mtime 1771962454.0
DEBUG 2026-05-13 20:20:47,738 autoreload 22 130075735874432 File /usr/local/lib/python3.12/site-packages/django/utils/deprecation.py first seen with mtime 1778606031.0
DEBUG 2026-05-13 20:20:47,738 autoreload 22 130075735874432 File /usr/local/lib/python3.12/wsgiref/__init__.py first seen with mtime 1771962454.0
DEBUG 2026-05-13 20:20:47,738 autoreload 22 130075735874432 File /usr/local/lib/python3.12/site-packages/django/db/migrations/writer.py first seen with mtime 1778606031.0
DEBUG 2026-05-13 20:20:47,738 autoreload 22 130075735874432 File /app/core/admin.py first seen with mtime 1778610491.2830765
DEBUG 2026-05-13 20:20:47,738 autoreload 22 130075735874432 File /usr/local/lib/python3.12/site-packages/django/contrib/postgres/forms/hstore.py first seen with mtime 1778606031.0
DEBUG 2026-05-13 20:20:47,738 autoreload 22 130075735874432 File /usr/local/lib/python3.12/site-packages/django/core/checks/translation.py first seen with mtime 1778606031.0
DEBUG 2026-05-13 20:20:47,738 autoreload 22 130075735874432 File /usr/local/lib/python3.12/email/quoprimime.py first seen with mtime 1771962454.0
DEBUG 2026-05-13 20:20:47,738 autoreload 22 130075735874432 File /usr/local/lib/python3.12/lib-dynload/_lzma.cpython-312-x86_64-linux-gnu.so first seen with mtime 1771962460.0
DEBUG 2026-05-13 20:20:47,739 autoreload 22 130075735874432 File /usr/local/lib/python3.12/lib-dynload/_struct.cpython-312-x86_64-linux-gnu.so first seen with mtime 1771962460.0
DEBUG 2026-05-13 20:20:47,739 autoreload 22 130075735874432 File /usr/local/lib/python3.12/site-packages/rest_framework/serializers.py first seen with mtime 1778606034.0
DEBUG 2026-05-13 20:20:47,739 autoreload 22 130075735874432 File /usr/local/lib/python3.12/lib-dynload/_bisect.cpython-312-x86_64-linux-gnu.so first seen with mtime 1771962460.0
DEBUG 2026-05-13 20:20:47,739 autoreload 22 130075735874432 File /usr/local/lib/python3.12/asyncio/protocols.py first seen with mtime 1771962454.0
DEBUG 2026-05-13 20:20:47,739 autoreload 22 130075735874432 File /usr/local/lib/python3.12/site-packages/psycopg2/errors.py first seen with mtime 1778606029.0
DEBUG 2026-05-13 20:20:47,739 autoreload 22 130075735874432 File /usr/local/lib/python3.12/site-packages/rest_framework/__init__.py first seen with mtime 1778606034.0
DEBUG 2026-05-13 20:20:47,739 autoreload 22 130075735874432 File /usr/local/lib/python3.12/site-packages/psycopg2/extras.py first seen with mtime 1778606029.0
DEBUG 2026-05-13 20:20:47,739 autoreload 22 130075735874432 File /usr/local/lib/python3.12/site-packages/django/db/migrations/recorder.py first seen with mtime 1778606031.0
DEBUG 2026-05-13 20:20:47,740 autoreload 22 130075735874432 File /usr/local/lib/python3.12/lib-dynload/math.cpython-312-x86_64-linux-gnu.so first seen with mtime 1771962460.0
DEBUG 2026-05-13 20:20:47,740 autoreload 22 130075735874432 File /usr/local/lib/python3.12/site-packages/django/templatetags/cache.py first seen with mtime 1778606031.0
DEBUG 2026-05-13 20:20:47,740 autoreload 22 130075735874432 File /usr/local/lib/python3.12/site-packages/django/db/utils.py first seen with mtime 1778606031.0
DEBUG 2026-05-13 20:20:47,740 autoreload 22 130075735874432 File /usr/local/lib/python3.12/site-packages/django/views/debug.py first seen with mtime 1778606031.0
DEBUG 2026-05-13 20:20:47,758 autoreload 22 130075735874432 File /usr/local/lib/python3.12/site-packages/rest_framework/templates/rest_framework first seen with mtime 1778606034.0
DEBUG 2026-05-13 20:20:47,758 autoreload 22 130075735874432 File /usr/local/lib/python3.12/site-packages/rest_framework/templates/rest_framework/pagination first seen with mtime 1778606034.0
DEBUG 2026-05-13 20:20:47,759 autoreload 22 130075735874432 File /usr/local/lib/python3.12/site-packages/rest_framework/templates/rest_framework/inline first seen with mtime 1778606034.0
DEBUG 2026-05-13 20:20:47,759 autoreload 22 130075735874432 File /usr/local/lib/python3.12/site-packages/rest_framework/templates/rest_framework/base.html first seen with mtime 1778606034.0
DEBUG 2026-05-13 20:20:47,759 autoreload 22 130075735874432 File /usr/local/lib/python3.12/site-packages/rest_framework/templates/rest_framework/raw_data_form.html first seen with mtime 1778606034.0
DEBUG 2026-05-13 20:20:47,759 autoreload 22 130075735874432 File /usr/local/lib/python3.12/site-packages/rest_framework/templates/rest_framework/filters first seen with mtime 1778606034.0
DEBUG 2026-05-13 20:20:47,759 autoreload 22 130075735874432 File /usr/local/lib/python3.12/site-packages/rest_framework/templates/rest_framework/admin.html first seen with mtime 1778606034.0
DEBUG 2026-05-13 20:20:47,759 autoreload 22 130075735874432 File /usr/local/lib/python3.12/site-packages/rest_framework/templates/rest_framework/login_base.html first seen with mtime 1778606034.0
DEBUG 2026-05-13 20:20:47,760 autoreload 22 130075735874432 File /usr/local/lib/python3.12/site-packages/rest_framework/templates/rest_framework/horizontal first seen with mtime 1778606034.0
DEBUG 2026-05-13 20:20:47,760 autoreload 22 130075735874432 File /usr/local/lib/python3.12/site-packages/rest_framework/templates/rest_framework/admin first seen with mtime 1778606034.0
DEBUG 2026-05-13 20:20:47,760 autoreload 22 130075735874432 File /usr/local/lib/python3.12/site-packages/rest_framework/templates/rest_framework/login.html first seen with mtime 1778606034.0
DEBUG 2026-05-13 20:20:47,760 autoreload 22 130075735874432 File /usr/local/lib/python3.12/site-packages/rest_framework/templates/rest_framework/vertical first seen with mtime 1778606034.0
DEBUG 2026-05-13 20:20:47,760 autoreload 22 130075735874432 File /usr/local/lib/python3.12/site-packages/rest_framework/templates/rest_framework/api.html first seen with mtime 1778606034.0
DEBUG 2026-05-13 20:20:47,761 autoreload 22 130075735874432 File /usr/local/lib/python3.12/site-packages/rest_framework/templates/rest_framework/pagination/numbers.html first seen with mtime 1778606034.0
DEBUG 2026-05-13 20:20:47,761 autoreload 22 130075735874432 File /usr/local/lib/python3.12/site-packages/rest_framework/templates/rest_framework/pagination/previous_and_next.html first seen with mtime 1778606034.0
DEBUG 2026-05-13 20:20:47,761 autoreload 22 130075735874432 File /usr/local/lib/python3.12/site-packages/rest_framework/templates/rest_framework/inline/radio.html first seen with mtime 1778606034.0
DEBUG 2026-05-13 20:20:47,761 autoreload 22 130075735874432 File /usr/local/lib/python3.12/site-packages/rest_framework/templates/rest_framework/inline/select.html first seen with mtime 1778606034.0
DEBUG 2026-05-13 20:20:47,761 autoreload 22 130075735874432 File /usr/local/lib/python3.12/site-packages/rest_framework/templates/rest_framework/inline/list_fieldset.html first seen with mtime 1778606034.0
DEBUG 2026-05-13 20:20:47,762 autoreload 22 130075735874432 File /usr/local/lib/python3.12/site-packages/rest_framework/templates/rest_framework/inline/checkbox.html first seen with mtime 1778606034.0
DEBUG 2026-05-13 20:20:47,762 autoreload 22 130075735874432 File /usr/local/lib/python3.12/site-packages/rest_framework/templates/rest_framework/inline/form.html first seen with mtime 1778606034.0
DEBUG 2026-05-13 20:20:47,762 autoreload 22 130075735874432 File /usr/local/lib/python3.12/site-packages/rest_framework/templates/rest_framework/inline/list_field.html first seen with mtime 1778606034.0
DEBUG 2026-05-13 20:20:47,762 autoreload 22 130075735874432 File /usr/local/lib/python3.12/site-packages/rest_framework/templates/rest_framework/inline/checkbox_multiple.html first seen with mtime 1778606034.0
DEBUG 2026-05-13 20:20:47,762 autoreload 22 130075735874432 File /usr/local/lib/python3.12/site-packages/rest_framework/templates/rest_framework/inline/select_multiple.html first seen with mtime 1778606034.0
DEBUG 2026-05-13 20:20:47,762 autoreload 22 130075735874432 File /usr/local/lib/python3.12/site-packages/rest_framework/templates/rest_framework/inline/fieldset.html first seen with mtime 1778606034.0
DEBUG 2026-05-13 20:20:47,763 autoreload 22 130075735874432 File /usr/local/lib/python3.12/site-packages/rest_framework/templates/rest_framework/inline/textarea.html first seen with mtime 1778606034.0
DEBUG 2026-05-13 20:20:47,763 autoreload 22 130075735874432 File /usr/local/lib/python3.12/site-packages/rest_framework/templates/rest_framework/inline/input.html first seen with mtime 1778606034.0
DEBUG 2026-05-13 20:20:47,763 autoreload 22 130075735874432 File /usr/local/lib/python3.12/site-packages/rest_framework/templates/rest_framework/inline/dict_field.html first seen with mtime 1778606034.0
DEBUG 2026-05-13 20:20:47,763 autoreload 22 130075735874432 File /usr/local/lib/python3.12/site-packages/rest_framework/templates/rest_framework/filters/base.html first seen with mtime 1778606034.0
DEBUG 2026-05-13 20:20:47,763 autoreload 22 130075735874432 File /usr/local/lib/python3.12/site-packages/rest_framework/templates/rest_framework/filters/search.html first seen with mtime 1778606034.0
DEBUG 2026-05-13 20:20:47,764 autoreload 22 130075735874432 File /usr/local/lib/python3.12/site-packages/rest_framework/templates/rest_framework/filters/ordering.html first seen with mtime 1778606034.0
DEBUG 2026-05-13 20:20:47,764 autoreload 22 130075735874432 File /usr/local/lib/python3.12/site-packages/rest_framework/templates/rest_framework/horizontal/radio.html first seen with mtime 1778606034.0
DEBUG 2026-05-13 20:20:47,764 autoreload 22 130075735874432 File /usr/local/lib/python3.12/site-packages/rest_framework/templates/rest_framework/horizontal/select.html first seen with mtime 1778606034.0
DEBUG 2026-05-13 20:20:47,764 autoreload 22 130075735874432 File /usr/local/lib/python3.12/site-packages/rest_framework/templates/rest_framework/horizontal/list_fieldset.html first seen with mtime 1778606034.0
DEBUG 2026-05-13 20:20:47,765 autoreload 22 130075735874432 File /usr/local/lib/python3.12/site-packages/rest_framework/templates/rest_framework/horizontal/checkbox.html first seen with mtime 1778606034.0
DEBUG 2026-05-13 20:20:47,765 autoreload 22 130075735874432 File /usr/local/lib/python3.12/site-packages/rest_framework/templates/rest_framework/horizontal/form.html first seen with mtime 1778606034.0
DEBUG 2026-05-13 20:20:47,765 autoreload 22 130075735874432 File /usr/local/lib/python3.12/site-packages/rest_framework/templates/rest_framework/horizontal/list_field.html first seen with mtime 1778606034.0
DEBUG 2026-05-13 20:20:47,765 autoreload 22 130075735874432 File /usr/local/lib/python3.12/site-packages/rest_framework/templates/rest_framework/horizontal/checkbox_multiple.html first seen with mtime 1778606034.0
DEBUG 2026-05-13 20:20:47,765 autoreload 22 130075735874432 File /usr/local/lib/python3.12/site-packages/rest_framework/templates/rest_framework/horizontal/select_multiple.html first seen with mtime 1778606034.0
DEBUG 2026-05-13 20:20:47,766 autoreload 22 130075735874432 File /usr/local/lib/python3.12/site-packages/rest_framework/templates/rest_framework/horizontal/fieldset.html first seen with mtime 1778606034.0
DEBUG 2026-05-13 20:20:47,766 autoreload 22 130075735874432 File /usr/local/lib/python3.12/site-packages/rest_framework/templates/rest_framework/horizontal/textarea.html first seen with mtime 1778606034.0
DEBUG 2026-05-13 20:20:47,766 autoreload 22 130075735874432 File /usr/local/lib/python3.12/site-packages/rest_framework/templates/rest_framework/horizontal/input.html first seen with mtime 1778606034.0
DEBUG 2026-05-13 20:20:47,766 autoreload 22 130075735874432 File /usr/local/lib/python3.12/site-packages/rest_framework/templates/rest_framework/horizontal/dict_field.html first seen with mtime 1778606034.0
DEBUG 2026-05-13 20:20:47,766 autoreload 22 130075735874432 File /usr/local/lib/python3.12/site-packages/rest_framework/templates/rest_framework/admin/dict_value.html first seen with mtime 1778606034.0
DEBUG 2026-05-13 20:20:47,767 autoreload 22 130075735874432 File /usr/local/lib/python3.12/site-packages/rest_framework/templates/rest_framework/admin/list_value.html first seen with mtime 1778606034.0
DEBUG 2026-05-13 20:20:47,767 autoreload 22 130075735874432 File /usr/local/lib/python3.12/site-packages/rest_framework/templates/rest_framework/admin/simple_list_value.html first seen with mtime 1778606034.0
DEBUG 2026-05-13 20:20:47,767 autoreload 22 130075735874432 File /usr/local/lib/python3.12/site-packages/rest_framework/templates/rest_framework/admin/list.html first seen with mtime 1778606034.0
DEBUG 2026-05-13 20:20:47,767 autoreload 22 130075735874432 File /usr/local/lib/python3.12/site-packages/rest_framework/templates/rest_framework/admin/detail.html first seen with mtime 1778606034.0
DEBUG 2026-05-13 20:20:47,768 autoreload 22 130075735874432 File /usr/local/lib/python3.12/site-packages/rest_framework/templates/rest_framework/vertical/radio.html first seen with mtime 1778606034.0
DEBUG 2026-05-13 20:20:47,768 autoreload 22 130075735874432 File /usr/local/lib/python3.12/site-packages/rest_framework/templates/rest_framework/vertical/select.html first seen with mtime 1778606034.0
DEBUG 2026-05-13 20:20:47,768 autoreload 22 130075735874432 File /usr/local/lib/python3.12/site-packages/rest_framework/templates/rest_framework/vertical/list_fieldset.html first seen with mtime 1778606034.0
DEBUG 2026-05-13 20:20:47,768 autoreload 22 130075735874432 File /usr/local/lib/python3.12/site-packages/rest_framework/templates/rest_framework/vertical/checkbox.html first seen with mtime 1778606034.0
DEBUG 2026-05-13 20:20:47,768 autoreload 22 130075735874432 File /usr/local/lib/python3.12/site-packages/rest_framework/templates/rest_framework/vertical/form.html first seen with mtime 1778606034.0
DEBUG 2026-05-13 20:20:47,769 autoreload 22 130075735874432 File /usr/local/lib/python3.12/site-packages/rest_framework/templates/rest_framework/vertical/list_field.html first seen with mtime 1778606034.0
DEBUG 2026-05-13 20:20:47,769 autoreload 22 130075735874432 File /usr/local/lib/python3.12/site-packages/rest_framework/templates/rest_framework/vertical/checkbox_multiple.html first seen with mtime 1778606034.0
DEBUG 2026-05-13 20:20:47,769 autoreload 22 130075735874432 File /usr/local/lib/python3.12/site-packages/rest_framework/templates/rest_framework/vertical/select_multiple.html first seen with mtime 1778606034.0
DEBUG 2026-05-13 20:20:47,769 autoreload 22 130075735874432 File /usr/local/lib/python3.12/site-packages/rest_framework/templates/rest_framework/vertical/fieldset.html first seen with mtime 1778606034.0
DEBUG 2026-05-13 20:20:47,769 autoreload 22 130075735874432 File /usr/local/lib/python3.12/site-packages/rest_framework/templates/rest_framework/vertical/textarea.html first seen with mtime 1778606034.0
DEBUG 2026-05-13 20:20:47,770 autoreload 22 130075735874432 File /usr/local/lib/python3.12/site-packages/rest_framework/templates/rest_framework/vertical/input.html first seen with mtime 1778606034.0
DEBUG 2026-05-13 20:20:47,770 autoreload 22 130075735874432 File /usr/local/lib/python3.12/site-packages/rest_framework/templates/rest_framework/vertical/dict_field.html first seen with mtime 1778606034.0
DEBUG 2026-05-13 20:20:47,786 autoreload 22 130075735874432 File /usr/local/lib/python3.12/site-packages/rest_framework/locale/nb/LC_MESSAGES/django.mo first seen with mtime 1778606034.0
DEBUG 2026-05-13 20:20:47,786 autoreload 22 130075735874432 File /usr/local/lib/python3.12/site-packages/rest_framework/locale/kk/LC_MESSAGES/django.mo first seen with mtime 1778606034.0
DEBUG 2026-05-13 20:20:47,787 autoreload 22 130075735874432 File /usr/local/lib/python3.12/site-packages/rest_framework/locale/pt_PT/LC_MESSAGES/django.mo first seen with mtime 1778606034.0
DEBUG 2026-05-13 20:20:47,787 autoreload 22 130075735874432 File /usr/local/lib/python3.12/site-packages/rest_framework/locale/cs/LC_MESSAGES/django.mo first seen with mtime 1778606034.0
DEBUG 2026-05-13 20:20:47,787 autoreload 22 130075735874432 File /usr/local/lib/python3.12/site-packages/rest_framework/locale/ru_RU/LC_MESSAGES/django.mo first seen with mtime 1778606034.0
DEBUG 2026-05-13 20:20:47,788 autoreload 22 130075735874432 File /usr/local/lib/python3.12/site-packages/rest_framework/locale/pl/LC_MESSAGES/django.mo first seen with mtime 1778606034.0
DEBUG 2026-05-13 20:20:47,788 autoreload 22 130075735874432 File /usr/local/lib/python3.12/site-packages/rest_framework/locale/lt/LC_MESSAGES/django.mo first seen with mtime 1778606034.0
DEBUG 2026-05-13 20:20:47,789 autoreload 22 130075735874432 File /usr/local/lib/python3.12/site-packages/rest_framework/locale/ko_KR/LC_MESSAGES/django.mo first seen with mtime 1778606034.0
DEBUG 2026-05-13 20:20:47,789 autoreload 22 130075735874432 File /usr/local/lib/python3.12/site-packages/rest_framework/locale/sl/LC_MESSAGES/django.mo first seen with mtime 1778606034.0
DEBUG 2026-05-13 20:20:47,789 autoreload 22 130075735874432 File /usr/local/lib/python3.12/site-packages/rest_framework/locale/et/LC_MESSAGES/django.mo first seen with mtime 1778606034.0
DEBUG 2026-05-13 20:20:47,790 autoreload 22 130075735874432 File /usr/local/lib/python3.12/site-packages/rest_framework/locale/id/LC_MESSAGES/django.mo first seen with mtime 1778606034.0
DEBUG 2026-05-13 20:20:47,790 autoreload 22 130075735874432 File /usr/local/lib/python3.12/site-packages/rest_framework/locale/vi/LC_MESSAGES/django.mo first seen with mtime 1778606034.0
DEBUG 2026-05-13 20:20:47,790 autoreload 22 130075735874432 File /usr/local/lib/python3.12/site-packages/rest_framework/locale/el/LC_MESSAGES/django.mo first seen with mtime 1778606034.0
DEBUG 2026-05-13 20:20:47,791 autoreload 22 130075735874432 File /usr/local/lib/python3.12/site-packages/rest_framework/locale/es/LC_MESSAGES/django.mo first seen with mtime 1778606034.0
DEBUG 2026-05-13 20:20:47,791 autoreload 22 130075735874432 File /usr/local/lib/python3.12/site-packages/rest_framework/locale/zh_Hans/LC_MESSAGES/django.mo first seen with mtime 1778606034.0
DEBUG 2026-05-13 20:20:47,792 autoreload 22 130075735874432 File /usr/local/lib/python3.12/site-packages/rest_framework/locale/ro/LC_MESSAGES/django.mo first seen with mtime 1778606034.0
DEBUG 2026-05-13 20:20:47,792 autoreload 22 130075735874432 File /usr/local/lib/python3.12/site-packages/rest_framework/locale/sk/LC_MESSAGES/django.mo first seen with mtime 1778606034.0
DEBUG 2026-05-13 20:20:47,792 autoreload 22 130075735874432 File /usr/local/lib/python3.12/site-packages/rest_framework/locale/fa_IR/LC_MESSAGES/django.mo first seen with mtime 1778606034.0
DEBUG 2026-05-13 20:20:47,793 autoreload 22 130075735874432 File /usr/local/lib/python3.12/site-packages/rest_framework/locale/tr/LC_MESSAGES/django.mo first seen with mtime 1778606034.0
DEBUG 2026-05-13 20:20:47,793 autoreload 22 130075735874432 File /usr/local/lib/python3.12/site-packages/rest_framework/locale/sv/LC_MESSAGES/django.mo first seen with mtime 1778606034.0
DEBUG 2026-05-13 20:20:47,794 autoreload 22 130075735874432 File /usr/local/lib/python3.12/site-packages/rest_framework/locale/hu/LC_MESSAGES/django.mo first seen with mtime 1778606034.0
DEBUG 2026-05-13 20:20:47,794 autoreload 22 130075735874432 File /usr/local/lib/python3.12/site-packages/rest_framework/locale/en/LC_MESSAGES/django.mo first seen with mtime 1778606034.0
DEBUG 2026-05-13 20:20:47,794 autoreload 22 130075735874432 File /usr/local/lib/python3.12/site-packages/rest_framework/locale/tr_TR/LC_MESSAGES/django.mo first seen with mtime 1778606034.0
DEBUG 2026-05-13 20:20:47,795 autoreload 22 130075735874432 File /usr/local/lib/python3.12/site-packages/rest_framework/locale/fr_CA/LC_MESSAGES/django.mo first seen with mtime 1778606034.0
DEBUG 2026-05-13 20:20:47,796 autoreload 22 130075735874432 File /usr/local/lib/python3.12/site-packages/rest_framework/locale/fr/LC_MESSAGES/django.mo first seen with mtime 1778606034.0
DEBUG 2026-05-13 20:20:47,797 autoreload 22 130075735874432 File /usr/local/lib/python3.12/site-packages/rest_framework/locale/lv/LC_MESSAGES/django.mo first seen with mtime 1778606034.0
DEBUG 2026-05-13 20:20:47,798 autoreload 22 130075735874432 File /usr/local/lib/python3.12/site-packages/rest_framework/locale/zh_CN/LC_MESSAGES/django.mo first seen with mtime 1778606034.0
DEBUG 2026-05-13 20:20:47,798 autoreload 22 130075735874432 File /usr/local/lib/python3.12/site-packages/rest_framework/locale/uk/LC_MESSAGES/django.mo first seen with mtime 1778606034.0
DEBUG 2026-05-13 20:20:47,799 autoreload 22 130075735874432 File /usr/local/lib/python3.12/site-packages/rest_framework/locale/az/LC_MESSAGES/django.mo first seen with mtime 1778606034.0
DEBUG 2026-05-13 20:20:47,799 autoreload 22 130075735874432 File /usr/local/lib/python3.12/site-packages/rest_framework/locale/hy/LC_MESSAGES/django.mo first seen with mtime 1778606034.0
DEBUG 2026-05-13 20:20:47,800 autoreload 22 130075735874432 File /usr/local/lib/python3.12/site-packages/rest_framework/locale/ne_NP/LC_MESSAGES/django.mo first seen with mtime 1778606034.0
DEBUG 2026-05-13 20:20:47,800 autoreload 22 130075735874432 File /usr/local/lib/python3.12/site-packages/rest_framework/locale/zh_Hant/LC_MESSAGES/django.mo first seen with mtime 1778606034.0
DEBUG 2026-05-13 20:20:47,801 autoreload 22 130075735874432 File /usr/local/lib/python3.12/site-packages/rest_framework/locale/el_GR/LC_MESSAGES/django.mo first seen with mtime 1778606034.0
DEBUG 2026-05-13 20:20:47,802 autoreload 22 130075735874432 File /usr/local/lib/python3.12/site-packages/rest_framework/locale/mk/LC_MESSAGES/django.mo first seen with mtime 1778606034.0
DEBUG 2026-05-13 20:20:47,803 autoreload 22 130075735874432 File /usr/local/lib/python3.12/site-packages/rest_framework/locale/da/LC_MESSAGES/django.mo first seen with mtime 1778606034.0
DEBUG 2026-05-13 20:20:47,803 autoreload 22 130075735874432 File /usr/local/lib/python3.12/site-packages/rest_framework/locale/zh_TW/LC_MESSAGES/django.mo first seen with mtime 1778606034.0
DEBUG 2026-05-13 20:20:47,804 autoreload 22 130075735874432 File /usr/local/lib/python3.12/site-packages/rest_framework/locale/pt_BR/LC_MESSAGES/django.mo first seen with mtime 1778606034.0
DEBUG 2026-05-13 20:20:47,804 autoreload 22 130075735874432 File /usr/local/lib/python3.12/site-packages/rest_framework/locale/ca/LC_MESSAGES/django.mo first seen with mtime 1778606034.0
DEBUG 2026-05-13 20:20:47,804 autoreload 22 130075735874432 File /usr/local/lib/python3.12/site-packages/rest_framework/locale/ach/LC_MESSAGES/django.mo first seen with mtime 1778606034.0
DEBUG 2026-05-13 20:20:47,805 autoreload 22 130075735874432 File /usr/local/lib/python3.12/site-packages/rest_framework/locale/fi/LC_MESSAGES/django.mo first seen with mtime 1778606034.0
DEBUG 2026-05-13 20:20:47,805 autoreload 22 130075735874432 File /usr/local/lib/python3.12/site-packages/rest_framework/locale/gl/LC_MESSAGES/django.mo first seen with mtime 1778606034.0
DEBUG 2026-05-13 20:20:47,805 autoreload 22 130075735874432 File /usr/local/lib/python3.12/site-packages/rest_framework/locale/gl_ES/LC_MESSAGES/django.mo first seen with mtime 1778606034.0
DEBUG 2026-05-13 20:20:47,806 autoreload 22 130075735874432 File /usr/local/lib/python3.12/site-packages/rest_framework/locale/he_IL/LC_MESSAGES/django.mo first seen with mtime 1778606034.0
DEBUG 2026-05-13 20:20:47,806 autoreload 22 130075735874432 File /usr/local/lib/python3.12/site-packages/rest_framework/locale/ca_ES/LC_MESSAGES/django.mo first seen with mtime 1778606034.0
DEBUG 2026-05-13 20:20:47,807 autoreload 22 130075735874432 File /usr/local/lib/python3.12/site-packages/rest_framework/locale/en_AU/LC_MESSAGES/django.mo first seen with mtime 1778606034.0
DEBUG 2026-05-13 20:20:47,807 autoreload 22 130075735874432 File /usr/local/lib/python3.12/site-packages/rest_framework/locale/ja/LC_MESSAGES/django.mo first seen with mtime 1778606034.0
DEBUG 2026-05-13 20:20:47,808 autoreload 22 130075735874432 File /usr/local/lib/python3.12/site-packages/rest_framework/locale/nl/LC_MESSAGES/django.mo first seen with mtime 1778606034.0
DEBUG 2026-05-13 20:20:47,808 autoreload 22 130075735874432 File /usr/local/lib/python3.12/site-packages/rest_framework/locale/th/LC_MESSAGES/django.mo first seen with mtime 1778606034.0
DEBUG 2026-05-13 20:20:47,808 autoreload 22 130075735874432 File /usr/local/lib/python3.12/site-packages/rest_framework/locale/bg/LC_MESSAGES/django.mo first seen with mtime 1778606034.0
DEBUG 2026-05-13 20:20:47,809 autoreload 22 130075735874432 File /usr/local/lib/python3.12/site-packages/rest_framework/locale/de/LC_MESSAGES/django.mo first seen with mtime 1778606034.0
DEBUG 2026-05-13 20:20:47,809 autoreload 22 130075735874432 File /usr/local/lib/python3.12/site-packages/rest_framework/locale/be/LC_MESSAGES/django.mo first seen with mtime 1778606034.0
DEBUG 2026-05-13 20:20:47,809 autoreload 22 130075735874432 File /usr/local/lib/python3.12/site-packages/rest_framework/locale/fa/LC_MESSAGES/django.mo first seen with mtime 1778606034.0
DEBUG 2026-05-13 20:20:47,810 autoreload 22 130075735874432 File /usr/local/lib/python3.12/site-packages/rest_framework/locale/en_US/LC_MESSAGES/django.mo first seen with mtime 1778606034.0
DEBUG 2026-05-13 20:20:47,810 autoreload 22 130075735874432 File /usr/local/lib/python3.12/site-packages/rest_framework/locale/ar/LC_MESSAGES/django.mo first seen with mtime 1778606034.0
DEBUG 2026-05-13 20:20:47,810 autoreload 22 130075735874432 File /usr/local/lib/python3.12/site-packages/rest_framework/locale/it/LC_MESSAGES/django.mo first seen with mtime 1778606034.0
DEBUG 2026-05-13 20:20:47,811 autoreload 22 130075735874432 File /usr/local/lib/python3.12/site-packages/rest_framework/locale/pt/LC_MESSAGES/django.mo first seen with mtime 1778606034.0
DEBUG 2026-05-13 20:20:47,812 autoreload 22 130075735874432 File /usr/local/lib/python3.12/site-packages/rest_framework/locale/en_CA/LC_MESSAGES/django.mo first seen with mtime 1778606034.0
DEBUG 2026-05-13 20:20:47,813 autoreload 22 130075735874432 File /usr/local/lib/python3.12/site-packages/rest_framework/locale/ru/LC_MESSAGES/django.mo first seen with mtime 1778606034.0
DEBUG 2026-05-13 20:20:47,814 autoreload 22 130075735874432 File /usr/local/lib/python3.12/site-packages/rest_framework/locale/nn/LC_MESSAGES/django.mo first seen with mtime 1778606034.0
DEBUG 2026-05-13 20:20:47,814 autoreload 22 130075735874432 File /usr/local/lib/python3.12/site-packages/rest_framework/locale/no/LC_MESSAGES/django.mo first seen with mtime 1778606034.0
DEBUG 2026-05-13 20:20:48,935 autoreload 22 130075735874432 File /usr/local/lib/python3.12/site-packages/django/contrib/auth/migrations/0004_alter_user_username_opts.py first seen with mtime 1778606030.0
DEBUG 2026-05-13 20:20:48,935 autoreload 22 130075735874432 File /usr/local/lib/python3.12/site-packages/django/contrib/auth/migrations/0006_require_contenttypes_0002.py first seen with mtime 1778606030.0
DEBUG 2026-05-13 20:20:48,936 autoreload 22 130075735874432 File /usr/local/lib/python3.12/site-packages/django/contrib/auth/migrations/0001_initial.py first seen with mtime 1778606030.0
DEBUG 2026-05-13 20:20:48,937 autoreload 22 130075735874432 File /usr/local/lib/python3.12/site-packages/django/contrib/sessions/migrations/__init__.py first seen with mtime 1778606031.0
DEBUG 2026-05-13 20:20:48,938 autoreload 22 130075735874432 File /usr/local/lib/python3.12/site-packages/django/contrib/contenttypes/migrations/0001_initial.py first seen with mtime 1778606030.0
DEBUG 2026-05-13 20:20:48,939 autoreload 22 130075735874432 File /app/notifications/migrations/0001_initial.py first seen with mtime 1778610577.000999
DEBUG 2026-05-13 20:20:48,940 autoreload 22 130075735874432 File /usr/local/lib/python3.12/site-packages/django/contrib/contenttypes/migrations/__init__.py first seen with mtime 1778606030.0
DEBUG 2026-05-13 20:20:48,941 autoreload 22 130075735874432 File /usr/local/lib/python3.12/site-packages/django/contrib/auth/migrations/0002_alter_permission_name_max_length.py first seen with mtime 1778606030.0
DEBUG 2026-05-13 20:20:48,942 autoreload 22 130075735874432 File /app/core/migrations/0002_add_resident_role.py first seen with mtime 1778610491.2830765
DEBUG 2026-05-13 20:20:48,943 autoreload 22 130075735874432 File /usr/local/lib/python3.12/site-packages/django/contrib/auth/migrations/0007_alter_validators_add_error_messages.py first seen with mtime 1778606030.0
DEBUG 2026-05-13 20:20:48,943 autoreload 22 130075735874432 File /usr/local/lib/python3.12/site-packages/django/contrib/sessions/backends/db.py first seen with mtime 1778606031.0
DEBUG 2026-05-13 20:20:48,944 autoreload 22 130075735874432 File /usr/local/lib/python3.12/site-packages/django/contrib/auth/migrations/0005_alter_user_last_login_null.py first seen with mtime 1778606030.0
DEBUG 2026-05-13 20:20:48,944 autoreload 22 130075735874432 File /app/core/migrations/0003_alter_maintenancetask_assigned_to_and_more.py first seen with mtime 1778610491.2830765
DEBUG 2026-05-13 20:20:48,945 autoreload 22 130075735874432 File /usr/local/lib/python3.12/encodings/idna.py first seen with mtime 1771962454.0
DEBUG 2026-05-13 20:20:48,949 autoreload 22 130075735874432 File /app/core/migrations/__init__.py first seen with mtime 1778514703.942531
DEBUG 2026-05-13 20:20:48,949 autoreload 22 130075735874432 File /app/users/migrations/__init__.py first seen with mtime 1778610491.2880766
DEBUG 2026-05-13 20:20:48,950 autoreload 22 130075735874432 File /app/users/migrations/0001_initial.py first seen with mtime 1778610491.2880766
DEBUG 2026-05-13 20:20:48,950 autoreload 22 130075735874432 File /usr/local/lib/python3.12/site-packages/django/contrib/auth/migrations/0003_alter_user_email_max_length.py first seen with mtime 1778606030.0
DEBUG 2026-05-13 20:20:48,950 autoreload 22 130075735874432 File /usr/local/lib/python3.12/site-packages/django/contrib/contenttypes/migrations/0002_remove_content_type_name.py first seen with mtime 1778606030.0
DEBUG 2026-05-13 20:20:48,951 autoreload 22 130075735874432 File /usr/local/lib/python3.12/site-packages/django/contrib/auth/migrations/0012_alter_user_first_name_max_length.py first seen with mtime 1778606030.0
DEBUG 2026-05-13 20:20:48,952 autoreload 22 130075735874432 File /usr/local/lib/python3.12/site-packages/django/contrib/auth/migrations/0010_alter_group_name_max_length.py first seen with mtime 1778606030.0
DEBUG 2026-05-13 20:20:48,953 autoreload 22 130075735874432 File /app/config/wsgi.py first seen with mtime 1778514686.5100193
DEBUG 2026-05-13 20:20:48,953 autoreload 22 130075735874432 File /usr/local/lib/python3.12/site-packages/django/contrib/auth/migrations/0009_alter_user_last_name_max_length.py first seen with mtime 1778606030.0
DEBUG 2026-05-13 20:20:48,954 autoreload 22 130075735874432 File /usr/local/lib/python3.12/site-packages/django/contrib/auth/migrations/0008_alter_user_username_max_length.py first seen with mtime 1778606030.0
DEBUG 2026-05-13 20:20:48,955 autoreload 22 130075735874432 File /usr/local/lib/python3.12/site-packages/django/contrib/sessions/migrations/0001_initial.py first seen with mtime 1778606031.0
DEBUG 2026-05-13 20:20:48,955 autoreload 22 130075735874432 File /usr/local/lib/python3.12/stringprep.py first seen with mtime 1771962454.0
DEBUG 2026-05-13 20:20:48,956 autoreload 22 130075735874432 File /usr/local/lib/python3.12/site-packages/django/contrib/auth/migrations/0011_update_proxy_permissions.py first seen with mtime 1778606030.0
DEBUG 2026-05-13 20:20:48,956 autoreload 22 130075735874432 File /app/notifications/migrations/__init__.py first seen with mtime 1778610577.000999
DEBUG 2026-05-13 20:20:48,957 autoreload 22 130075735874432 File /app/core/migrations/0001_initial.py first seen with mtime 1778610491.2830765
DEBUG 2026-05-13 20:41:47,225 utils 8 132133983976320 (0.971) 
            SELECT
                c.relname,
                CASE
                    WHEN c.relispartition THEN 'p'
                    WHEN c.relkind IN ('m', 'v') THEN 'v'
                    ELSE 't'
                END,
                obj_description(c.oid, 'pg_class')
            FROM pg_catalog.pg_class c
            LEFT JOIN pg_catalog.pg_namespace n ON n.oid = c.relnamespace
            WHERE c.relkind IN ('f', 'm', 'p', 'r', 'v')
                AND n.nspname NOT IN ('pg_catalog', 'pg_toast')
                AND pg_catalog.pg_table_is_visible(c.oid)
        ; args=None; alias=default
DEBUG 2026-05-13 20:41:47,313 utils 8 132133983976320 (0.070) SELECT "django_migrations"."id", "django_migrations"."app", "django_migrations"."name", "django_migrations"."applied" FROM "django_migrations"; args=(); alias=default
DEBUG 2026-05-13 20:41:47,323 utils 8 132133983976320 (0.007) 
            SELECT
                c.relname,
                CASE
                    WHEN c.relispartition THEN 'p'
                    WHEN c.relkind IN ('m', 'v') THEN 'v'
                    ELSE 't'
                END,
                obj_description(c.oid, 'pg_class')
            FROM pg_catalog.pg_class c
            LEFT JOIN pg_catalog.pg_namespace n ON n.oid = c.relnamespace
            WHERE c.relkind IN ('f', 'm', 'p', 'r', 'v')
                AND n.nspname NOT IN ('pg_catalog', 'pg_toast')
                AND pg_catalog.pg_table_is_visible(c.oid)
        ; args=None; alias=default
DEBUG 2026-05-13 20:41:47,325 utils 8 132133983976320 (0.000) SELECT "django_migrations"."id", "django_migrations"."app", "django_migrations"."name", "django_migrations"."applied" FROM "django_migrations"; args=(); alias=default
DEBUG 2026-05-13 20:41:47,411 utils 8 132133983976320 (0.003) 
            SELECT
                c.relname,
                CASE
                    WHEN c.relispartition THEN 'p'
                    WHEN c.relkind IN ('m', 'v') THEN 'v'
                    ELSE 't'
                END,
                obj_description(c.oid, 'pg_class')
            FROM pg_catalog.pg_class c
            LEFT JOIN pg_catalog.pg_namespace n ON n.oid = c.relnamespace
            WHERE c.relkind IN ('f', 'm', 'p', 'r', 'v')
                AND n.nspname NOT IN ('pg_catalog', 'pg_toast')
                AND pg_catalog.pg_table_is_visible(c.oid)
        ; args=None; alias=default
DEBUG 2026-05-13 20:41:47,412 utils 8 132133983976320 (0.000) SELECT "django_migrations"."id", "django_migrations"."app", "django_migrations"."name", "django_migrations"."applied" FROM "django_migrations"; args=(); alias=default
DEBUG 2026-05-13 20:41:47,539 utils 8 132133983976320 (0.125) SELECT "django_content_type"."model" AS "model" FROM "django_content_type" WHERE "django_content_type"."app_label" = 'admin'; args=('admin',); alias=default
DEBUG 2026-05-13 20:41:47,542 utils 8 132133983976320 (0.001) SELECT "django_content_type"."id", "django_content_type"."app_label", "django_content_type"."model" FROM "django_content_type" WHERE ("django_content_type"."app_label" = 'admin' AND "django_content_type"."model" IN ('logentry')); args=('admin', 'logentry'); alias=default
DEBUG 2026-05-13 20:41:47,609 utils 8 132133983976320 (0.064) SELECT "auth_permission"."content_type_id" AS "content_type", "auth_permission"."codename" AS "codename" FROM "auth_permission" INNER JOIN "django_content_type" ON ("auth_permission"."content_type_id" = "django_content_type"."id") WHERE "auth_permission"."content_type_id" IN (1) ORDER BY "django_content_type"."app_label" ASC, "django_content_type"."model" ASC, 2 ASC; args=(1,); alias=default
DEBUG 2026-05-13 20:41:47,611 utils 8 132133983976320 (0.000) SELECT "django_content_type"."model" AS "model" FROM "django_content_type" WHERE "django_content_type"."app_label" = 'admin'; args=('admin',); alias=default
DEBUG 2026-05-13 20:41:47,612 utils 8 132133983976320 (0.001) SELECT "django_content_type"."model" AS "model" FROM "django_content_type" WHERE "django_content_type"."app_label" = 'auth'; args=('auth',); alias=default
DEBUG 2026-05-13 20:41:47,616 utils 8 132133983976320 (0.001) SELECT "django_content_type"."id", "django_content_type"."app_label", "django_content_type"."model" FROM "django_content_type" WHERE ("django_content_type"."app_label" = 'auth' AND "django_content_type"."model" IN ('permission', 'group', 'user')); args=('auth', 'permission', 'group', 'user'); alias=default
DEBUG 2026-05-13 20:41:47,622 utils 8 132133983976320 (0.004) SELECT "auth_permission"."content_type_id" AS "content_type", "auth_permission"."codename" AS "codename" FROM "auth_permission" INNER JOIN "django_content_type" ON ("auth_permission"."content_type_id" = "django_content_type"."id") WHERE "auth_permission"."content_type_id" IN (2, 3, 4) ORDER BY "django_content_type"."app_label" ASC, "django_content_type"."model" ASC, 2 ASC; args=(2, 3, 4); alias=default
DEBUG 2026-05-13 20:41:47,625 utils 8 132133983976320 (0.000) SELECT "django_content_type"."model" AS "model" FROM "django_content_type" WHERE "django_content_type"."app_label" = 'auth'; args=('auth',); alias=default
DEBUG 2026-05-13 20:41:47,626 utils 8 132133983976320 (0.000) SELECT "django_content_type"."model" AS "model" FROM "django_content_type" WHERE "django_content_type"."app_label" = 'contenttypes'; args=('contenttypes',); alias=default
DEBUG 2026-05-13 20:41:47,627 utils 8 132133983976320 (0.000) SELECT "django_content_type"."id", "django_content_type"."app_label", "django_content_type"."model" FROM "django_content_type" WHERE ("django_content_type"."app_label" = 'contenttypes' AND "django_content_type"."model" IN ('contenttype')); args=('contenttypes', 'contenttype'); alias=default
DEBUG 2026-05-13 20:41:47,630 utils 8 132133983976320 (0.001) SELECT "auth_permission"."content_type_id" AS "content_type", "auth_permission"."codename" AS "codename" FROM "auth_permission" INNER JOIN "django_content_type" ON ("auth_permission"."content_type_id" = "django_content_type"."id") WHERE "auth_permission"."content_type_id" IN (5) ORDER BY "django_content_type"."app_label" ASC, "django_content_type"."model" ASC, 2 ASC; args=(5,); alias=default
DEBUG 2026-05-13 20:41:47,631 utils 8 132133983976320 (0.000) SELECT "django_content_type"."model" AS "model" FROM "django_content_type" WHERE "django_content_type"."app_label" = 'contenttypes'; args=('contenttypes',); alias=default
DEBUG 2026-05-13 20:41:47,633 utils 8 132133983976320 (0.000) SELECT "django_content_type"."model" AS "model" FROM "django_content_type" WHERE "django_content_type"."app_label" = 'sessions'; args=('sessions',); alias=default
DEBUG 2026-05-13 20:41:47,634 utils 8 132133983976320 (0.000) SELECT "django_content_type"."id", "django_content_type"."app_label", "django_content_type"."model" FROM "django_content_type" WHERE ("django_content_type"."app_label" = 'sessions' AND "django_content_type"."model" IN ('session')); args=('sessions', 'session'); alias=default
DEBUG 2026-05-13 20:41:47,638 utils 8 132133983976320 (0.001) SELECT "auth_permission"."content_type_id" AS "content_type", "auth_permission"."codename" AS "codename" FROM "auth_permission" INNER JOIN "django_content_type" ON ("auth_permission"."content_type_id" = "django_content_type"."id") WHERE "auth_permission"."content_type_id" IN (6) ORDER BY "django_content_type"."app_label" ASC, "django_content_type"."model" ASC, 2 ASC; args=(6,); alias=default
DEBUG 2026-05-13 20:41:47,641 utils 8 132133983976320 (0.001) SELECT "django_content_type"."model" AS "model" FROM "django_content_type" WHERE "django_content_type"."app_label" = 'sessions'; args=('sessions',); alias=default
DEBUG 2026-05-13 20:41:47,643 utils 8 132133983976320 (0.001) SELECT "django_content_type"."model" AS "model" FROM "django_content_type" WHERE "django_content_type"."app_label" = 'core'; args=('core',); alias=default
DEBUG 2026-05-13 20:41:47,645 utils 8 132133983976320 (0.000) SELECT "django_content_type"."id", "django_content_type"."app_label", "django_content_type"."model" FROM "django_content_type" WHERE ("django_content_type"."app_label" = 'core' AND "django_content_type"."model" IN ('taskcomment', 'maintenancetask', 'userrole', 'taskhistory', 'residentprofile', 'property')); args=('core', 'taskcomment', 'maintenancetask', 'userrole', 'taskhistory', 'residentprofile', 'property'); alias=default
DEBUG 2026-05-13 20:41:47,647 utils 8 132133983976320 (0.001) SELECT "auth_permission"."content_type_id" AS "content_type", "auth_permission"."codename" AS "codename" FROM "auth_permission" INNER JOIN "django_content_type" ON ("auth_permission"."content_type_id" = "django_content_type"."id") WHERE "auth_permission"."content_type_id" IN (7, 8, 9, 10, 11, 12) ORDER BY "django_content_type"."app_label" ASC, "django_content_type"."model" ASC, 2 ASC; args=(7, 8, 9, 10, 11, 12); alias=default
DEBUG 2026-05-13 20:41:47,649 utils 8 132133983976320 (0.000) SELECT "django_content_type"."model" AS "model" FROM "django_content_type" WHERE "django_content_type"."app_label" = 'core'; args=('core',); alias=default
DEBUG 2026-05-13 20:41:47,650 utils 8 132133983976320 (0.000) SELECT "django_content_type"."model" AS "model" FROM "django_content_type" WHERE "django_content_type"."app_label" = 'users'; args=('users',); alias=default
DEBUG 2026-05-13 20:41:47,653 utils 8 132133983976320 (0.002) SELECT "django_content_type"."id", "django_content_type"."app_label", "django_content_type"."model" FROM "django_content_type" WHERE ("django_content_type"."app_label" = 'users' AND "django_content_type"."model" IN ('useractivity', 'userprofile')); args=('users', 'useractivity', 'userprofile'); alias=default
DEBUG 2026-05-13 20:41:47,657 utils 8 132133983976320 (0.002) SELECT "auth_permission"."content_type_id" AS "content_type", "auth_permission"."codename" AS "codename" FROM "auth_permission" INNER JOIN "django_content_type" ON ("auth_permission"."content_type_id" = "django_content_type"."id") WHERE "auth_permission"."content_type_id" IN (13, 14) ORDER BY "django_content_type"."app_label" ASC, "django_content_type"."model" ASC, 2 ASC; args=(13, 14); alias=default
DEBUG 2026-05-13 20:41:47,659 utils 8 132133983976320 (0.000) SELECT "django_content_type"."model" AS "model" FROM "django_content_type" WHERE "django_content_type"."app_label" = 'users'; args=('users',); alias=default
DEBUG 2026-05-13 20:41:47,660 utils 8 132133983976320 (0.001) SELECT "django_content_type"."model" AS "model" FROM "django_content_type" WHERE "django_content_type"."app_label" = 'notifications'; args=('notifications',); alias=default
DEBUG 2026-05-13 20:41:47,662 utils 8 132133983976320 (0.000) SELECT "django_content_type"."id", "django_content_type"."app_label", "django_content_type"."model" FROM "django_content_type" WHERE ("django_content_type"."app_label" = 'notifications' AND "django_content_type"."model" IN ('notificationpreference', 'notification', 'emailtemplate')); args=('notifications', 'notificationpreference', 'notification', 'emailtemplate'); alias=default
DEBUG 2026-05-13 20:41:47,664 utils 8 132133983976320 (0.001) SELECT "auth_permission"."content_type_id" AS "content_type", "auth_permission"."codename" AS "codename" FROM "auth_permission" INNER JOIN "django_content_type" ON ("auth_permission"."content_type_id" = "django_content_type"."id") WHERE "auth_permission"."content_type_id" IN (16, 17, 15) ORDER BY "django_content_type"."app_label" ASC, "django_content_type"."model" ASC, 2 ASC; args=(16, 17, 15); alias=default
DEBUG 2026-05-13 20:41:47,665 utils 8 132133983976320 (0.000) SELECT "django_content_type"."model" AS "model" FROM "django_content_type" WHERE "django_content_type"."app_label" = 'notifications'; args=('notifications',); alias=default
DEBUG 2026-05-13 20:41:49,909 utils 15 135567733439360 (0.015) 
            SELECT
                c.relname,
                CASE
                    WHEN c.relispartition THEN 'p'
                    WHEN c.relkind IN ('m', 'v') THEN 'v'
                    ELSE 't'
                END,
                obj_description(c.oid, 'pg_class')
            FROM pg_catalog.pg_class c
            LEFT JOIN pg_catalog.pg_namespace n ON n.oid = c.relnamespace
            WHERE c.relkind IN ('f', 'm', 'p', 'r', 'v')
                AND n.nspname NOT IN ('pg_catalog', 'pg_toast')
                AND pg_catalog.pg_table_is_visible(c.oid)
        ; args=None; alias=default
DEBUG 2026-05-13 20:41:49,912 utils 15 135567733439360 (0.001) SELECT "django_migrations"."id", "django_migrations"."app", "django_migrations"."name", "django_migrations"."applied" FROM "django_migrations"; args=(); alias=default
DEBUG 2026-05-13 20:41:49,915 utils 15 135567733439360 (0.002) 
            SELECT
                c.relname,
                CASE
                    WHEN c.relispartition THEN 'p'
                    WHEN c.relkind IN ('m', 'v') THEN 'v'
                    ELSE 't'
                END,
                obj_description(c.oid, 'pg_class')
            FROM pg_catalog.pg_class c
            LEFT JOIN pg_catalog.pg_namespace n ON n.oid = c.relnamespace
            WHERE c.relkind IN ('f', 'm', 'p', 'r', 'v')
                AND n.nspname NOT IN ('pg_catalog', 'pg_toast')
                AND pg_catalog.pg_table_is_visible(c.oid)
        ; args=None; alias=default
DEBUG 2026-05-13 20:41:49,916 utils 15 135567733439360 (0.000) SELECT "django_migrations"."id", "django_migrations"."app", "django_migrations"."name", "django_migrations"."applied" FROM "django_migrations"; args=(); alias=default
DEBUG 2026-05-13 20:41:49,950 utils 15 135567733439360 (0.004) 
            SELECT
                c.relname,
                CASE
                    WHEN c.relispartition THEN 'p'
                    WHEN c.relkind IN ('m', 'v') THEN 'v'
                    ELSE 't'
                END,
                obj_description(c.oid, 'pg_class')
            FROM pg_catalog.pg_class c
            LEFT JOIN pg_catalog.pg_namespace n ON n.oid = c.relnamespace
            WHERE c.relkind IN ('f', 'm', 'p', 'r', 'v')
                AND n.nspname NOT IN ('pg_catalog', 'pg_toast')
                AND pg_catalog.pg_table_is_visible(c.oid)
        ; args=None; alias=default
DEBUG 2026-05-13 20:41:49,954 utils 15 135567733439360 (0.001) SELECT "django_migrations"."id", "django_migrations"."app", "django_migrations"."name", "django_migrations"."applied" FROM "django_migrations"; args=(); alias=default
DEBUG 2026-05-13 20:41:49,962 utils 15 135567733439360 (0.004) SELECT "django_content_type"."model" AS "model" FROM "django_content_type" WHERE "django_content_type"."app_label" = 'admin'; args=('admin',); alias=default
DEBUG 2026-05-13 20:41:49,963 utils 15 135567733439360 (0.000) SELECT "django_content_type"."id", "django_content_type"."app_label", "django_content_type"."model" FROM "django_content_type" WHERE ("django_content_type"."app_label" = 'admin' AND "django_content_type"."model" IN ('logentry')); args=('admin', 'logentry'); alias=default
DEBUG 2026-05-13 20:41:49,968 utils 15 135567733439360 (0.002) SELECT "auth_permission"."content_type_id" AS "content_type", "auth_permission"."codename" AS "codename" FROM "auth_permission" INNER JOIN "django_content_type" ON ("auth_permission"."content_type_id" = "django_content_type"."id") WHERE "auth_permission"."content_type_id" IN (1) ORDER BY "django_content_type"."app_label" ASC, "django_content_type"."model" ASC, 2 ASC; args=(1,); alias=default
DEBUG 2026-05-13 20:41:49,972 utils 15 135567733439360 (0.001) SELECT "django_content_type"."model" AS "model" FROM "django_content_type" WHERE "django_content_type"."app_label" = 'admin'; args=('admin',); alias=default
DEBUG 2026-05-13 20:41:49,975 utils 15 135567733439360 (0.001) SELECT "django_content_type"."model" AS "model" FROM "django_content_type" WHERE "django_content_type"."app_label" = 'auth'; args=('auth',); alias=default
DEBUG 2026-05-13 20:41:49,978 utils 15 135567733439360 (0.001) SELECT "django_content_type"."id", "django_content_type"."app_label", "django_content_type"."model" FROM "django_content_type" WHERE ("django_content_type"."app_label" = 'auth' AND "django_content_type"."model" IN ('user', 'group', 'permission')); args=('auth', 'user', 'group', 'permission'); alias=default
DEBUG 2026-05-13 20:41:49,981 utils 15 135567733439360 (0.001) SELECT "auth_permission"."content_type_id" AS "content_type", "auth_permission"."codename" AS "codename" FROM "auth_permission" INNER JOIN "django_content_type" ON ("auth_permission"."content_type_id" = "django_content_type"."id") WHERE "auth_permission"."content_type_id" IN (2, 3, 4) ORDER BY "django_content_type"."app_label" ASC, "django_content_type"."model" ASC, 2 ASC; args=(2, 3, 4); alias=default
DEBUG 2026-05-13 20:41:49,983 utils 15 135567733439360 (0.001) SELECT "django_content_type"."model" AS "model" FROM "django_content_type" WHERE "django_content_type"."app_label" = 'auth'; args=('auth',); alias=default
DEBUG 2026-05-13 20:41:49,985 utils 15 135567733439360 (0.001) SELECT "django_content_type"."model" AS "model" FROM "django_content_type" WHERE "django_content_type"."app_label" = 'contenttypes'; args=('contenttypes',); alias=default
DEBUG 2026-05-13 20:41:49,989 utils 15 135567733439360 (0.001) SELECT "django_content_type"."id", "django_content_type"."app_label", "django_content_type"."model" FROM "django_content_type" WHERE ("django_content_type"."app_label" = 'contenttypes' AND "django_content_type"."model" IN ('contenttype')); args=('contenttypes', 'contenttype'); alias=default
DEBUG 2026-05-13 20:41:49,995 utils 15 135567733439360 (0.003) SELECT "auth_permission"."content_type_id" AS "content_type", "auth_permission"."codename" AS "codename" FROM "auth_permission" INNER JOIN "django_content_type" ON ("auth_permission"."content_type_id" = "django_content_type"."id") WHERE "auth_permission"."content_type_id" IN (5) ORDER BY "django_content_type"."app_label" ASC, "django_content_type"."model" ASC, 2 ASC; args=(5,); alias=default
DEBUG 2026-05-13 20:41:49,997 utils 15 135567733439360 (0.001) SELECT "django_content_type"."model" AS "model" FROM "django_content_type" WHERE "django_content_type"."app_label" = 'contenttypes'; args=('contenttypes',); alias=default
DEBUG 2026-05-13 20:41:49,999 utils 15 135567733439360 (0.001) SELECT "django_content_type"."model" AS "model" FROM "django_content_type" WHERE "django_content_type"."app_label" = 'sessions'; args=('sessions',); alias=default
DEBUG 2026-05-13 20:41:50,004 utils 15 135567733439360 (0.002) SELECT "django_content_type"."id", "django_content_type"."app_label", "django_content_type"."model" FROM "django_content_type" WHERE ("django_content_type"."app_label" = 'sessions' AND "django_content_type"."model" IN ('session')); args=('sessions', 'session'); alias=default
DEBUG 2026-05-13 20:41:50,007 utils 15 135567733439360 (0.001) SELECT "auth_permission"."content_type_id" AS "content_type", "auth_permission"."codename" AS "codename" FROM "auth_permission" INNER JOIN "django_content_type" ON ("auth_permission"."content_type_id" = "django_content_type"."id") WHERE "auth_permission"."content_type_id" IN (6) ORDER BY "django_content_type"."app_label" ASC, "django_content_type"."model" ASC, 2 ASC; args=(6,); alias=default
DEBUG 2026-05-13 20:41:50,010 utils 15 135567733439360 (0.001) SELECT "django_content_type"."model" AS "model" FROM "django_content_type" WHERE "django_content_type"."app_label" = 'sessions'; args=('sessions',); alias=default
DEBUG 2026-05-13 20:41:50,012 utils 15 135567733439360 (0.001) SELECT "django_content_type"."model" AS "model" FROM "django_content_type" WHERE "django_content_type"."app_label" = 'core'; args=('core',); alias=default
DEBUG 2026-05-13 20:41:50,015 utils 15 135567733439360 (0.001) SELECT "django_content_type"."id", "django_content_type"."app_label", "django_content_type"."model" FROM "django_content_type" WHERE ("django_content_type"."app_label" = 'core' AND "django_content_type"."model" IN ('taskcomment', 'taskhistory', 'userrole', 'maintenancetask', 'residentprofile', 'property')); args=('core', 'taskcomment', 'taskhistory', 'userrole', 'maintenancetask', 'residentprofile', 'property'); alias=default
DEBUG 2026-05-13 20:41:50,017 utils 15 135567733439360 (0.001) SELECT "auth_permission"."content_type_id" AS "content_type", "auth_permission"."codename" AS "codename" FROM "auth_permission" INNER JOIN "django_content_type" ON ("auth_permission"."content_type_id" = "django_content_type"."id") WHERE "auth_permission"."content_type_id" IN (7, 8, 9, 10, 11, 12) ORDER BY "django_content_type"."app_label" ASC, "django_content_type"."model" ASC, 2 ASC; args=(7, 8, 9, 10, 11, 12); alias=default
DEBUG 2026-05-13 20:41:50,022 utils 15 135567733439360 (0.001) SELECT "django_content_type"."model" AS "model" FROM "django_content_type" WHERE "django_content_type"."app_label" = 'core'; args=('core',); alias=default
DEBUG 2026-05-13 20:41:50,024 utils 15 135567733439360 (0.001) SELECT "django_content_type"."model" AS "model" FROM "django_content_type" WHERE "django_content_type"."app_label" = 'users'; args=('users',); alias=default
DEBUG 2026-05-13 20:41:50,026 utils 15 135567733439360 (0.001) SELECT "django_content_type"."id", "django_content_type"."app_label", "django_content_type"."model" FROM "django_content_type" WHERE ("django_content_type"."app_label" = 'users' AND "django_content_type"."model" IN ('userprofile', 'useractivity')); args=('users', 'userprofile', 'useractivity'); alias=default
DEBUG 2026-05-13 20:41:50,030 utils 15 135567733439360 (0.001) SELECT "auth_permission"."content_type_id" AS "content_type", "auth_permission"."codename" AS "codename" FROM "auth_permission" INNER JOIN "django_content_type" ON ("auth_permission"."content_type_id" = "django_content_type"."id") WHERE "auth_permission"."content_type_id" IN (13, 14) ORDER BY "django_content_type"."app_label" ASC, "django_content_type"."model" ASC, 2 ASC; args=(13, 14); alias=default
DEBUG 2026-05-13 20:41:50,032 utils 15 135567733439360 (0.001) SELECT "django_content_type"."model" AS "model" FROM "django_content_type" WHERE "django_content_type"."app_label" = 'users'; args=('users',); alias=default
DEBUG 2026-05-13 20:41:50,033 utils 15 135567733439360 (0.001) SELECT "django_content_type"."model" AS "model" FROM "django_content_type" WHERE "django_content_type"."app_label" = 'notifications'; args=('notifications',); alias=default
DEBUG 2026-05-13 20:41:50,038 utils 15 135567733439360 (0.002) SELECT "django_content_type"."id", "django_content_type"."app_label", "django_content_type"."model" FROM "django_content_type" WHERE ("django_content_type"."app_label" = 'notifications' AND "django_content_type"."model" IN ('notificationpreference', 'notification', 'emailtemplate')); args=('notifications', 'notificationpreference', 'notification', 'emailtemplate'); alias=default
DEBUG 2026-05-13 20:41:50,041 utils 15 135567733439360 (0.001) SELECT "auth_permission"."content_type_id" AS "content_type", "auth_permission"."codename" AS "codename" FROM "auth_permission" INNER JOIN "django_content_type" ON ("auth_permission"."content_type_id" = "django_content_type"."id") WHERE "auth_permission"."content_type_id" IN (16, 17, 15) ORDER BY "django_content_type"."app_label" ASC, "django_content_type"."model" ASC, 2 ASC; args=(16, 17, 15); alias=default
DEBUG 2026-05-13 20:41:50,043 utils 15 135567733439360 (0.001) SELECT "django_content_type"."model" AS "model" FROM "django_content_type" WHERE "django_content_type"."app_label" = 'notifications'; args=('notifications',); alias=default
DEBUG 2026-05-13 20:41:50,472 utils 15 135567733439360 (0.426) SELECT "auth_user"."id", "auth_user"."password", "auth_user"."last_login", "auth_user"."is_superuser", "auth_user"."username", "auth_user"."first_name", "auth_user"."last_name", "auth_user"."email", "auth_user"."is_staff", "auth_user"."is_active", "auth_user"."date_joined" FROM "auth_user" WHERE "auth_user"."username" = 'admin' LIMIT 21; args=('admin',); alias=default
DEBUG 2026-05-13 20:41:50,613 utils 15 135567733439360 (0.138) SELECT "users_userprofile"."id", "users_userprofile"."user_id", "users_userprofile"."phone", "users_userprofile"."bio", "users_userprofile"."notifications_enabled", "users_userprofile"."email_on_task_assigned", "users_userprofile"."email_on_task_completed", "users_userprofile"."last_login_ip", "users_userprofile"."created_at", "users_userprofile"."updated_at" FROM "users_userprofile" WHERE "users_userprofile"."user_id" = 1 LIMIT 21; args=(1,); alias=default
DEBUG 2026-05-13 20:41:50,615 utils 15 135567733439360 (0.000) SELECT "auth_user"."id", "auth_user"."password", "auth_user"."last_login", "auth_user"."is_superuser", "auth_user"."username", "auth_user"."first_name", "auth_user"."last_name", "auth_user"."email", "auth_user"."is_staff", "auth_user"."is_active", "auth_user"."date_joined" FROM "auth_user" WHERE "auth_user"."username" = 'manager1' LIMIT 21; args=('manager1',); alias=default
DEBUG 2026-05-13 20:41:50,617 utils 15 135567733439360 (0.000) SELECT "users_userprofile"."id", "users_userprofile"."user_id", "users_userprofile"."phone", "users_userprofile"."bio", "users_userprofile"."notifications_enabled", "users_userprofile"."email_on_task_assigned", "users_userprofile"."email_on_task_completed", "users_userprofile"."last_login_ip", "users_userprofile"."created_at", "users_userprofile"."updated_at" FROM "users_userprofile" WHERE "users_userprofile"."user_id" = 2 LIMIT 21; args=(2,); alias=default
DEBUG 2026-05-13 20:41:50,937 utils 15 135567733439360 (0.318) UPDATE "users_userprofile" SET "user_id" = 2, "phone" = '', "bio" = NULL, "notifications_enabled" = true, "email_on_task_assigned" = true, "email_on_task_completed" = true, "last_login_ip" = NULL, "created_at" = '2026-05-12T17:21:23.533309+00:00'::timestamptz, "updated_at" = '2026-05-13T18:41:50.617882+00:00'::timestamptz WHERE "users_userprofile"."id" = 2; args=(2, '', True, True, True, datetime.datetime(2026, 5, 12, 17, 21, 23, 533309, tzinfo=datetime.timezone.utc), datetime.datetime(2026, 5, 13, 18, 41, 50, 617882, tzinfo=datetime.timezone.utc), 2); alias=default
DEBUG 2026-05-13 20:41:51,076 utils 15 135567733439360 (0.137) SELECT "core_userrole"."id", "core_userrole"."user_id", "core_userrole"."role", "core_userrole"."created_at" FROM "core_userrole" WHERE "core_userrole"."user_id" = 2 LIMIT 21; args=(2,); alias=default
DEBUG 2026-05-13 20:41:51,078 utils 15 135567733439360 (0.001) SELECT "auth_user"."id", "auth_user"."password", "auth_user"."last_login", "auth_user"."is_superuser", "auth_user"."username", "auth_user"."first_name", "auth_user"."last_name", "auth_user"."email", "auth_user"."is_staff", "auth_user"."is_active", "auth_user"."date_joined" FROM "auth_user" WHERE "auth_user"."username" = 'staff1' LIMIT 21; args=('staff1',); alias=default
DEBUG 2026-05-13 20:41:51,080 utils 15 135567733439360 (0.001) SELECT "users_userprofile"."id", "users_userprofile"."user_id", "users_userprofile"."phone", "users_userprofile"."bio", "users_userprofile"."notifications_enabled", "users_userprofile"."email_on_task_assigned", "users_userprofile"."email_on_task_completed", "users_userprofile"."last_login_ip", "users_userprofile"."created_at", "users_userprofile"."updated_at" FROM "users_userprofile" WHERE "users_userprofile"."user_id" = 3 LIMIT 21; args=(3,); alias=default
DEBUG 2026-05-13 20:41:51,103 utils 15 135567733439360 (0.022) UPDATE "users_userprofile" SET "user_id" = 3, "phone" = '+263712345678', "bio" = NULL, "notifications_enabled" = true, "email_on_task_assigned" = true, "email_on_task_completed" = true, "last_login_ip" = NULL, "created_at" = '2026-05-12T17:21:24.499970+00:00'::timestamptz, "updated_at" = '2026-05-13T18:41:51.081136+00:00'::timestamptz WHERE "users_userprofile"."id" = 3; args=(3, '+263712345678', True, True, True, datetime.datetime(2026, 5, 12, 17, 21, 24, 499970, tzinfo=datetime.timezone.utc), datetime.datetime(2026, 5, 13, 18, 41, 51, 81136, tzinfo=datetime.timezone.utc), 3); alias=default
DEBUG 2026-05-13 20:41:51,106 utils 15 135567733439360 (0.001) SELECT "core_userrole"."id", "core_userrole"."user_id", "core_userrole"."role", "core_userrole"."created_at" FROM "core_userrole" WHERE "core_userrole"."user_id" = 3 LIMIT 21; args=(3,); alias=default
DEBUG 2026-05-13 20:41:51,109 utils 15 135567733439360 (0.001) SELECT "auth_user"."id", "auth_user"."password", "auth_user"."last_login", "auth_user"."is_superuser", "auth_user"."username", "auth_user"."first_name", "auth_user"."last_name", "auth_user"."email", "auth_user"."is_staff", "auth_user"."is_active", "auth_user"."date_joined" FROM "auth_user" WHERE "auth_user"."username" = 'staff2' LIMIT 21; args=('staff2',); alias=default
DEBUG 2026-05-13 20:41:51,111 utils 15 135567733439360 (0.001) SELECT "users_userprofile"."id", "users_userprofile"."user_id", "users_userprofile"."phone", "users_userprofile"."bio", "users_userprofile"."notifications_enabled", "users_userprofile"."email_on_task_assigned", "users_userprofile"."email_on_task_completed", "users_userprofile"."last_login_ip", "users_userprofile"."created_at", "users_userprofile"."updated_at" FROM "users_userprofile" WHERE "users_userprofile"."user_id" = 4 LIMIT 21; args=(4,); alias=default
DEBUG 2026-05-13 20:41:51,125 utils 15 135567733439360 (0.012) UPDATE "users_userprofile" SET "user_id" = 4, "phone" = '+263712345679', "bio" = NULL, "notifications_enabled" = true, "email_on_task_assigned" = true, "email_on_task_completed" = true, "last_login_ip" = NULL, "created_at" = '2026-05-12T17:21:25.400018+00:00'::timestamptz, "updated_at" = '2026-05-13T18:41:51.112600+00:00'::timestamptz WHERE "users_userprofile"."id" = 4; args=(4, '+263712345679', True, True, True, datetime.datetime(2026, 5, 12, 17, 21, 25, 400018, tzinfo=datetime.timezone.utc), datetime.datetime(2026, 5, 13, 18, 41, 51, 112600, tzinfo=datetime.timezone.utc), 4); alias=default
DEBUG 2026-05-13 20:41:51,128 utils 15 135567733439360 (0.001) SELECT "core_userrole"."id", "core_userrole"."user_id", "core_userrole"."role", "core_userrole"."created_at" FROM "core_userrole" WHERE "core_userrole"."user_id" = 4 LIMIT 21; args=(4,); alias=default
DEBUG 2026-05-13 20:41:51,130 utils 15 135567733439360 (0.001) SELECT "auth_user"."id", "auth_user"."password", "auth_user"."last_login", "auth_user"."is_superuser", "auth_user"."username", "auth_user"."first_name", "auth_user"."last_name", "auth_user"."email", "auth_user"."is_staff", "auth_user"."is_active", "auth_user"."date_joined" FROM "auth_user" WHERE "auth_user"."username" = 'resident1' LIMIT 21; args=('resident1',); alias=default
DEBUG 2026-05-13 20:41:51,132 utils 15 135567733439360 (0.001) SELECT "users_userprofile"."id", "users_userprofile"."user_id", "users_userprofile"."phone", "users_userprofile"."bio", "users_userprofile"."notifications_enabled", "users_userprofile"."email_on_task_assigned", "users_userprofile"."email_on_task_completed", "users_userprofile"."last_login_ip", "users_userprofile"."created_at", "users_userprofile"."updated_at" FROM "users_userprofile" WHERE "users_userprofile"."user_id" = 5 LIMIT 21; args=(5,); alias=default
DEBUG 2026-05-13 20:41:51,137 utils 15 135567733439360 (0.003) UPDATE "users_userprofile" SET "user_id" = 5, "phone" = '+263787654321', "bio" = NULL, "notifications_enabled" = true, "email_on_task_assigned" = true, "email_on_task_completed" = true, "last_login_ip" = NULL, "created_at" = '2026-05-12T17:21:26.322287+00:00'::timestamptz, "updated_at" = '2026-05-13T18:41:51.133096+00:00'::timestamptz WHERE "users_userprofile"."id" = 5; args=(5, '+263787654321', True, True, True, datetime.datetime(2026, 5, 12, 17, 21, 26, 322287, tzinfo=datetime.timezone.utc), datetime.datetime(2026, 5, 13, 18, 41, 51, 133096, tzinfo=datetime.timezone.utc), 5); alias=default
DEBUG 2026-05-13 20:41:51,139 utils 15 135567733439360 (0.001) SELECT "core_userrole"."id", "core_userrole"."user_id", "core_userrole"."role", "core_userrole"."created_at" FROM "core_userrole" WHERE "core_userrole"."user_id" = 5 LIMIT 21; args=(5,); alias=default
DEBUG 2026-05-13 20:41:51,172 utils 15 135567733439360 (0.031) SELECT "core_residentprofile"."id", "core_residentprofile"."user_id", "core_residentprofile"."phone", "core_residentprofile"."address", "core_residentprofile"."unit_number", "core_residentprofile"."created_at", "core_residentprofile"."updated_at" FROM "core_residentprofile" WHERE "core_residentprofile"."user_id" = 5 LIMIT 21; args=(5,); alias=default
DEBUG 2026-05-13 20:41:51,175 utils 15 135567733439360 (0.001) SELECT "auth_user"."id", "auth_user"."password", "auth_user"."last_login", "auth_user"."is_superuser", "auth_user"."username", "auth_user"."first_name", "auth_user"."last_name", "auth_user"."email", "auth_user"."is_staff", "auth_user"."is_active", "auth_user"."date_joined" FROM "auth_user" WHERE "auth_user"."username" = 'resident2' LIMIT 21; args=('resident2',); alias=default
DEBUG 2026-05-13 20:41:51,177 utils 15 135567733439360 (0.001) SELECT "users_userprofile"."id", "users_userprofile"."user_id", "users_userprofile"."phone", "users_userprofile"."bio", "users_userprofile"."notifications_enabled", "users_userprofile"."email_on_task_assigned", "users_userprofile"."email_on_task_completed", "users_userprofile"."last_login_ip", "users_userprofile"."created_at", "users_userprofile"."updated_at" FROM "users_userprofile" WHERE "users_userprofile"."user_id" = 6 LIMIT 21; args=(6,); alias=default
DEBUG 2026-05-13 20:41:51,192 utils 15 135567733439360 (0.013) UPDATE "users_userprofile" SET "user_id" = 6, "phone" = '+263787654322', "bio" = NULL, "notifications_enabled" = true, "email_on_task_assigned" = true, "email_on_task_completed" = true, "last_login_ip" = NULL, "created_at" = '2026-05-12T17:21:27.366850+00:00'::timestamptz, "updated_at" = '2026-05-13T18:41:51.179032+00:00'::timestamptz WHERE "users_userprofile"."id" = 6; args=(6, '+263787654322', True, True, True, datetime.datetime(2026, 5, 12, 17, 21, 27, 366850, tzinfo=datetime.timezone.utc), datetime.datetime(2026, 5, 13, 18, 41, 51, 179032, tzinfo=datetime.timezone.utc), 6); alias=default
DEBUG 2026-05-13 20:41:51,194 utils 15 135567733439360 (0.001) SELECT "core_userrole"."id", "core_userrole"."user_id", "core_userrole"."role", "core_userrole"."created_at" FROM "core_userrole" WHERE "core_userrole"."user_id" = 6 LIMIT 21; args=(6,); alias=default
DEBUG 2026-05-13 20:41:51,197 utils 15 135567733439360 (0.001) SELECT "core_residentprofile"."id", "core_residentprofile"."user_id", "core_residentprofile"."phone", "core_residentprofile"."address", "core_residentprofile"."unit_number", "core_residentprofile"."created_at", "core_residentprofile"."updated_at" FROM "core_residentprofile" WHERE "core_residentprofile"."user_id" = 6 LIMIT 21; args=(6,); alias=default
DEBUG 2026-05-13 20:41:51,200 utils 15 135567733439360 (0.001) SELECT "auth_user"."id", "auth_user"."password", "auth_user"."last_login", "auth_user"."is_superuser", "auth_user"."username", "auth_user"."first_name", "auth_user"."last_name", "auth_user"."email", "auth_user"."is_staff", "auth_user"."is_active", "auth_user"."date_joined" FROM "auth_user" WHERE "auth_user"."username" = 'resident3' LIMIT 21; args=('resident3',); alias=default
DEBUG 2026-05-13 20:41:51,206 utils 15 135567733439360 (0.001) SELECT "users_userprofile"."id", "users_userprofile"."user_id", "users_userprofile"."phone", "users_userprofile"."bio", "users_userprofile"."notifications_enabled", "users_userprofile"."email_on_task_assigned", "users_userprofile"."email_on_task_completed", "users_userprofile"."last_login_ip", "users_userprofile"."created_at", "users_userprofile"."updated_at" FROM "users_userprofile" WHERE "users_userprofile"."user_id" = 7 LIMIT 21; args=(7,); alias=default
DEBUG 2026-05-13 20:41:51,215 utils 15 135567733439360 (0.007) UPDATE "users_userprofile" SET "user_id" = 7, "phone" = '+263787654323', "bio" = NULL, "notifications_enabled" = true, "email_on_task_assigned" = true, "email_on_task_completed" = true, "last_login_ip" = NULL, "created_at" = '2026-05-13T18:20:44.248738+00:00'::timestamptz, "updated_at" = '2026-05-13T18:41:51.207159+00:00'::timestamptz WHERE "users_userprofile"."id" = 8; args=(7, '+263787654323', True, True, True, datetime.datetime(2026, 5, 13, 18, 20, 44, 248738, tzinfo=datetime.timezone.utc), datetime.datetime(2026, 5, 13, 18, 41, 51, 207159, tzinfo=datetime.timezone.utc), 8); alias=default
DEBUG 2026-05-13 20:41:51,217 utils 15 135567733439360 (0.001) SELECT "core_userrole"."id", "core_userrole"."user_id", "core_userrole"."role", "core_userrole"."created_at" FROM "core_userrole" WHERE "core_userrole"."user_id" = 7 LIMIT 21; args=(7,); alias=default
DEBUG 2026-05-13 20:41:51,223 utils 15 135567733439360 (0.002) SELECT "core_residentprofile"."id", "core_residentprofile"."user_id", "core_residentprofile"."phone", "core_residentprofile"."address", "core_residentprofile"."unit_number", "core_residentprofile"."created_at", "core_residentprofile"."updated_at" FROM "core_residentprofile" WHERE "core_residentprofile"."user_id" = 7 LIMIT 21; args=(7,); alias=default
DEBUG 2026-05-13 20:41:51,225 utils 15 135567733439360 (0.001) SELECT "auth_user"."id", "auth_user"."password", "auth_user"."last_login", "auth_user"."is_superuser", "auth_user"."username", "auth_user"."first_name", "auth_user"."last_name", "auth_user"."email", "auth_user"."is_staff", "auth_user"."is_active", "auth_user"."date_joined" FROM "auth_user" WHERE "auth_user"."username" = 'manager1' LIMIT 21; args=('manager1',); alias=default
DEBUG 2026-05-13 20:41:51,244 utils 15 135567733439360 (0.017) SELECT "core_property"."id", "core_property"."name", "core_property"."address", "core_property"."manager_id", "core_property"."description", "core_property"."status", "core_property"."created_at", "core_property"."updated_at" FROM "core_property" WHERE ("core_property"."manager_id" = 2 AND "core_property"."name" = 'Century Estate') LIMIT 21; args=(2, 'Century Estate'); alias=default
DEBUG 2026-05-13 20:41:51,247 utils 15 135567733439360 (0.001) SELECT "core_property"."id", "core_property"."name", "core_property"."address", "core_property"."manager_id", "core_property"."description", "core_property"."status", "core_property"."created_at", "core_property"."updated_at" FROM "core_property" WHERE ("core_property"."manager_id" = 2 AND "core_property"."name" = 'Borrowdale Plaza') LIMIT 21; args=(2, 'Borrowdale Plaza'); alias=default
DEBUG 2026-05-13 20:41:51,251 utils 15 135567733439360 (0.002) SELECT "core_property"."id", "core_property"."name", "core_property"."address", "core_property"."manager_id", "core_property"."description", "core_property"."status", "core_property"."created_at", "core_property"."updated_at" FROM "core_property" WHERE ("core_property"."manager_id" = 2 AND "core_property"."name" = 'Avondale Executive Office Park') LIMIT 21; args=(2, 'Avondale Executive Office Park'); alias=default
DEBUG 2026-05-13 20:41:51,255 utils 15 135567733439360 (0.001) SELECT "auth_user"."id", "auth_user"."password", "auth_user"."last_login", "auth_user"."is_superuser", "auth_user"."username", "auth_user"."first_name", "auth_user"."last_name", "auth_user"."email", "auth_user"."is_staff", "auth_user"."is_active", "auth_user"."date_joined" FROM "auth_user" WHERE "auth_user"."username" = 'manager1' LIMIT 21; args=('manager1',); alias=default
DEBUG 2026-05-13 20:41:51,258 utils 15 135567733439360 (0.001) SELECT "auth_user"."id", "auth_user"."password", "auth_user"."last_login", "auth_user"."is_superuser", "auth_user"."username", "auth_user"."first_name", "auth_user"."last_name", "auth_user"."email", "auth_user"."is_staff", "auth_user"."is_active", "auth_user"."date_joined" FROM "auth_user" WHERE "auth_user"."username" = 'staff1' LIMIT 21; args=('staff1',); alias=default
DEBUG 2026-05-13 20:41:51,260 utils 15 135567733439360 (0.001) SELECT "auth_user"."id", "auth_user"."password", "auth_user"."last_login", "auth_user"."is_superuser", "auth_user"."username", "auth_user"."first_name", "auth_user"."last_name", "auth_user"."email", "auth_user"."is_staff", "auth_user"."is_active", "auth_user"."date_joined" FROM "auth_user" WHERE "auth_user"."username" = 'staff2' LIMIT 21; args=('staff2',); alias=default
DEBUG 2026-05-13 20:41:51,263 utils 15 135567733439360 (0.001) SELECT "auth_user"."id", "auth_user"."password", "auth_user"."last_login", "auth_user"."is_superuser", "auth_user"."username", "auth_user"."first_name", "auth_user"."last_name", "auth_user"."email", "auth_user"."is_staff", "auth_user"."is_active", "auth_user"."date_joined" FROM "auth_user" WHERE "auth_user"."username" = 'resident1' LIMIT 21; args=('resident1',); alias=default
DEBUG 2026-05-13 20:41:51,265 utils 15 135567733439360 (0.001) SELECT "auth_user"."id", "auth_user"."password", "auth_user"."last_login", "auth_user"."is_superuser", "auth_user"."username", "auth_user"."first_name", "auth_user"."last_name", "auth_user"."email", "auth_user"."is_staff", "auth_user"."is_active", "auth_user"."date_joined" FROM "auth_user" WHERE "auth_user"."username" = 'resident2' LIMIT 21; args=('resident2',); alias=default
DEBUG 2026-05-13 20:41:51,268 utils 15 135567733439360 (0.001) SELECT "auth_user"."id", "auth_user"."password", "auth_user"."last_login", "auth_user"."is_superuser", "auth_user"."username", "auth_user"."first_name", "auth_user"."last_name", "auth_user"."email", "auth_user"."is_staff", "auth_user"."is_active", "auth_user"."date_joined" FROM "auth_user" WHERE "auth_user"."username" = 'resident3' LIMIT 21; args=('resident3',); alias=default
DEBUG 2026-05-13 20:41:51,272 utils 15 135567733439360 (0.002) SELECT "core_property"."id", "core_property"."name", "core_property"."address", "core_property"."manager_id", "core_property"."description", "core_property"."status", "core_property"."created_at", "core_property"."updated_at" FROM "core_property" ORDER BY "core_property"."created_at" DESC; args=(); alias=default
DEBUG 2026-05-13 20:41:51,347 utils 15 135567733439360 (0.073) SELECT "core_maintenancetask"."id", "core_maintenancetask"."property_id", "core_maintenancetask"."title", "core_maintenancetask"."description", "core_maintenancetask"."priority", "core_maintenancetask"."status", "core_maintenancetask"."assigned_to_id", "core_maintenancetask"."created_by_id", "core_maintenancetask"."created_at", "core_maintenancetask"."due_date", "core_maintenancetask"."updated_at", "core_maintenancetask"."completed_at", "core_maintenancetask"."completion_notes" FROM "core_maintenancetask" WHERE ("core_maintenancetask"."property_id" = 1 AND "core_maintenancetask"."title" = 'Plumbing Inspection - Block A') LIMIT 21; args=(1, 'Plumbing Inspection - Block A'); alias=default
DEBUG 2026-05-13 20:41:51,350 utils 15 135567733439360 (0.001) SELECT "core_maintenancetask"."id", "core_maintenancetask"."property_id", "core_maintenancetask"."title", "core_maintenancetask"."description", "core_maintenancetask"."priority", "core_maintenancetask"."status", "core_maintenancetask"."assigned_to_id", "core_maintenancetask"."created_by_id", "core_maintenancetask"."created_at", "core_maintenancetask"."due_date", "core_maintenancetask"."updated_at", "core_maintenancetask"."completed_at", "core_maintenancetask"."completion_notes" FROM "core_maintenancetask" WHERE ("core_maintenancetask"."property_id" = 1 AND "core_maintenancetask"."title" = 'Electrical System Upgrade') LIMIT 21; args=(1, 'Electrical System Upgrade'); alias=default
DEBUG 2026-05-13 20:41:51,354 utils 15 135567733439360 (0.001) SELECT "core_maintenancetask"."id", "core_maintenancetask"."property_id", "core_maintenancetask"."title", "core_maintenancetask"."description", "core_maintenancetask"."priority", "core_maintenancetask"."status", "core_maintenancetask"."assigned_to_id", "core_maintenancetask"."created_by_id", "core_maintenancetask"."created_at", "core_maintenancetask"."due_date", "core_maintenancetask"."updated_at", "core_maintenancetask"."completed_at", "core_maintenancetask"."completion_notes" FROM "core_maintenancetask" WHERE ("core_maintenancetask"."property_id" = 2 AND "core_maintenancetask"."title" = 'Parking Area Maintenance') LIMIT 21; args=(2, 'Parking Area Maintenance'); alias=default
DEBUG 2026-05-13 20:41:51,356 utils 15 135567733439360 (0.001) SELECT "core_maintenancetask"."id", "core_maintenancetask"."property_id", "core_maintenancetask"."title", "core_maintenancetask"."description", "core_maintenancetask"."priority", "core_maintenancetask"."status", "core_maintenancetask"."assigned_to_id", "core_maintenancetask"."created_by_id", "core_maintenancetask"."created_at", "core_maintenancetask"."due_date", "core_maintenancetask"."updated_at", "core_maintenancetask"."completed_at", "core_maintenancetask"."completion_notes" FROM "core_maintenancetask" WHERE ("core_maintenancetask"."property_id" = 3 AND "core_maintenancetask"."title" = 'HVAC System Maintenance') LIMIT 21; args=(3, 'HVAC System Maintenance'); alias=default
DEBUG 2026-05-13 20:41:51,361 utils 15 135567733439360 (0.003) SELECT "core_maintenancetask"."id", "core_maintenancetask"."property_id", "core_maintenancetask"."title", "core_maintenancetask"."description", "core_maintenancetask"."priority", "core_maintenancetask"."status", "core_maintenancetask"."assigned_to_id", "core_maintenancetask"."created_by_id", "core_maintenancetask"."created_at", "core_maintenancetask"."due_date", "core_maintenancetask"."updated_at", "core_maintenancetask"."completed_at", "core_maintenancetask"."completion_notes" FROM "core_maintenancetask" WHERE ("core_maintenancetask"."property_id" = 1 AND "core_maintenancetask"."title" = 'AC Unit Not Working') LIMIT 21; args=(1, 'AC Unit Not Working'); alias=default
DEBUG 2026-05-13 20:41:51,364 utils 15 135567733439360 (0.001) SELECT "core_maintenancetask"."id", "core_maintenancetask"."property_id", "core_maintenancetask"."title", "core_maintenancetask"."description", "core_maintenancetask"."priority", "core_maintenancetask"."status", "core_maintenancetask"."assigned_to_id", "core_maintenancetask"."created_by_id", "core_maintenancetask"."created_at", "core_maintenancetask"."due_date", "core_maintenancetask"."updated_at", "core_maintenancetask"."completed_at", "core_maintenancetask"."completion_notes" FROM "core_maintenancetask" WHERE ("core_maintenancetask"."property_id" = 1 AND "core_maintenancetask"."title" = 'Leaking Roof in Unit 205') LIMIT 21; args=(1, 'Leaking Roof in Unit 205'); alias=default
INFO 2026-05-13 20:41:55,925 autoreload 21 125903158266752 Watching for file changes with StatReloader
DEBUG 2026-05-13 20:41:55,926 autoreload 21 125903158266752 Waiting for apps ready_event.
DEBUG 2026-05-13 20:41:56,095 autoreload 21 125903158266752 Apps ready_event triggered. Sending autoreload_started signal.
DEBUG 2026-05-13 20:41:56,136 autoreload 21 125903158266752 Watching dir /usr/local/lib/python3.12/site-packages/rest_framework/templates with glob **/*.
DEBUG 2026-05-13 20:41:56,138 autoreload 21 125903158266752 Watching dir /app/locale with glob **/*.mo.
DEBUG 2026-05-13 20:41:56,138 autoreload 21 125903158266752 Watching dir /usr/local/lib/python3.12/site-packages/corsheaders/locale with glob **/*.mo.
DEBUG 2026-05-13 20:41:56,138 autoreload 21 125903158266752 Watching dir /usr/local/lib/python3.12/site-packages/rest_framework/locale with glob **/*.mo.
DEBUG 2026-05-13 20:41:56,139 autoreload 21 125903158266752 Watching dir /app/core/locale with glob **/*.mo.
DEBUG 2026-05-13 20:41:56,139 autoreload 21 125903158266752 Watching dir /app/users/locale with glob **/*.mo.
DEBUG 2026-05-13 20:41:56,140 autoreload 21 125903158266752 Watching dir /app/notifications/locale with glob **/*.mo.
DEBUG 2026-05-13 20:41:56,213 utils 21 125903080257216 (0.016) 
            SELECT
                c.relname,
                CASE
                    WHEN c.relispartition THEN 'p'
                    WHEN c.relkind IN ('m', 'v') THEN 'v'
                    ELSE 't'
                END,
                obj_description(c.oid, 'pg_class')
            FROM pg_catalog.pg_class c
            LEFT JOIN pg_catalog.pg_namespace n ON n.oid = c.relnamespace
            WHERE c.relkind IN ('f', 'm', 'p', 'r', 'v')
                AND n.nspname NOT IN ('pg_catalog', 'pg_toast')
                AND pg_catalog.pg_table_is_visible(c.oid)
        ; args=None; alias=default
DEBUG 2026-05-13 20:41:56,216 utils 21 125903080257216 (0.001) SELECT "django_migrations"."id", "django_migrations"."app", "django_migrations"."name", "django_migrations"."applied" FROM "django_migrations"; args=(); alias=default
DEBUG 2026-05-13 20:41:56,292 autoreload 21 125903158266752 File /usr/local/lib/python3.12/copy.py first seen with mtime 1771962454.0
DEBUG 2026-05-13 20:41:56,292 autoreload 21 125903158266752 File /usr/local/lib/python3.12/site-packages/django/db/models/enums.py first seen with mtime 1778606031.0
DEBUG 2026-05-13 20:41:56,292 autoreload 21 125903158266752 File /usr/local/lib/python3.12/site-packages/rest_framework/checks.py first seen with mtime 1778606034.0
DEBUG 2026-05-13 20:41:56,293 autoreload 21 125903158266752 File /usr/local/lib/python3.12/asyncio/trsock.py first seen with mtime 1771962454.0
DEBUG 2026-05-13 20:41:56,293 autoreload 21 125903158266752 File /app/config/settings.py first seen with mtime 1778660768.8268216
DEBUG 2026-05-13 20:41:56,293 autoreload 21 125903158266752 File /usr/local/lib/python3.12/site-packages/django/utils/dates.py first seen with mtime 1778606031.0
DEBUG 2026-05-13 20:41:56,293 autoreload 21 125903158266752 File /usr/local/lib/python3.12/lib-dynload/_uuid.cpython-312-x86_64-linux-gnu.so first seen with mtime 1771962460.0
DEBUG 2026-05-13 20:41:56,293 autoreload 21 125903158266752 File /usr/local/lib/python3.12/site-packages/django/contrib/admindocs/views.py first seen with mtime 1778606030.0
DEBUG 2026-05-13 20:41:56,293 autoreload 21 125903158266752 File /usr/local/lib/python3.12/site-packages/django/db/models/fields/json.py first seen with mtime 1778606031.0
DEBUG 2026-05-13 20:41:56,293 autoreload 21 125903158266752 File /usr/local/lib/python3.12/site-packages/django/core/servers/basehttp.py first seen with mtime 1778606031.0
DEBUG 2026-05-13 20:41:56,294 autoreload 21 125903158266752 File /usr/local/lib/python3.12/site-packages/django/utils/ipv6.py first seen with mtime 1778606031.0
DEBUG 2026-05-13 20:41:56,294 autoreload 21 125903158266752 File /usr/local/lib/python3.12/site-packages/rest_framework/renderers.py first seen with mtime 1778606034.0
DEBUG 2026-05-13 20:41:56,294 autoreload 21 125903158266752 File /usr/local/lib/python3.12/site-packages/sqlparse/sql.py first seen with mtime 1778606029.0
DEBUG 2026-05-13 20:41:56,294 autoreload 21 125903158266752 File /usr/local/lib/python3.12/asyncio/staggered.py first seen with mtime 1771962454.0
DEBUG 2026-05-13 20:41:56,294 autoreload 21 125903158266752 File /usr/local/lib/python3.12/_sysconfigdata__linux_x86_64-linux-gnu.py first seen with mtime 1771962456.0
DEBUG 2026-05-13 20:41:56,294 autoreload 21 125903158266752 File /usr/local/lib/python3.12/_compression.py first seen with mtime 1771962454.0
DEBUG 2026-05-13 20:41:56,294 autoreload 21 125903158266752 File /usr/local/lib/python3.12/site-packages/django/contrib/auth/tokens.py first seen with mtime 1778606030.0
DEBUG 2026-05-13 20:41:56,295 autoreload 21 125903158266752 File /usr/local/lib/python3.12/site-packages/rest_framework/validators.py first seen with mtime 1778606034.0
DEBUG 2026-05-13 20:41:56,295 autoreload 21 125903158266752 File /usr/local/lib/python3.12/site-packages/corsheaders/signals.py first seen with mtime 1778606035.0
DEBUG 2026-05-13 20:41:56,295 autoreload 21 125903158266752 File /usr/local/lib/python3.12/site-packages/rest_framework/fields.py first seen with mtime 1778606034.0
DEBUG 2026-05-13 20:41:56,295 autoreload 21 125903158266752 File /usr/local/lib/python3.12/site-packages/django/utils/copy.py first seen with mtime 1778606031.0
DEBUG 2026-05-13 20:41:56,295 autoreload 21 125903158266752 File /usr/local/lib/python3.12/site-packages/rest_framework/status.py first seen with mtime 1778606034.0
DEBUG 2026-05-13 20:41:56,295 autoreload 21 125903158266752 File /usr/local/lib/python3.12/site-packages/rest_framework/utils/model_meta.py first seen with mtime 1778606034.0
DEBUG 2026-05-13 20:41:56,295 autoreload 21 125903158266752 File /usr/local/lib/python3.12/email/headerregistry.py first seen with mtime 1771962454.0
DEBUG 2026-05-13 20:41:56,295 autoreload 21 125903158266752 File /usr/local/lib/python3.12/http/cookies.py first seen with mtime 1771962454.0
DEBUG 2026-05-13 20:41:56,296 autoreload 21 125903158266752 File /usr/local/lib/python3.12/html/entities.py first seen with mtime 1771962454.0
DEBUG 2026-05-13 20:41:56,296 autoreload 21 125903158266752 File /usr/local/lib/python3.12/gzip.py first seen with mtime 1771962454.0
DEBUG 2026-05-13 20:41:56,296 autoreload 21 125903158266752 File /usr/local/lib/python3.12/asyncio/base_subprocess.py first seen with mtime 1771962454.0
DEBUG 2026-05-13 20:41:56,296 autoreload 21 125903158266752 File /usr/local/lib/python3.12/numbers.py first seen with mtime 1771962454.0
DEBUG 2026-05-13 20:41:56,296 autoreload 21 125903158266752 File /usr/local/lib/python3.12/site-packages/django/conf/urls/__init__.py first seen with mtime 1778606030.0
DEBUG 2026-05-13 20:41:56,296 autoreload 21 125903158266752 File /usr/local/lib/python3.12/lib-dynload/_pickle.cpython-312-x86_64-linux-gnu.so first seen with mtime 1771962460.0
DEBUG 2026-05-13 20:41:56,296 autoreload 21 125903158266752 File /usr/local/lib/python3.12/site-packages/django/db/models/aggregates.py first seen with mtime 1778606031.0
DEBUG 2026-05-13 20:41:56,297 autoreload 21 125903158266752 File /usr/local/lib/python3.12/site-packages/django/db/models/fields/related_descriptors.py first seen with mtime 1778606031.0
DEBUG 2026-05-13 20:41:56,297 autoreload 21 125903158266752 File /app/notifications/views.py first seen with mtime 1778610577.0015597
DEBUG 2026-05-13 20:41:56,297 autoreload 21 125903158266752 File /usr/local/lib/python3.12/email/mime/nonmultipart.py first seen with mtime 1771962454.0
DEBUG 2026-05-13 20:41:56,297 autoreload 21 125903158266752 File /usr/local/lib/python3.12/site-packages/sqlparse/filters/__init__.py first seen with mtime 1778606029.0
DEBUG 2026-05-13 20:41:56,297 autoreload 21 125903158266752 File /usr/local/lib/python3.12/site-packages/django/db/models/functions/window.py first seen with mtime 1778606031.0
DEBUG 2026-05-13 20:41:56,297 autoreload 21 125903158266752 File /usr/local/lib/python3.12/site-packages/django/db/models/functions/mixins.py first seen with mtime 1778606031.0
DEBUG 2026-05-13 20:41:56,297 autoreload 21 125903158266752 File /usr/local/lib/python3.12/typing.py first seen with mtime 1771962454.0
DEBUG 2026-05-13 20:41:56,297 autoreload 21 125903158266752 File /usr/local/lib/python3.12/site-packages/django/db/backends/postgresql/base.py first seen with mtime 1778606031.0
DEBUG 2026-05-13 20:41:56,298 autoreload 21 125903158266752 File /usr/local/lib/python3.12/site-packages/django/contrib/admin/helpers.py first seen with mtime 1778606030.0
DEBUG 2026-05-13 20:41:56,298 autoreload 21 125903158266752 File /usr/local/lib/python3.12/asyncio/transports.py first seen with mtime 1771962454.0
DEBUG 2026-05-13 20:41:56,298 autoreload 21 125903158266752 File /usr/local/lib/python3.12/lib-dynload/math.cpython-312-x86_64-linux-gnu.so first seen with mtime 1771962460.0
DEBUG 2026-05-13 20:41:56,298 autoreload 21 125903158266752 File /usr/local/lib/python3.12/pkgutil.py first seen with mtime 1771962454.0
DEBUG 2026-05-13 20:41:56,298 autoreload 21 125903158266752 File /usr/local/lib/python3.12/site-packages/django/core/files/base.py first seen with mtime 1778606031.0
DEBUG 2026-05-13 20:41:56,298 autoreload 21 125903158266752 File /usr/local/lib/python3.12/site-packages/django/db/migrations/recorder.py first seen with mtime 1778606031.0
DEBUG 2026-05-13 20:41:56,298 autoreload 21 125903158266752 File /usr/local/lib/python3.12/asyncio/__init__.py first seen with mtime 1771962454.0
DEBUG 2026-05-13 20:41:56,298 autoreload 21 125903158266752 File /usr/local/lib/python3.12/site-packages/asgiref/local.py first seen with mtime 1778606030.0
DEBUG 2026-05-13 20:41:56,299 autoreload 21 125903158266752 File /usr/local/lib/python3.12/site-packages/django/forms/widgets.py first seen with mtime 1778606031.0
DEBUG 2026-05-13 20:41:56,299 autoreload 21 125903158266752 File /usr/local/lib/python3.12/concurrent/futures/__init__.py first seen with mtime 1771962454.0
DEBUG 2026-05-13 20:41:56,299 autoreload 21 125903158266752 File /usr/local/lib/python3.12/site-packages/django/core/files/__init__.py first seen with mtime 1778606031.0
DEBUG 2026-05-13 20:41:56,299 autoreload 21 125903158266752 File /usr/local/lib/python3.12/site-packages/django/contrib/auth/middleware.py first seen with mtime 1778606030.0
DEBUG 2026-05-13 20:41:56,299 autoreload 21 125903158266752 File /usr/local/lib/python3.12/site-packages/django/core/checks/model_checks.py first seen with mtime 1778606031.0
DEBUG 2026-05-13 20:41:56,299 autoreload 21 125903158266752 File /usr/local/lib/python3.12/site-packages/django/contrib/admin/views/__init__.py first seen with mtime 1778606030.0
DEBUG 2026-05-13 20:41:56,299 autoreload 21 125903158266752 File /usr/local/lib/python3.12/site-packages/django/db/models/base.py first seen with mtime 1778606031.0
DEBUG 2026-05-13 20:41:56,300 autoreload 21 125903158266752 File /usr/local/lib/python3.12/site-packages/rest_framework/schemas/views.py first seen with mtime 1778606034.0
DEBUG 2026-05-13 20:41:56,300 autoreload 21 125903158266752 File /usr/local/lib/python3.12/gettext.py first seen with mtime 1771962454.0
DEBUG 2026-05-13 20:41:56,300 autoreload 21 125903158266752 File /usr/local/lib/python3.12/email/mime/__init__.py first seen with mtime 1771962454.0
DEBUG 2026-05-13 20:41:56,300 autoreload 21 125903158266752 File /usr/local/lib/python3.12/site-packages/django/db/backends/postgresql/introspection.py first seen with mtime 1778606031.0
DEBUG 2026-05-13 20:41:56,300 autoreload 21 125903158266752 File /usr/local/lib/python3.12/site-packages/django/core/checks/database.py first seen with mtime 1778606031.0
DEBUG 2026-05-13 20:41:56,300 autoreload 21 125903158266752 File /usr/local/lib/python3.12/asyncio/sslproto.py first seen with mtime 1771962454.0
DEBUG 2026-05-13 20:41:56,300 autoreload 21 125903158266752 File /usr/local/lib/python3.12/contextvars.py first seen with mtime 1771962454.0
DEBUG 2026-05-13 20:41:56,300 autoreload 21 125903158266752 File /usr/local/lib/python3.12/site-packages/django/core/files/storage/__init__.py first seen with mtime 1778606031.0
DEBUG 2026-05-13 20:41:56,301 autoreload 21 125903158266752 File /usr/local/lib/python3.12/site-packages/django/contrib/auth/validators.py first seen with mtime 1778606030.0
DEBUG 2026-05-13 20:41:56,301 autoreload 21 125903158266752 File /usr/local/lib/python3.12/opcode.py first seen with mtime 1771962454.0
DEBUG 2026-05-13 20:41:56,301 autoreload 21 125903158266752 File /usr/local/lib/python3.12/urllib/request.py first seen with mtime 1771962454.0
DEBUG 2026-05-13 20:41:56,301 autoreload 21 125903158266752 File /usr/local/lib/python3.12/importlib/__init__.py first seen with mtime 1771962454.0
DEBUG 2026-05-13 20:41:56,301 autoreload 21 125903158266752 File /usr/local/lib/python3.12/enum.py first seen with mtime 1771962454.0
DEBUG 2026-05-13 20:41:56,301 autoreload 21 125903158266752 File /usr/local/lib/python3.12/re/_compiler.py first seen with mtime 1771962454.0
DEBUG 2026-05-13 20:41:56,302 autoreload 21 125903158266752 File /usr/local/lib/python3.12/asyncio/subprocess.py first seen with mtime 1771962454.0
DEBUG 2026-05-13 20:41:56,302 autoreload 21 125903158266752 File /usr/local/lib/python3.12/site-packages/django/db/models/fields/related_lookups.py first seen with mtime 1778606031.0
DEBUG 2026-05-13 20:41:56,303 autoreload 21 125903158266752 File /usr/local/lib/python3.12/site-packages/django/contrib/auth/models.py first seen with mtime 1778606030.0
DEBUG 2026-05-13 20:41:56,304 autoreload 21 125903158266752 File /usr/local/lib/python3.12/site-packages/django/forms/renderers.py first seen with mtime 1778606031.0
DEBUG 2026-05-13 20:41:56,304 autoreload 21 125903158266752 File /usr/local/lib/python3.12/site-packages/django/contrib/messages/api.py first seen with mtime 1778606031.0
DEBUG 2026-05-13 20:41:56,305 autoreload 21 125903158266752 File /usr/local/lib/python3.12/site-packages/django/contrib/postgres/fields/__init__.py first seen with mtime 1778606031.0
DEBUG 2026-05-13 20:41:56,305 autoreload 21 125903158266752 File /usr/local/lib/python3.12/keyword.py first seen with mtime 1771962454.0
DEBUG 2026-05-13 20:41:56,305 autoreload 21 125903158266752 File /usr/local/lib/python3.12/site-packages/rest_framework/schemas/utils.py first seen with mtime 1778606034.0
DEBUG 2026-05-13 20:41:56,305 autoreload 21 125903158266752 File /usr/local/lib/python3.12/ipaddress.py first seen with mtime 1771962454.0
DEBUG 2026-05-13 20:41:56,306 autoreload 21 125903158266752 File /usr/local/lib/python3.12/encodings/__init__.py first seen with mtime 1771962454.0
DEBUG 2026-05-13 20:41:56,306 autoreload 21 125903158266752 File /usr/local/lib/python3.12/site-packages/django/utils/_os.py first seen with mtime 1778606031.0
DEBUG 2026-05-13 20:41:56,306 autoreload 21 125903158266752 File /usr/local/lib/python3.12/textwrap.py first seen with mtime 1771962454.0
DEBUG 2026-05-13 20:41:56,306 autoreload 21 125903158266752 File /usr/local/lib/python3.12/site-packages/django/http/request.py first seen with mtime 1778606031.0
DEBUG 2026-05-13 20:41:56,306 autoreload 21 125903158266752 File /app/config/__init__.py first seen with mtime 1778514686.510065
DEBUG 2026-05-13 20:41:56,306 autoreload 21 125903158266752 File /usr/local/lib/python3.12/site-packages/django/db/backends/postgresql/features.py first seen with mtime 1778606031.0
DEBUG 2026-05-13 20:41:56,307 autoreload 21 125903158266752 File /usr/local/lib/python3.12/site-packages/rest_framework/routers.py first seen with mtime 1778606034.0
DEBUG 2026-05-13 20:41:56,307 autoreload 21 125903158266752 File /usr/local/lib/python3.12/datetime.py first seen with mtime 1771962454.0
DEBUG 2026-05-13 20:41:56,307 autoreload 21 125903158266752 File /usr/local/lib/python3.12/bisect.py first seen with mtime 1771962454.0
DEBUG 2026-05-13 20:41:56,307 autoreload 21 125903158266752 File /usr/local/lib/python3.12/site-packages/django/contrib/auth/admin.py first seen with mtime 1778606030.0
DEBUG 2026-05-13 20:41:56,308 autoreload 21 125903158266752 File /usr/local/lib/python3.12/lib-dynload/_contextvars.cpython-312-x86_64-linux-gnu.so first seen with mtime 1771962460.0
DEBUG 2026-05-13 20:41:56,308 autoreload 21 125903158266752 File /usr/local/lib/python3.12/pprint.py first seen with mtime 1771962454.0
DEBUG 2026-05-13 20:41:56,308 autoreload 21 125903158266752 File /usr/local/lib/python3.12/site-packages/django/db/models/fields/files.py first seen with mtime 1778606031.0
DEBUG 2026-05-13 20:41:56,308 autoreload 21 125903158266752 File /usr/local/lib/python3.12/site-packages/django/forms/formsets.py first seen with mtime 1778606031.0
DEBUG 2026-05-13 20:41:56,308 autoreload 21 125903158266752 File /usr/local/lib/python3.12/site-packages/django/core/checks/__init__.py first seen with mtime 1778606031.0
DEBUG 2026-05-13 20:41:56,309 autoreload 21 125903158266752 File /usr/local/lib/python3.12/site-packages/django/db/transaction.py first seen with mtime 1778606031.0
DEBUG 2026-05-13 20:41:56,309 autoreload 21 125903158266752 File /app/users/apps.py first seen with mtime 1778610491.2880766
DEBUG 2026-05-13 20:41:56,309 autoreload 21 125903158266752 File /usr/local/lib/python3.12/site-packages/django/db/migrations/exceptions.py first seen with mtime 1778606031.0
DEBUG 2026-05-13 20:41:56,309 autoreload 21 125903158266752 File /usr/local/lib/python3.12/site-packages/psycopg2/_json.py first seen with mtime 1778606029.0
DEBUG 2026-05-13 20:41:56,309 autoreload 21 125903158266752 File /usr/local/lib/python3.12/json/encoder.py first seen with mtime 1771962454.0
DEBUG 2026-05-13 20:41:56,309 autoreload 21 125903158266752 File /usr/local/lib/python3.12/site-packages/django/contrib/staticfiles/finders.py first seen with mtime 1778606031.0
DEBUG 2026-05-13 20:41:56,309 autoreload 21 125903158266752 File /usr/local/lib/python3.12/site-packages/django/db/migrations/operations/special.py first seen with mtime 1778606031.0
DEBUG 2026-05-13 20:41:56,310 autoreload 21 125903158266752 File /usr/local/lib/python3.12/site-packages/django/shortcuts.py first seen with mtime 1778606030.0
DEBUG 2026-05-13 20:41:56,310 autoreload 21 125903158266752 File /usr/local/lib/python3.12/site-packages/rest_framework/generics.py first seen with mtime 1778606034.0
DEBUG 2026-05-13 20:41:56,310 autoreload 21 125903158266752 File /usr/local/lib/python3.12/site-packages/django/contrib/auth/management/__init__.py first seen with mtime 1778606030.0
DEBUG 2026-05-13 20:41:56,310 autoreload 21 125903158266752 File /usr/local/lib/python3.12/site-packages/django/utils/datastructures.py first seen with mtime 1778606031.0
DEBUG 2026-05-13 20:41:56,310 autoreload 21 125903158266752 File /usr/local/lib/python3.12/asyncio/queues.py first seen with mtime 1771962454.0
DEBUG 2026-05-13 20:41:56,310 autoreload 21 125903158266752 File /usr/local/lib/python3.12/site-packages/django/db/models/functions/__init__.py first seen with mtime 1778606031.0
DEBUG 2026-05-13 20:41:56,310 autoreload 21 125903158266752 File /usr/local/lib/python3.12/site-packages/django/contrib/messages/storage/__init__.py first seen with mtime 1778606031.0
DEBUG 2026-05-13 20:41:56,311 autoreload 21 125903158266752 File /usr/local/lib/python3.12/site-packages/django/contrib/admin/widgets.py first seen with mtime 1778606030.0
DEBUG 2026-05-13 20:41:56,311 autoreload 21 125903158266752 File /usr/local/lib/python3.12/site-packages/django/middleware/__init__.py first seen with mtime 1778606031.0
DEBUG 2026-05-13 20:41:56,311 autoreload 21 125903158266752 File /usr/local/lib/python3.12/linecache.py first seen with mtime 1771962454.0
DEBUG 2026-05-13 20:41:56,311 autoreload 21 125903158266752 File /usr/local/lib/python3.12/site-packages/django/utils/hashable.py first seen with mtime 1778606031.0
DEBUG 2026-05-13 20:41:56,311 autoreload 21 125903158266752 File /usr/local/lib/python3.12/site-packages/django/db/models/options.py first seen with mtime 1778606031.0
DEBUG 2026-05-13 20:41:56,311 autoreload 21 125903158266752 File /usr/local/lib/python3.12/site-packages/django/db/migrations/writer.py first seen with mtime 1778606031.0
DEBUG 2026-05-13 20:41:56,311 autoreload 21 125903158266752 File /usr/local/lib/python3.12/site-packages/django/templatetags/i18n.py first seen with mtime 1778606031.0
DEBUG 2026-05-13 20:41:56,312 autoreload 21 125903158266752 File /usr/local/lib/python3.12/site-packages/sqlparse/keywords.py first seen with mtime 1778606029.0
DEBUG 2026-05-13 20:41:56,312 autoreload 21 125903158266752 File /usr/local/lib/python3.12/site-packages/django/db/backends/base/client.py first seen with mtime 1778606031.0
DEBUG 2026-05-13 20:41:56,312 autoreload 21 125903158266752 File /usr/local/lib/python3.12/site-packages/rest_framework/utils/humanize_datetime.py first seen with mtime 1778606034.0
DEBUG 2026-05-13 20:41:56,312 autoreload 21 125903158266752 File /usr/local/lib/python3.12/site-packages/django/core/checks/compatibility/__init__.py first seen with mtime 1778606031.0
DEBUG 2026-05-13 20:41:56,312 autoreload 21 125903158266752 File /usr/local/lib/python3.12/site-packages/django/views/generic/__init__.py first seen with mtime 1778606031.0
DEBUG 2026-05-13 20:41:56,312 autoreload 21 125903158266752 File /usr/local/lib/python3.12/signal.py first seen with mtime 1771962454.0
DEBUG 2026-05-13 20:41:56,312 autoreload 21 125903158266752 File /usr/local/lib/python3.12/site-packages/django/contrib/sessions/exceptions.py first seen with mtime 1778606031.0
DEBUG 2026-05-13 20:41:56,312 autoreload 21 125903158266752 File /usr/local/lib/python3.12/lib-dynload/_random.cpython-312-x86_64-linux-gnu.so first seen with mtime 1771962460.0
DEBUG 2026-05-13 20:41:56,313 autoreload 21 125903158266752 File /usr/local/lib/python3.12/site-packages/django/contrib/sessions/middleware.py first seen with mtime 1778606031.0
DEBUG 2026-05-13 20:41:56,313 autoreload 21 125903158266752 File /usr/local/lib/python3.12/site-packages/rest_framework/relations.py first seen with mtime 1778606034.0
DEBUG 2026-05-13 20:41:56,313 autoreload 21 125903158266752 File /usr/local/lib/python3.12/site-packages/sqlparse/filters/others.py first seen with mtime 1778606029.0
DEBUG 2026-05-13 20:41:56,313 autoreload 21 125903158266752 File /usr/local/lib/python3.12/site-packages/rest_framework/negotiation.py first seen with mtime 1778606034.0
DEBUG 2026-05-13 20:41:56,313 autoreload 21 125903158266752 File /usr/local/lib/python3.12/site-packages/django/contrib/messages/apps.py first seen with mtime 1778606031.0
DEBUG 2026-05-13 20:41:56,313 autoreload 21 125903158266752 File /usr/local/lib/python3.12/asyncio/base_tasks.py first seen with mtime 1771962454.0
DEBUG 2026-05-13 20:41:56,313 autoreload 21 125903158266752 File /usr/local/lib/python3.12/site-packages/django/template/loaders/filesystem.py first seen with mtime 1778606031.0
DEBUG 2026-05-13 20:41:56,313 autoreload 21 125903158266752 File /usr/local/lib/python3.12/site-packages/django/utils/version.py first seen with mtime 1778606031.0
DEBUG 2026-05-13 20:41:56,314 autoreload 21 125903158266752 File /usr/local/lib/python3.12/site-packages/django/db/migrations/operations/models.py first seen with mtime 1778606031.0
DEBUG 2026-05-13 20:41:56,314 autoreload 21 125903158266752 File /usr/local/lib/python3.12/site-packages/sqlparse/filters/aligned_indent.py first seen with mtime 1778606029.0
DEBUG 2026-05-13 20:41:56,314 autoreload 21 125903158266752 File /usr/local/lib/python3.12/site-packages/django/views/generic/base.py first seen with mtime 1778606031.0
DEBUG 2026-05-13 20:41:56,314 autoreload 21 125903158266752 File /usr/local/lib/python3.12/site-packages/django/core/management/base.py first seen with mtime 1778606031.0
DEBUG 2026-05-13 20:41:56,314 autoreload 21 125903158266752 File /usr/local/lib/python3.12/site-packages/rest_framework/response.py first seen with mtime 1778606034.0
DEBUG 2026-05-13 20:41:56,314 autoreload 21 125903158266752 File /usr/local/lib/python3.12/site-packages/rest_framework/request.py first seen with mtime 1778606034.0
DEBUG 2026-05-13 20:41:56,314 autoreload 21 125903158266752 File /usr/local/lib/python3.12/site-packages/django/contrib/postgres/forms/hstore.py first seen with mtime 1778606031.0
DEBUG 2026-05-13 20:41:56,315 autoreload 21 125903158266752 File /usr/local/lib/python3.12/site-packages/django/db/migrations/operations/base.py first seen with mtime 1778606031.0
DEBUG 2026-05-13 20:41:56,315 autoreload 21 125903158266752 File /usr/local/lib/python3.12/site-packages/django/core/handlers/wsgi.py first seen with mtime 1778606031.0
DEBUG 2026-05-13 20:41:56,315 autoreload 21 125903158266752 File /usr/local/lib/python3.12/site-packages/django/template/base.py first seen with mtime 1778606031.0
DEBUG 2026-05-13 20:41:56,315 autoreload 21 125903158266752 File /usr/local/lib/python3.12/asyncio/unix_events.py first seen with mtime 1771962454.0
DEBUG 2026-05-13 20:41:56,315 autoreload 21 125903158266752 File /usr/local/lib/python3.12/site-packages/corsheaders/defaults.py first seen with mtime 1778606035.0
DEBUG 2026-05-13 20:41:56,315 autoreload 21 125903158266752 File /usr/local/lib/python3.12/site-packages/sqlparse/tokens.py first seen with mtime 1778606029.0
DEBUG 2026-05-13 20:41:56,315 autoreload 21 125903158266752 File /usr/local/lib/python3.12/site-packages/django/contrib/contenttypes/views.py first seen with mtime 1778606030.0
DEBUG 2026-05-13 20:41:56,316 autoreload 21 125903158266752 File /usr/local/lib/python3.12/email/mime/multipart.py first seen with mtime 1771962454.0
DEBUG 2026-05-13 20:41:56,316 autoreload 21 125903158266752 File /usr/local/lib/python3.12/lib-dynload/_sha2.cpython-312-x86_64-linux-gnu.so first seen with mtime 1771962460.0
DEBUG 2026-05-13 20:41:56,316 autoreload 21 125903158266752 File /usr/local/lib/python3.12/site-packages/psycopg2/sql.py first seen with mtime 1778606029.0
DEBUG 2026-05-13 20:41:56,316 autoreload 21 125903158266752 File /usr/local/lib/python3.12/site-packages/django/contrib/messages/middleware.py first seen with mtime 1778606031.0
DEBUG 2026-05-13 20:41:56,316 autoreload 21 125903158266752 File /usr/local/lib/python3.12/site-packages/django/db/backends/postgresql/schema.py first seen with mtime 1778606031.0
DEBUG 2026-05-13 20:41:56,316 autoreload 21 125903158266752 File /usr/local/lib/python3.12/site-packages/django/utils/duration.py first seen with mtime 1778606031.0
DEBUG 2026-05-13 20:41:56,316 autoreload 21 125903158266752 File /app/core/apps.py first seen with mtime 1778514703.9415412
DEBUG 2026-05-13 20:41:56,317 autoreload 21 125903158266752 File /usr/local/lib/python3.12/site-packages/django/db/backends/base/schema.py first seen with mtime 1778606031.0
DEBUG 2026-05-13 20:41:56,317 autoreload 21 125903158266752 File /usr/local/lib/python3.12/site-packages/django/core/mail/__init__.py first seen with mtime 1778606031.0
DEBUG 2026-05-13 20:41:56,317 autoreload 21 125903158266752 File /usr/local/lib/python3.12/asyncio/constants.py first seen with mtime 1771962454.0
DEBUG 2026-05-13 20:41:56,317 autoreload 21 125903158266752 File /usr/local/lib/python3.12/site-packages/django/contrib/admin/filters.py first seen with mtime 1778606030.0
DEBUG 2026-05-13 20:41:56,317 autoreload 21 125903158266752 File /usr/local/lib/python3.12/site-packages/django/core/checks/compatibility/django_4_0.py first seen with mtime 1778606031.0
DEBUG 2026-05-13 20:41:56,317 autoreload 21 125903158266752 File /usr/local/lib/python3.12/site-packages/django/views/decorators/csrf.py first seen with mtime 1778606031.0
DEBUG 2026-05-13 20:41:56,317 autoreload 21 125903158266752 File /usr/local/lib/python3.12/lib-dynload/array.cpython-312-x86_64-linux-gnu.so first seen with mtime 1771962460.0
DEBUG 2026-05-13 20:41:56,318 autoreload 21 125903158266752 File /usr/local/lib/python3.12/site-packages/django/db/migrations/utils.py first seen with mtime 1778606031.0
DEBUG 2026-05-13 20:41:56,318 autoreload 21 125903158266752 File /usr/local/lib/python3.12/site-packages/django/core/handlers/__init__.py first seen with mtime 1778606031.0
DEBUG 2026-05-13 20:41:56,318 autoreload 21 125903158266752 File /usr/local/lib/python3.12/email/header.py first seen with mtime 1771962454.0
DEBUG 2026-05-13 20:41:56,318 autoreload 21 125903158266752 File /usr/local/lib/python3.12/site-packages/django/contrib/messages/__init__.py first seen with mtime 1778606031.0
DEBUG 2026-05-13 20:41:56,319 autoreload 21 125903158266752 File /usr/local/lib/python3.12/site-packages/rest_framework/views.py first seen with mtime 1778606034.0
DEBUG 2026-05-13 20:41:56,319 autoreload 21 125903158266752 File /usr/local/lib/python3.12/traceback.py first seen with mtime 1771962454.0
DEBUG 2026-05-13 20:41:56,320 autoreload 21 125903158266752 File /usr/local/lib/python3.12/site-packages/django/contrib/messages/utils.py first seen with mtime 1778606031.0
DEBUG 2026-05-13 20:41:56,321 autoreload 21 125903158266752 File /usr/local/lib/python3.12/lib-dynload/_opcode.cpython-312-x86_64-linux-gnu.so first seen with mtime 1771962460.0
DEBUG 2026-05-13 20:41:56,321 autoreload 21 125903158266752 File /usr/local/lib/python3.12/difflib.py first seen with mtime 1771962454.0
DEBUG 2026-05-13 20:41:56,322 autoreload 21 125903158266752 File /usr/local/lib/python3.12/site-packages/django/contrib/admin/templatetags/log.py first seen with mtime 1778606030.0
DEBUG 2026-05-13 20:41:56,322 autoreload 21 125903158266752 File /usr/local/lib/python3.12/site-packages/django/core/handlers/asgi.py first seen with mtime 1778606031.0
DEBUG 2026-05-13 20:41:56,322 autoreload 21 125903158266752 File /usr/local/lib/python3.12/site-packages/django/template/loader.py first seen with mtime 1778606031.0
DEBUG 2026-05-13 20:41:56,322 autoreload 21 125903158266752 File /usr/local/lib/python3.12/lib-dynload/_queue.cpython-312-x86_64-linux-gnu.so first seen with mtime 1771962460.0
DEBUG 2026-05-13 20:41:56,322 autoreload 21 125903158266752 File /usr/local/lib/python3.12/collections/__init__.py first seen with mtime 1771962454.0
DEBUG 2026-05-13 20:41:56,322 autoreload 21 125903158266752 File /usr/local/lib/python3.12/site-packages/django/core/serializers/base.py first seen with mtime 1778606031.0
DEBUG 2026-05-13 20:41:56,323 autoreload 21 125903158266752 File /usr/local/lib/python3.12/site-packages/django/template/loaders/app_directories.py first seen with mtime 1778606031.0
DEBUG 2026-05-13 20:41:56,323 autoreload 21 125903158266752 File /usr/local/lib/python3.12/site-packages/django/utils/encoding.py first seen with mtime 1778606031.0
DEBUG 2026-05-13 20:41:56,323 autoreload 21 125903158266752 File /usr/local/lib/python3.12/site-packages/django/contrib/auth/decorators.py first seen with mtime 1778606030.0
DEBUG 2026-05-13 20:41:56,323 autoreload 21 125903158266752 File /usr/local/lib/python3.12/site-packages/django/middleware/csrf.py first seen with mtime 1778606031.0
DEBUG 2026-05-13 20:41:56,323 autoreload 21 125903158266752 File /usr/local/lib/python3.12/lib-dynload/_ssl.cpython-312-x86_64-linux-gnu.so first seen with mtime 1771962460.0
DEBUG 2026-05-13 20:41:56,324 autoreload 21 125903158266752 File /usr/local/lib/python3.12/wsgiref/headers.py first seen with mtime 1771962454.0
DEBUG 2026-05-13 20:41:56,324 autoreload 21 125903158266752 File /usr/local/lib/python3.12/site-packages/rest_framework/templatetags/rest_framework.py first seen with mtime 1778606034.0
DEBUG 2026-05-13 20:41:56,324 autoreload 21 125903158266752 File /usr/local/lib/python3.12/lib-dynload/unicodedata.cpython-312-x86_64-linux-gnu.so first seen with mtime 1771962460.0
DEBUG 2026-05-13 20:41:56,325 autoreload 21 125903158266752 File /usr/local/lib/python3.12/site-packages/django/core/checks/messages.py first seen with mtime 1778606031.0
DEBUG 2026-05-13 20:41:56,325 autoreload 21 125903158266752 File /usr/local/lib/python3.12/fnmatch.py first seen with mtime 1771962454.0
DEBUG 2026-05-13 20:41:56,325 autoreload 21 125903158266752 File /usr/local/lib/python3.12/site-packages/django/contrib/__init__.py first seen with mtime 1778606030.0
DEBUG 2026-05-13 20:41:56,325 autoreload 21 125903158266752 File /usr/local/lib/python3.12/site-packages/django/urls/exceptions.py first seen with mtime 1778606031.0
DEBUG 2026-05-13 20:41:56,326 autoreload 21 125903158266752 File /usr/local/lib/python3.12/site-packages/sqlparse/filters/tokens.py first seen with mtime 1778606029.0
DEBUG 2026-05-13 20:41:56,326 autoreload 21 125903158266752 File /usr/local/lib/python3.12/site-packages/django/template/exceptions.py first seen with mtime 1778606031.0
DEBUG 2026-05-13 20:41:56,326 autoreload 21 125903158266752 File /app/notifications/__init__.py first seen with mtime 1778610576.9992359
DEBUG 2026-05-13 20:41:56,327 autoreload 21 125903158266752 File /usr/local/lib/python3.12/site-packages/django/contrib/sessions/backends/base.py first seen with mtime 1778606031.0
DEBUG 2026-05-13 20:41:56,327 autoreload 21 125903158266752 File /usr/local/lib/python3.12/site-packages/django/templatetags/__init__.py first seen with mtime 1778606031.0
DEBUG 2026-05-13 20:41:56,327 autoreload 21 125903158266752 File /usr/local/lib/python3.12/_compat_pickle.py first seen with mtime 1771962454.0
DEBUG 2026-05-13 20:41:56,327 autoreload 21 125903158266752 File /usr/local/lib/python3.12/site-packages/django/db/migrations/state.py first seen with mtime 1778606031.0
DEBUG 2026-05-13 20:41:56,327 autoreload 21 125903158266752 File /usr/local/lib/python3.12/site-packages/django/http/__init__.py first seen with mtime 1778606031.0
DEBUG 2026-05-13 20:41:56,327 autoreload 21 125903158266752 File /usr/local/lib/python3.12/site-packages/django/template/loaders/base.py first seen with mtime 1778606031.0
DEBUG 2026-05-13 20:41:56,327 autoreload 21 125903158266752 File /usr/local/lib/python3.12/json/decoder.py first seen with mtime 1771962454.0
DEBUG 2026-05-13 20:41:56,328 autoreload 21 125903158266752 File /usr/local/lib/python3.12/site-packages/django/contrib/staticfiles/handlers.py first seen with mtime 1778606031.0
DEBUG 2026-05-13 20:41:56,328 autoreload 21 125903158266752 File /usr/local/lib/python3.12/site-packages/django/db/migrations/graph.py first seen with mtime 1778606031.0
DEBUG 2026-05-13 20:41:56,328 autoreload 21 125903158266752 File /usr/local/lib/python3.12/site-packages/django/contrib/staticfiles/apps.py first seen with mtime 1778606031.0
DEBUG 2026-05-13 20:41:56,328 autoreload 21 125903158266752 File /usr/local/lib/python3.12/lzma.py first seen with mtime 1771962454.0
DEBUG 2026-05-13 20:41:56,328 autoreload 21 125903158266752 File /usr/local/lib/python3.12/site-packages/django/contrib/postgres/fields/jsonb.py first seen with mtime 1778606031.0
DEBUG 2026-05-13 20:41:56,328 autoreload 21 125903158266752 File /usr/local/lib/python3.12/urllib/parse.py first seen with mtime 1771962454.0
DEBUG 2026-05-13 20:41:56,329 autoreload 21 125903158266752 File /usr/local/lib/python3.12/site-packages/django/conf/__init__.py first seen with mtime 1778606030.0
DEBUG 2026-05-13 20:41:56,329 autoreload 21 125903158266752 File /usr/local/lib/python3.12/site-packages/django/core/serializers/json.py first seen with mtime 1778606031.0
DEBUG 2026-05-13 20:41:56,329 autoreload 21 125903158266752 File /usr/local/lib/python3.12/site-packages/django/contrib/postgres/utils.py first seen with mtime 1778606031.0
DEBUG 2026-05-13 20:41:56,329 autoreload 21 125903158266752 File /usr/local/lib/python3.12/site-packages/django/__init__.py first seen with mtime 1778606030.0
DEBUG 2026-05-13 20:41:56,329 autoreload 21 125903158266752 File /usr/local/lib/python3.12/site-packages/django/db/models/utils.py first seen with mtime 1778606031.0
DEBUG 2026-05-13 20:41:56,329 autoreload 21 125903158266752 File /usr/local/lib/python3.12/argparse.py first seen with mtime 1771962454.0
DEBUG 2026-05-13 20:41:56,329 autoreload 21 125903158266752 File /usr/local/lib/python3.12/zoneinfo/__init__.py first seen with mtime 1771962455.0
DEBUG 2026-05-13 20:41:56,330 autoreload 21 125903158266752 File /usr/local/lib/python3.12/ast.py first seen with mtime 1771962454.0
DEBUG 2026-05-13 20:41:56,330 autoreload 21 125903158266752 File /usr/local/lib/python3.12/urllib/error.py first seen with mtime 1771962454.0
DEBUG 2026-05-13 20:41:56,330 autoreload 21 125903158266752 File /usr/local/lib/python3.12/encodings/aliases.py first seen with mtime 1771962454.0
DEBUG 2026-05-13 20:41:56,330 autoreload 21 125903158266752 File /usr/local/lib/python3.12/site-packages/django/contrib/admin/models.py first seen with mtime 1778606030.0
DEBUG 2026-05-13 20:41:56,330 autoreload 21 125903158266752 File /usr/local/lib/python3.12/site-packages/django/contrib/admin/options.py first seen with mtime 1778606030.0
DEBUG 2026-05-13 20:41:56,330 autoreload 21 125903158266752 File /usr/local/lib/python3.12/site-packages/django/contrib/staticfiles/utils.py first seen with mtime 1778606031.0
DEBUG 2026-05-13 20:41:56,331 autoreload 21 125903158266752 File /usr/local/lib/python3.12/ssl.py first seen with mtime 1771962454.0
DEBUG 2026-05-13 20:41:56,331 autoreload 21 125903158266752 File /usr/local/lib/python3.12/site-packages/rest_framework/schemas/inspectors.py first seen with mtime 1778606034.0
DEBUG 2026-05-13 20:41:56,331 autoreload 21 125903158266752 File /usr/local/lib/python3.12/asyncio/tasks.py first seen with mtime 1771962454.0
DEBUG 2026-05-13 20:41:56,332 autoreload 21 125903158266752 File /usr/local/lib/python3.12/site-packages/corsheaders/middleware.py first seen with mtime 1778606035.0
DEBUG 2026-05-13 20:41:56,332 autoreload 21 125903158266752 File /usr/local/lib/python3.12/site-packages/rest_framework/utils/serializer_helpers.py first seen with mtime 1778606034.0
DEBUG 2026-05-13 20:41:56,332 autoreload 21 125903158266752 File /usr/local/lib/python3.12/site-packages/asgiref/current_thread_executor.py first seen with mtime 1778606030.0
DEBUG 2026-05-13 20:41:56,332 autoreload 21 125903158266752 File /usr/local/lib/python3.12/site-packages/django/middleware/cache.py first seen with mtime 1778606031.0
DEBUG 2026-05-13 20:41:56,332 autoreload 21 125903158266752 File /usr/local/lib/python3.12/site-packages/django/forms/models.py first seen with mtime 1778606031.0
DEBUG 2026-05-13 20:41:56,333 autoreload 21 125903158266752 File /usr/local/lib/python3.12/html/parser.py first seen with mtime 1771962454.0
DEBUG 2026-05-13 20:41:56,333 autoreload 21 125903158266752 File /usr/local/lib/python3.12/site-packages/django/contrib/contenttypes/checks.py first seen with mtime 1778606030.0
DEBUG 2026-05-13 20:41:56,333 autoreload 21 125903158266752 File /usr/local/lib/python3.12/site-packages/sqlparse/engine/__init__.py first seen with mtime 1778606029.0
DEBUG 2026-05-13 20:41:56,333 autoreload 21 125903158266752 File /usr/local/lib/python3.12/json/scanner.py first seen with mtime 1771962454.0
DEBUG 2026-05-13 20:41:56,333 autoreload 21 125903158266752 File /usr/local/lib/python3.12/logging/__init__.py first seen with mtime 1771962454.0
DEBUG 2026-05-13 20:41:56,334 autoreload 21 125903158266752 File /usr/local/lib/python3.12/site-packages/rest_framework/utils/timezone.py first seen with mtime 1778606034.0
DEBUG 2026-05-13 20:41:56,334 autoreload 21 125903158266752 File /usr/local/lib/python3.12/site-packages/django/core/files/images.py first seen with mtime 1778606031.0
DEBUG 2026-05-13 20:41:56,334 autoreload 21 125903158266752 File /usr/local/lib/python3.12/lib-dynload/_heapq.cpython-312-x86_64-linux-gnu.so first seen with mtime 1771962460.0
DEBUG 2026-05-13 20:41:56,334 autoreload 21 125903158266752 File /usr/local/lib/python3.12/site-packages/rest_framework/utils/json.py first seen with mtime 1778606034.0
DEBUG 2026-05-13 20:41:56,334 autoreload 21 125903158266752 File /usr/local/lib/python3.12/email/mime/text.py first seen with mtime 1771962454.0
DEBUG 2026-05-13 20:41:56,334 autoreload 21 125903158266752 File /usr/local/lib/python3.12/site-packages/django/utils/__init__.py first seen with mtime 1778606031.0
DEBUG 2026-05-13 20:41:56,335 autoreload 21 125903158266752 File /usr/local/lib/python3.12/site-packages/rest_framework/reverse.py first seen with mtime 1778606034.0
DEBUG 2026-05-13 20:41:56,335 autoreload 21 125903158266752 File /usr/local/lib/python3.12/site-packages/django/core/management/__init__.py first seen with mtime 1778606031.0
DEBUG 2026-05-13 20:41:56,335 autoreload 21 125903158266752 File /usr/local/lib/python3.12/site-packages/django/core/files/utils.py first seen with mtime 1778606031.0
DEBUG 2026-05-13 20:41:56,335 autoreload 21 125903158266752 File /usr/local/lib/python3.12/site-packages/rest_framework/exceptions.py first seen with mtime 1778606034.0
DEBUG 2026-05-13 20:41:56,335 autoreload 21 125903158266752 File /usr/local/lib/python3.12/site-packages/django/contrib/postgres/fields/utils.py first seen with mtime 1778606031.0
DEBUG 2026-05-13 20:41:56,336 autoreload 21 125903158266752 File /usr/local/lib/python3.12/site-packages/django/contrib/staticfiles/views.py first seen with mtime 1778606031.0
DEBUG 2026-05-13 20:41:56,337 autoreload 21 125903158266752 File /usr/local/lib/python3.12/lib-dynload/_decimal.cpython-312-x86_64-linux-gnu.so first seen with mtime 1771962460.0
DEBUG 2026-05-13 20:41:56,337 autoreload 21 125903158266752 File /usr/local/lib/python3.12/inspect.py first seen with mtime 1771962454.0
DEBUG 2026-05-13 20:41:56,338 autoreload 21 125903158266752 File /usr/local/lib/python3.12/site-packages/django/contrib/staticfiles/management/commands/__init__.py first seen with mtime 1778606031.0
DEBUG 2026-05-13 20:41:56,339 autoreload 21 125903158266752 File /usr/local/lib/python3.12/lib-dynload/_asyncio.cpython-312-x86_64-linux-gnu.so first seen with mtime 1771962460.0
DEBUG 2026-05-13 20:41:56,339 autoreload 21 125903158266752 File /usr/local/lib/python3.12/site-packages/django/db/models/sql/subqueries.py first seen with mtime 1778606031.0
DEBUG 2026-05-13 20:41:56,340 autoreload 21 125903158266752 File /usr/local/lib/python3.12/email/feedparser.py first seen with mtime 1771962454.0
DEBUG 2026-05-13 20:41:56,340 autoreload 21 125903158266752 File /usr/local/lib/python3.12/site-packages/django/contrib/sessions/models.py first seen with mtime 1778606031.0
DEBUG 2026-05-13 20:41:56,340 autoreload 21 125903158266752 File /usr/local/lib/python3.12/site-packages/django/contrib/postgres/fields/citext.py first seen with mtime 1778606031.0
DEBUG 2026-05-13 20:41:56,341 autoreload 21 125903158266752 File /usr/local/lib/python3.12/site-packages/django/core/cache/utils.py first seen with mtime 1778606031.0
DEBUG 2026-05-13 20:41:56,341 autoreload 21 125903158266752 File /usr/local/lib/python3.12/site-packages/django/core/management/commands/runserver.py first seen with mtime 1778606031.0
DEBUG 2026-05-13 20:41:56,341 autoreload 21 125903158266752 File /usr/local/lib/python3.12/site-packages/rest_framework/utils/field_mapping.py first seen with mtime 1778606034.0
DEBUG 2026-05-13 20:41:56,342 autoreload 21 125903158266752 File /usr/local/lib/python3.12/concurrent/__init__.py first seen with mtime 1771962454.0
DEBUG 2026-05-13 20:41:56,342 autoreload 21 125903158266752 File /usr/local/lib/python3.12/site-packages/django/core/management/sql.py first seen with mtime 1778606031.0
DEBUG 2026-05-13 20:41:56,342 autoreload 21 125903158266752 File /usr/local/lib/python3.12/site-packages/psycopg2/__init__.py first seen with mtime 1778606029.0
DEBUG 2026-05-13 20:41:56,342 autoreload 21 125903158266752 File /usr/local/lib/python3.12/site-packages/django/contrib/auth/password_validation.py first seen with mtime 1778606030.0
DEBUG 2026-05-13 20:41:56,342 autoreload 21 125903158266752 File /usr/local/lib/python3.12/site-packages/django/core/cache/backends/locmem.py first seen with mtime 1778606031.0
DEBUG 2026-05-13 20:41:56,343 autoreload 21 125903158266752 File /usr/local/lib/python3.12/email/_policybase.py first seen with mtime 1771962454.0
DEBUG 2026-05-13 20:41:56,343 autoreload 21 125903158266752 File /usr/local/lib/python3.12/site-packages/django/contrib/admin/views/autocomplete.py first seen with mtime 1778606030.0
DEBUG 2026-05-13 20:41:56,343 autoreload 21 125903158266752 File /usr/local/lib/python3.12/site-packages/django/db/models/__init__.py first seen with mtime 1778606031.0
DEBUG 2026-05-13 20:41:56,343 autoreload 21 125903158266752 File /usr/local/lib/python3.12/site-packages/django/templatetags/cache.py first seen with mtime 1778606031.0
DEBUG 2026-05-13 20:41:56,344 autoreload 21 125903158266752 File /usr/local/lib/python3.12/site-packages/django/contrib/contenttypes/forms.py first seen with mtime 1778606030.0
DEBUG 2026-05-13 20:41:56,344 autoreload 21 125903158266752 File /usr/local/lib/python3.12/site-packages/django/db/models/sql/where.py first seen with mtime 1778606031.0
DEBUG 2026-05-13 20:41:56,344 autoreload 21 125903158266752 File /usr/local/lib/python3.12/urllib/response.py first seen with mtime 1771962454.0
DEBUG 2026-05-13 20:41:56,344 autoreload 21 125903158266752 File /usr/local/lib/python3.12/site-packages/django/template/context.py first seen with mtime 1778606031.0
DEBUG 2026-05-13 20:41:56,345 autoreload 21 125903158266752 File /usr/local/lib/python3.12/warnings.py first seen with mtime 1771962454.0
DEBUG 2026-05-13 20:41:56,345 autoreload 21 125903158266752 File /usr/local/lib/python3.12/site-packages/rest_framework/mixins.py first seen with mtime 1778606034.0
DEBUG 2026-05-13 20:41:56,345 autoreload 21 125903158266752 File /usr/local/lib/python3.12/site-packages/rest_framework/schemas/generators.py first seen with mtime 1778606034.0
DEBUG 2026-05-13 20:41:56,345 autoreload 21 125903158266752 File /usr/local/lib/python3.12/urllib/__init__.py first seen with mtime 1771962454.0
DEBUG 2026-05-13 20:41:56,346 autoreload 21 125903158266752 File /usr/local/lib/python3.12/site-packages/django/core/serializers/__init__.py first seen with mtime 1778606031.0
DEBUG 2026-05-13 20:41:56,346 autoreload 21 125903158266752 File /usr/local/lib/python3.12/site-packages/django/contrib/messages/storage/base.py first seen with mtime 1778606031.0
DEBUG 2026-05-13 20:41:56,346 autoreload 21 125903158266752 File /usr/local/lib/python3.12/site-packages/django/views/decorators/__init__.py first seen with mtime 1778606031.0
DEBUG 2026-05-13 20:41:56,346 autoreload 21 125903158266752 File /usr/local/lib/python3.12/asyncio/locks.py first seen with mtime 1771962454.0
DEBUG 2026-05-13 20:41:56,347 autoreload 21 125903158266752 File /usr/local/lib/python3.12/site-packages/django/core/files/locks.py first seen with mtime 1778606031.0
DEBUG 2026-05-13 20:41:56,347 autoreload 21 125903158266752 File /usr/local/lib/python3.12/site-packages/django/db/backends/postgresql/__init__.py first seen with mtime 1778606031.0
DEBUG 2026-05-13 20:41:56,347 autoreload 21 125903158266752 File /usr/local/lib/python3.12/site-packages/django/db/models/fields/reverse_related.py first seen with mtime 1778606031.0
DEBUG 2026-05-13 20:41:56,347 autoreload 21 125903158266752 File /usr/local/lib/python3.12/concurrent/futures/_base.py first seen with mtime 1771962454.0
DEBUG 2026-05-13 20:41:56,348 autoreload 21 125903158266752 File /usr/local/lib/python3.12/site-packages/django/utils/translation/trans_real.py first seen with mtime 1778606031.0
DEBUG 2026-05-13 20:41:56,348 autoreload 21 125903158266752 File /usr/local/lib/python3.12/site-packages/django/utils/html.py first seen with mtime 1778606031.0
DEBUG 2026-05-13 20:41:56,348 autoreload 21 125903158266752 File /usr/local/lib/python3.12/site-packages/django/contrib/admin/apps.py first seen with mtime 1778606030.0
DEBUG 2026-05-13 20:41:56,349 autoreload 21 125903158266752 File /usr/local/lib/python3.12/site-packages/rest_framework/schemas/__init__.py first seen with mtime 1778606034.0
DEBUG 2026-05-13 20:41:56,349 autoreload 21 125903158266752 File /usr/local/lib/python3.12/site-packages/django/db/migrations/operations/__init__.py first seen with mtime 1778606031.0
DEBUG 2026-05-13 20:41:56,349 autoreload 21 125903158266752 File /usr/local/lib/python3.12/site-packages/django/forms/utils.py first seen with mtime 1778606031.0
DEBUG 2026-05-13 20:41:56,349 autoreload 21 125903158266752 File /app/users/models.py first seen with mtime 1778610491.2889423
DEBUG 2026-05-13 20:41:56,350 autoreload 21 125903158266752 File /usr/local/lib/python3.12/lib-dynload/_bisect.cpython-312-x86_64-linux-gnu.so first seen with mtime 1771962460.0
DEBUG 2026-05-13 20:41:56,350 autoreload 21 125903158266752 File /usr/local/lib/python3.12/asyncio/timeouts.py first seen with mtime 1771962454.0
DEBUG 2026-05-13 20:41:56,350 autoreload 21 125903158266752 File /usr/local/lib/python3.12/lib-dynload/_zoneinfo.cpython-312-x86_64-linux-gnu.so first seen with mtime 1771962460.0
DEBUG 2026-05-13 20:41:56,351 autoreload 21 125903158266752 File /usr/local/lib/python3.12/site-packages/django/urls/resolvers.py first seen with mtime 1778606031.0
DEBUG 2026-05-13 20:41:56,352 autoreload 21 125903158266752 File /usr/local/lib/python3.12/site-packages/django/core/cache/__init__.py first seen with mtime 1778606031.0
DEBUG 2026-05-13 20:41:56,352 autoreload 21 125903158266752 File /usr/local/lib/python3.12/site-packages/django/urls/conf.py first seen with mtime 1778606031.0
DEBUG 2026-05-13 20:41:56,353 autoreload 21 125903158266752 File /usr/local/lib/python3.12/site-packages/django/views/decorators/debug.py first seen with mtime 1778606031.0
DEBUG 2026-05-13 20:41:56,353 autoreload 21 125903158266752 File /usr/local/lib/python3.12/site-packages/django/core/signing.py first seen with mtime 1778606031.0
DEBUG 2026-05-13 20:41:56,354 autoreload 21 125903158266752 File /app/notifications/models.py first seen with mtime 1778610577.0015597
DEBUG 2026-05-13 20:41:56,355 autoreload 21 125903158266752 File /usr/local/lib/python3.12/base64.py first seen with mtime 1771962454.0
DEBUG 2026-05-13 20:41:56,355 autoreload 21 125903158266752 File /usr/local/lib/python3.12/site-packages/django/contrib/auth/forms.py first seen with mtime 1778606030.0
DEBUG 2026-05-13 20:41:56,356 autoreload 21 125903158266752 File /usr/local/lib/python3.12/site-packages/rest_framework/templatetags/__init__.py first seen with mtime 1778606034.0
DEBUG 2026-05-13 20:41:56,356 autoreload 21 125903158266752 File /usr/local/lib/python3.12/site-packages/django/views/generic/edit.py first seen with mtime 1778606031.0
DEBUG 2026-05-13 20:41:56,356 autoreload 21 125903158266752 File /usr/local/lib/python3.12/site-packages/django/core/serializers/python.py first seen with mtime 1778606031.0
DEBUG 2026-05-13 20:41:56,356 autoreload 21 125903158266752 File /usr/local/lib/python3.12/site-packages/django/db/models/sql/constants.py first seen with mtime 1778606031.0
DEBUG 2026-05-13 20:41:56,356 autoreload 21 125903158266752 File /usr/local/lib/python3.12/site-packages/django/apps/config.py first seen with mtime 1778606030.0
DEBUG 2026-05-13 20:41:56,356 autoreload 21 125903158266752 File /usr/local/lib/python3.12/site-packages/django/db/models/signals.py first seen with mtime 1778606031.0
DEBUG 2026-05-13 20:41:56,357 autoreload 21 125903158266752 File /usr/local/lib/python3.12/zoneinfo/_tzpath.py first seen with mtime 1771962455.0
DEBUG 2026-05-13 20:41:56,357 autoreload 21 125903158266752 File /usr/local/lib/python3.12/random.py first seen with mtime 1771962454.0
DEBUG 2026-05-13 20:41:56,357 autoreload 21 125903158266752 File /usr/local/lib/python3.12/site-packages/django/utils/crypto.py first seen with mtime 1778606031.0
DEBUG 2026-05-13 20:41:56,357 autoreload 21 125903158266752 File /usr/local/lib/python3.12/pickle.py first seen with mtime 1771962454.0
DEBUG 2026-05-13 20:41:56,358 autoreload 21 125903158266752 File /usr/local/lib/python3.12/asyncio/runners.py first seen with mtime 1771962454.0
DEBUG 2026-05-13 20:41:56,358 autoreload 21 125903158266752 File /usr/local/lib/python3.12/site-packages/django/contrib/staticfiles/__init__.py first seen with mtime 1778606031.0
DEBUG 2026-05-13 20:41:56,358 autoreload 21 125903158266752 File /usr/local/lib/python3.12/site-packages/django/core/signals.py first seen with mtime 1778606031.0
DEBUG 2026-05-13 20:41:56,358 autoreload 21 125903158266752 File /usr/local/lib/python3.12/html/__init__.py first seen with mtime 1771962454.0
DEBUG 2026-05-13 20:41:56,359 autoreload 21 125903158266752 File /usr/local/lib/python3.12/email/encoders.py first seen with mtime 1771962454.0
DEBUG 2026-05-13 20:41:56,359 autoreload 21 125903158266752 File /usr/local/lib/python3.12/site-packages/django/contrib/postgres/search.py first seen with mtime 1778606031.0
DEBUG 2026-05-13 20:41:56,359 autoreload 21 125903158266752 File /usr/local/lib/python3.12/site-packages/django/db/backends/postgresql/psycopg_any.py first seen with mtime 1778606031.0
DEBUG 2026-05-13 20:41:56,360 autoreload 21 125903158266752 File /usr/local/lib/python3.12/site-packages/django/utils/dateparse.py first seen with mtime 1778606031.0
DEBUG 2026-05-13 20:41:56,360 autoreload 21 125903158266752 File /usr/local/lib/python3.12/site-packages/django/utils/inspect.py first seen with mtime 1778606031.0
DEBUG 2026-05-13 20:41:56,360 autoreload 21 125903158266752 File /usr/local/lib/python3.12/site-packages/django/contrib/admindocs/__init__.py first seen with mtime 1778606030.0
DEBUG 2026-05-13 20:41:56,360 autoreload 21 125903158266752 File /usr/local/lib/python3.12/http/client.py first seen with mtime 1771962454.0
DEBUG 2026-05-13 20:41:56,361 autoreload 21 125903158266752 File /usr/local/lib/python3.12/site-packages/django/views/__init__.py first seen with mtime 1778606031.0
DEBUG 2026-05-13 20:41:56,361 autoreload 21 125903158266752 File /usr/local/lib/python3.12/site-packages/django/db/models/functions/math.py first seen with mtime 1778606031.0
DEBUG 2026-05-13 20:41:56,361 autoreload 21 125903158266752 File /usr/local/lib/python3.12/asyncio/coroutines.py first seen with mtime 1771962454.0
DEBUG 2026-05-13 20:41:56,362 autoreload 21 125903158266752 File /usr/local/lib/python3.12/site-packages/django/db/backends/__init__.py first seen with mtime 1778606031.0
DEBUG 2026-05-13 20:41:56,362 autoreload 21 125903158266752 File /usr/local/lib/python3.12/site-packages/django/db/migrations/migration.py first seen with mtime 1778606031.0
DEBUG 2026-05-13 20:41:56,362 autoreload 21 125903158266752 File /usr/local/lib/python3.12/email/contentmanager.py first seen with mtime 1771962454.0
DEBUG 2026-05-13 20:41:56,362 autoreload 21 125903158266752 File /usr/local/lib/python3.12/struct.py first seen with mtime 1771962454.0
DEBUG 2026-05-13 20:41:56,363 autoreload 21 125903158266752 File /usr/local/lib/python3.12/site-packages/rest_framework/parsers.py first seen with mtime 1778606034.0
DEBUG 2026-05-13 20:41:56,363 autoreload 21 125903158266752 File /usr/local/lib/python3.12/site-packages/django/contrib/admin/views/main.py first seen with mtime 1778606030.0
DEBUG 2026-05-13 20:41:56,363 autoreload 21 125903158266752 File /usr/local/lib/python3.12/site-packages/django/contrib/humanize/templatetags/humanize.py first seen with mtime 1778606031.0
DEBUG 2026-05-13 20:41:56,364 autoreload 21 125903158266752 File /usr/local/lib/python3.12/email/__init__.py first seen with mtime 1771962454.0
DEBUG 2026-05-13 20:41:56,364 autoreload 21 125903158266752 File /app/core/views.py first seen with mtime 1778610576.996735
DEBUG 2026-05-13 20:41:56,364 autoreload 21 125903158266752 File /usr/local/lib/python3.12/site-packages/django/utils/regex_helper.py first seen with mtime 1778606031.0
DEBUG 2026-05-13 20:41:56,364 autoreload 21 125903158266752 File /usr/local/lib/python3.12/site-packages/django/utils/lorem_ipsum.py first seen with mtime 1778606031.0
DEBUG 2026-05-13 20:41:56,365 autoreload 21 125903158266752 File /usr/local/lib/python3.12/site-packages/django/core/management/commands/makemigrations.py first seen with mtime 1778606031.0
DEBUG 2026-05-13 20:41:56,365 autoreload 21 125903158266752 File /usr/local/lib/python3.12/site-packages/django/contrib/admin/templatetags/admin_urls.py first seen with mtime 1778606030.0
DEBUG 2026-05-13 20:41:56,365 autoreload 21 125903158266752 File /usr/local/lib/python3.12/site-packages/django/contrib/auth/templatetags/auth.py first seen with mtime 1778606030.0
DEBUG 2026-05-13 20:41:56,365 autoreload 21 125903158266752 File /usr/local/lib/python3.12/site-packages/django/contrib/postgres/forms/__init__.py first seen with mtime 1778606031.0
DEBUG 2026-05-13 20:41:56,366 autoreload 21 125903158266752 File /usr/local/lib/python3.12/site-packages/django/middleware/security.py first seen with mtime 1778606031.0
DEBUG 2026-05-13 20:41:56,366 autoreload 21 125903158266752 File /usr/local/lib/python3.12/site-packages/django/views/defaults.py first seen with mtime 1778606031.0
DEBUG 2026-05-13 20:41:56,366 autoreload 21 125903158266752 File /usr/local/lib/python3.12/site-packages/django/db/backends/postgresql/compiler.py first seen with mtime 1778606031.0
DEBUG 2026-05-13 20:41:56,366 autoreload 21 125903158266752 File /usr/local/lib/python3.12/site-packages/django/forms/forms.py first seen with mtime 1778606031.0
DEBUG 2026-05-13 20:41:56,367 autoreload 21 125903158266752 File /usr/local/lib/python3.12/site-packages/django/dispatch/__init__.py first seen with mtime 1778606031.0
DEBUG 2026-05-13 20:41:56,367 autoreload 21 125903158266752 File /usr/local/lib/python3.12/site-packages/django/db/models/indexes.py first seen with mtime 1778606031.0
DEBUG 2026-05-13 20:41:56,367 autoreload 21 125903158266752 File /usr/local/lib/python3.12/site-packages/django/utils/formats.py first seen with mtime 1778606031.0
DEBUG 2026-05-13 20:41:56,367 autoreload 21 125903158266752 File /usr/local/lib/python3.12/site-packages/rest_framework/metadata.py first seen with mtime 1778606034.0
DEBUG 2026-05-13 20:41:56,368 autoreload 21 125903158266752 File /usr/local/lib/python3.12/site-packages/rest_framework/urls.py first seen with mtime 1778606034.0
DEBUG 2026-05-13 20:41:56,368 autoreload 21 125903158266752 File /usr/local/lib/python3.12/re/_casefix.py first seen with mtime 1771962454.0
DEBUG 2026-05-13 20:41:56,368 autoreload 21 125903158266752 File /usr/local/lib/python3.12/re/_parser.py first seen with mtime 1771962454.0
DEBUG 2026-05-13 20:41:56,368 autoreload 21 125903158266752 File /usr/local/lib/python3.12/platform.py first seen with mtime 1771962454.0
DEBUG 2026-05-13 20:41:56,369 autoreload 21 125903158266752 File /usr/local/lib/python3.12/site-packages/django/contrib/contenttypes/models.py first seen with mtime 1778606030.0
DEBUG 2026-05-13 20:41:56,369 autoreload 21 125903158266752 File /usr/local/lib/python3.12/token.py first seen with mtime 1771962454.0
DEBUG 2026-05-13 20:41:56,369 autoreload 21 125903158266752 File /usr/local/lib/python3.12/site-packages/django/db/models/fields/composite.py first seen with mtime 1778606031.0
DEBUG 2026-05-13 20:41:56,370 autoreload 21 125903158266752 File /usr/local/lib/python3.12/site-packages/psycopg2/errors.py first seen with mtime 1778606029.0
DEBUG 2026-05-13 20:41:56,370 autoreload 21 125903158266752 File /usr/local/lib/python3.12/site-packages/django/template/__init__.py first seen with mtime 1778606031.0
DEBUG 2026-05-13 20:41:56,370 autoreload 21 125903158266752 File /usr/local/lib/python3.12/site-packages/django/core/wsgi.py first seen with mtime 1778606031.0
DEBUG 2026-05-13 20:41:56,371 autoreload 21 125903158266752 File /app/manage.py first seen with mtime 1778514686.5087533
DEBUG 2026-05-13 20:41:56,371 autoreload 21 125903158266752 File /usr/local/lib/python3.12/subprocess.py first seen with mtime 1771962454.0
DEBUG 2026-05-13 20:41:56,371 autoreload 21 125903158266752 File /usr/local/lib/python3.12/site-packages/django/core/checks/security/base.py first seen with mtime 1778606031.0
DEBUG 2026-05-13 20:41:56,371 autoreload 21 125903158266752 File /usr/local/lib/python3.12/site-packages/django/contrib/postgres/validators.py first seen with mtime 1778606031.0
DEBUG 2026-05-13 20:41:56,371 autoreload 21 125903158266752 File /usr/local/lib/python3.12/site-packages/django/utils/timesince.py first seen with mtime 1778606031.0
DEBUG 2026-05-13 20:41:56,371 autoreload 21 125903158266752 File /usr/local/lib/python3.12/encodings/utf_8.py first seen with mtime 1771962454.0
DEBUG 2026-05-13 20:41:56,372 autoreload 21 125903158266752 File /usr/local/lib/python3.12/site-packages/django/core/files/storage/base.py first seen with mtime 1778606031.0
DEBUG 2026-05-13 20:41:56,372 autoreload 21 125903158266752 File /usr/local/lib/python3.12/bz2.py first seen with mtime 1771962454.0
DEBUG 2026-05-13 20:41:56,372 autoreload 21 125903158266752 File /usr/local/lib/python3.12/site-packages/django/db/backends/base/__init__.py first seen with mtime 1778606031.0
DEBUG 2026-05-13 20:41:56,373 autoreload 21 125903158266752 File /usr/local/lib/python3.12/site-packages/django/contrib/auth/backends.py first seen with mtime 1778606030.0
DEBUG 2026-05-13 20:41:56,373 autoreload 21 125903158266752 File /usr/local/lib/python3.12/site-packages/django/contrib/staticfiles/checks.py first seen with mtime 1778606031.0
DEBUG 2026-05-13 20:41:56,373 autoreload 21 125903158266752 File /usr/local/lib/python3.12/site-packages/django/contrib/admin/decorators.py first seen with mtime 1778606030.0
DEBUG 2026-05-13 20:41:56,374 autoreload 21 125903158266752 File /usr/local/lib/python3.12/asyncio/format_helpers.py first seen with mtime 1771962454.0
DEBUG 2026-05-13 20:41:56,374 autoreload 21 125903158266752 File /usr/local/lib/python3.12/site-packages/django/db/models/functions/json.py first seen with mtime 1778606031.0
DEBUG 2026-05-13 20:41:56,375 autoreload 21 125903158266752 File /usr/local/lib/python3.12/site-packages/rest_framework/__init__.py first seen with mtime 1778606034.0
DEBUG 2026-05-13 20:41:56,375 autoreload 21 125903158266752 File /usr/local/lib/python3.12/site-packages/django/contrib/admin/templatetags/base.py first seen with mtime 1778606030.0
DEBUG 2026-05-13 20:41:56,376 autoreload 21 125903158266752 File /usr/local/lib/python3.12/email/_encoded_words.py first seen with mtime 1771962454.0
DEBUG 2026-05-13 20:41:56,376 autoreload 21 125903158266752 File /usr/local/lib/python3.12/email/utils.py first seen with mtime 1771962454.0
DEBUG 2026-05-13 20:41:56,376 autoreload 21 125903158266752 File /usr/local/lib/python3.12/site-packages/django/core/files/move.py first seen with mtime 1778606031.0
DEBUG 2026-05-13 20:41:56,376 autoreload 21 125903158266752 File /usr/local/lib/python3.12/site-packages/django/contrib/sessions/__init__.py first seen with mtime 1778606031.0
DEBUG 2026-05-13 20:41:56,376 autoreload 21 125903158266752 File /usr/local/lib/python3.12/site-packages/rest_framework/utils/__init__.py first seen with mtime 1778606034.0
DEBUG 2026-05-13 20:41:56,376 autoreload 21 125903158266752 File /usr/local/lib/python3.12/site-packages/django/template/backends/base.py first seen with mtime 1778606031.0
DEBUG 2026-05-13 20:41:56,376 autoreload 21 125903158266752 File /usr/local/lib/python3.12/site-packages/django/utils/deconstruct.py first seen with mtime 1778606031.0
DEBUG 2026-05-13 20:41:56,377 autoreload 21 125903158266752 File /usr/local/lib/python3.12/email/iterators.py first seen with mtime 1771962454.0
DEBUG 2026-05-13 20:41:56,377 autoreload 21 125903158266752 File /usr/local/lib/python3.12/site-packages/rest_framework/pagination.py first seen with mtime 1778606034.0
DEBUG 2026-05-13 20:41:56,377 autoreload 21 125903158266752 File /usr/local/lib/python3.12/lib-dynload/_hashlib.cpython-312-x86_64-linux-gnu.so first seen with mtime 1771962460.0
DEBUG 2026-05-13 20:41:56,377 autoreload 21 125903158266752 File /usr/local/lib/python3.12/site-packages/rest_framework/apps.py first seen with mtime 1778606034.0
DEBUG 2026-05-13 20:41:56,377 autoreload 21 125903158266752 File /usr/local/lib/python3.12/lib-dynload/binascii.cpython-312-x86_64-linux-gnu.so first seen with mtime 1771962460.0
DEBUG 2026-05-13 20:41:56,377 autoreload 21 125903158266752 File /usr/local/lib/python3.12/site-packages/django/db/models/functions/text.py first seen with mtime 1778606031.0
DEBUG 2026-05-13 20:41:56,377 autoreload 21 125903158266752 File /usr/local/lib/python3.12/site-packages/django/utils/text.py first seen with mtime 1778606031.0
DEBUG 2026-05-13 20:41:56,378 autoreload 21 125903158266752 File /usr/local/lib/python3.12/decimal.py first seen with mtime 1771962454.0
DEBUG 2026-05-13 20:41:56,378 autoreload 21 125903158266752 File /usr/local/lib/python3.12/dis.py first seen with mtime 1771962454.0
DEBUG 2026-05-13 20:41:56,378 autoreload 21 125903158266752 File /usr/local/lib/python3.12/site-packages/django/db/backends/base/features.py first seen with mtime 1778606031.0
DEBUG 2026-05-13 20:41:56,378 autoreload 21 125903158266752 File /usr/local/lib/python3.12/email/quoprimime.py first seen with mtime 1771962454.0
DEBUG 2026-05-13 20:41:56,378 autoreload 21 125903158266752 File /usr/local/lib/python3.12/email/charset.py first seen with mtime 1771962454.0
DEBUG 2026-05-13 20:41:56,378 autoreload 21 125903158266752 File /usr/local/lib/python3.12/quopri.py first seen with mtime 1771962454.0
DEBUG 2026-05-13 20:41:56,378 autoreload 21 125903158266752 File /usr/local/lib/python3.12/site-packages/django/contrib/auth/base_user.py first seen with mtime 1778606030.0
DEBUG 2026-05-13 20:41:56,378 autoreload 21 125903158266752 File /usr/local/lib/python3.12/operator.py first seen with mtime 1771962454.0
DEBUG 2026-05-13 20:41:56,379 autoreload 21 125903158266752 File /usr/local/lib/python3.12/asyncio/log.py first seen with mtime 1771962454.0
DEBUG 2026-05-13 20:41:56,379 autoreload 21 125903158266752 File /usr/local/lib/python3.12/site-packages/django/db/models/query.py first seen with mtime 1778606031.0
DEBUG 2026-05-13 20:41:56,379 autoreload 21 125903158266752 File /usr/local/lib/python3.12/site-packages/django/db/models/functions/datetime.py first seen with mtime 1778606031.0
DEBUG 2026-05-13 20:41:56,379 autoreload 21 125903158266752 File /usr/local/lib/python3.12/site-packages/django/db/migrations/autodetector.py first seen with mtime 1778606031.0
DEBUG 2026-05-13 20:41:56,379 autoreload 21 125903158266752 File /usr/local/lib/python3.12/site-packages/psycopg2/_psycopg.cpython-312-x86_64-linux-gnu.so first seen with mtime 1778606029.0
DEBUG 2026-05-13 20:41:56,380 autoreload 21 125903158266752 File /usr/local/lib/python3.12/site-packages/django/db/models/fields/tuple_lookups.py first seen with mtime 1778606031.0
DEBUG 2026-05-13 20:41:56,380 autoreload 21 125903158266752 File /usr/local/lib/python3.12/site-packages/django/core/files/storage/filesystem.py first seen with mtime 1778606031.0
DEBUG 2026-05-13 20:41:56,380 autoreload 21 125903158266752 File /usr/local/lib/python3.12/asyncio/events.py first seen with mtime 1771962454.0
DEBUG 2026-05-13 20:41:56,380 autoreload 21 125903158266752 File /usr/local/lib/python3.12/site-packages/django/core/files/storage/memory.py first seen with mtime 1778606031.0
DEBUG 2026-05-13 20:41:56,380 autoreload 21 125903158266752 File /usr/local/lib/python3.12/wsgiref/simple_server.py first seen with mtime 1771962454.0
DEBUG 2026-05-13 20:41:56,380 autoreload 21 125903158266752 File /usr/local/lib/python3.12/lib-dynload/_posixsubprocess.cpython-312-x86_64-linux-gnu.so first seen with mtime 1771962460.0
DEBUG 2026-05-13 20:41:56,381 autoreload 21 125903158266752 File /usr/local/lib/python3.12/site-packages/django/core/files/storage/handler.py first seen with mtime 1778606031.0
DEBUG 2026-05-13 20:41:56,381 autoreload 21 125903158266752 File /usr/local/lib/python3.12/site-packages/django/core/checks/translation.py first seen with mtime 1778606031.0
DEBUG 2026-05-13 20:41:56,381 autoreload 21 125903158266752 File /usr/local/lib/python3.12/site-packages/django/db/backends/postgresql/creation.py first seen with mtime 1778606031.0
DEBUG 2026-05-13 20:41:56,381 autoreload 21 125903158266752 File /usr/local/lib/python3.12/http/server.py first seen with mtime 1771962454.0
DEBUG 2026-05-13 20:41:56,381 autoreload 21 125903158266752 File /usr/local/lib/python3.12/wsgiref/__init__.py first seen with mtime 1771962454.0
DEBUG 2026-05-13 20:41:56,382 autoreload 21 125903158266752 File /usr/local/lib/python3.12/site-packages/django/contrib/staticfiles/management/commands/runserver.py first seen with mtime 1778606031.0
DEBUG 2026-05-13 20:41:56,382 autoreload 21 125903158266752 File /usr/local/lib/python3.12/site-packages/django/contrib/admin/templatetags/__init__.py first seen with mtime 1778606030.0
DEBUG 2026-05-13 20:41:56,382 autoreload 21 125903158266752 File /usr/local/lib/python3.12/heapq.py first seen with mtime 1771962454.0
DEBUG 2026-05-13 20:41:56,382 autoreload 21 125903158266752 File /usr/local/lib/python3.12/email/errors.py first seen with mtime 1771962454.0
DEBUG 2026-05-13 20:41:56,382 autoreload 21 125903158266752 File /usr/local/lib/python3.12/site-packages/rest_framework/utils/formatting.py first seen with mtime 1778606034.0
DEBUG 2026-05-13 20:41:56,382 autoreload 21 125903158266752 File /usr/local/lib/python3.12/site-packages/django/core/cache/backends/base.py first seen with mtime 1778606031.0
DEBUG 2026-05-13 20:41:56,383 autoreload 21 125903158266752 File /usr/local/lib/python3.12/site-packages/django/utils/tree.py first seen with mtime 1778606031.0
DEBUG 2026-05-13 20:41:56,383 autoreload 21 125903158266752 File /usr/local/lib/python3.12/site-packages/django/contrib/staticfiles/management/__init__.py first seen with mtime 1778606031.0
DEBUG 2026-05-13 20:41:56,383 autoreload 21 125903158266752 File /usr/local/lib/python3.12/email/mime/message.py first seen with mtime 1771962454.0
DEBUG 2026-05-13 20:41:56,383 autoreload 21 125903158266752 File /usr/local/lib/python3.12/site-packages/django/contrib/contenttypes/admin.py first seen with mtime 1778606030.0
DEBUG 2026-05-13 20:41:56,383 autoreload 21 125903158266752 File /usr/local/lib/python3.12/wsgiref/handlers.py first seen with mtime 1771962454.0
DEBUG 2026-05-13 20:41:56,384 autoreload 21 125903158266752 File /usr/local/lib/python3.12/site-packages/django/db/models/constraints.py first seen with mtime 1778606031.0
DEBUG 2026-05-13 20:41:56,384 autoreload 21 125903158266752 File /usr/local/lib/python3.12/site-packages/sqlparse/lexer.py first seen with mtime 1778606029.0
DEBUG 2026-05-13 20:41:56,384 autoreload 21 125903158266752 File /usr/local/lib/python3.12/site-packages/rest_framework/utils/mediatypes.py first seen with mtime 1778606034.0
DEBUG 2026-05-13 20:41:56,384 autoreload 21 125903158266752 File /usr/local/lib/python3.12/site-packages/django/contrib/auth/__init__.py first seen with mtime 1778606030.0
DEBUG 2026-05-13 20:41:56,384 autoreload 21 125903158266752 File /usr/local/lib/python3.12/site-packages/django/contrib/sessions/apps.py first seen with mtime 1778606031.0
DEBUG 2026-05-13 20:41:56,385 autoreload 21 125903158266752 File /usr/local/lib/python3.12/importlib/_abc.py first seen with mtime 1771962454.0
DEBUG 2026-05-13 20:41:56,385 autoreload 21 125903158266752 File /usr/local/lib/python3.12/site-packages/django/template/backends/__init__.py first seen with mtime 1778606031.0
DEBUG 2026-05-13 20:41:56,385 autoreload 21 125903158266752 File /usr/local/lib/python3.12/site-packages/django/utils/termcolors.py first seen with mtime 1778606031.0
DEBUG 2026-05-13 20:41:56,386 autoreload 21 125903158266752 File /usr/local/lib/python3.12/site-packages/asgiref/__init__.py first seen with mtime 1778606030.0
DEBUG 2026-05-13 20:41:56,386 autoreload 21 125903158266752 File /usr/local/lib/python3.12/email/message.py first seen with mtime 1771962454.0
DEBUG 2026-05-13 20:41:56,386 autoreload 21 125903158266752 File /usr/local/lib/python3.12/site-packages/django/core/cache/backends/__init__.py first seen with mtime 1778606031.0
DEBUG 2026-05-13 20:41:56,387 autoreload 21 125903158266752 File /usr/local/lib/python3.12/sysconfig.py first seen with mtime 1771962454.0
DEBUG 2026-05-13 20:41:56,387 autoreload 21 125903158266752 File /usr/local/lib/python3.12/contextlib.py first seen with mtime 1771962454.0
DEBUG 2026-05-13 20:41:56,387 autoreload 21 125903158266752 File /usr/local/lib/python3.12/lib-dynload/_bz2.cpython-312-x86_64-linux-gnu.so first seen with mtime 1771962460.0
DEBUG 2026-05-13 20:41:56,387 autoreload 21 125903158266752 File /usr/local/lib/python3.12/site-packages/django/core/paginator.py first seen with mtime 1778606031.0
DEBUG 2026-05-13 20:41:56,388 autoreload 21 125903158266752 File /app/users/admin.py first seen with mtime 1778610577.0017352
DEBUG 2026-05-13 20:41:56,389 autoreload 21 125903158266752 File /usr/local/lib/python3.12/asyncio/exceptions.py first seen with mtime 1771962454.0
DEBUG 2026-05-13 20:41:56,389 autoreload 21 125903158266752 File /usr/local/lib/python3.12/site-packages/django/contrib/sites/__init__.py first seen with mtime 1778606031.0
DEBUG 2026-05-13 20:41:56,389 autoreload 21 125903158266752 File /usr/local/lib/python3.12/site-packages/sqlparse/utils.py first seen with mtime 1778606029.0
DEBUG 2026-05-13 20:41:56,389 autoreload 21 125903158266752 File /usr/local/lib/python3.12/site-packages/rest_framework/viewsets.py first seen with mtime 1778606034.0
DEBUG 2026-05-13 20:41:56,389 autoreload 21 125903158266752 File /usr/local/lib/python3.12/site-packages/django/urls/base.py first seen with mtime 1778606031.0
DEBUG 2026-05-13 20:41:56,389 autoreload 21 125903158266752 File /usr/local/lib/python3.12/site-packages/django/db/__init__.py first seen with mtime 1778606031.0
DEBUG 2026-05-13 20:41:56,389 autoreload 21 125903158266752 File /usr/local/lib/python3.12/site-packages/django/core/mail/utils.py first seen with mtime 1778606031.0
DEBUG 2026-05-13 20:41:56,390 autoreload 21 125903158266752 File /usr/local/lib/python3.12/site-packages/django/template/loader_tags.py first seen with mtime 1778606031.0
DEBUG 2026-05-13 20:41:56,390 autoreload 21 125903158266752 File /usr/local/lib/python3.12/site-packages/corsheaders/apps.py first seen with mtime 1778606035.0
DEBUG 2026-05-13 20:41:56,390 autoreload 21 125903158266752 File /usr/local/lib/python3.12/site-packages/django/utils/asyncio.py first seen with mtime 1778606031.0
DEBUG 2026-05-13 20:41:56,390 autoreload 21 125903158266752 File /usr/local/lib/python3.12/site-packages/django/views/csrf.py first seen with mtime 1778606031.0
DEBUG 2026-05-13 20:41:56,391 autoreload 21 125903158266752 File /usr/local/lib/python3.12/site-packages/sqlparse/formatter.py first seen with mtime 1778606029.0
DEBUG 2026-05-13 20:41:56,391 autoreload 21 125903158266752 File /app/core/permissions.py first seen with mtime 1778610576.996735
DEBUG 2026-05-13 20:41:56,391 autoreload 21 125903158266752 File /usr/local/lib/python3.12/site-packages/django/utils/deprecation.py first seen with mtime 1778606031.0
DEBUG 2026-05-13 20:41:56,391 autoreload 21 125903158266752 File /usr/local/lib/python3.12/lib-dynload/select.cpython-312-x86_64-linux-gnu.so first seen with mtime 1771962460.0
DEBUG 2026-05-13 20:41:56,391 autoreload 21 125903158266752 File /usr/local/lib/python3.12/site-packages/django/core/checks/files.py first seen with mtime 1778606031.0
DEBUG 2026-05-13 20:41:56,391 autoreload 21 125903158266752 File /usr/local/lib/python3.12/http/__init__.py first seen with mtime 1771962454.0
DEBUG 2026-05-13 20:41:56,392 autoreload 21 125903158266752 File /usr/local/lib/python3.12/site-packages/django/db/models/sql/query.py first seen with mtime 1778606031.0
DEBUG 2026-05-13 20:41:56,392 autoreload 21 125903158266752 File /usr/local/lib/python3.12/site-packages/django/apps/registry.py first seen with mtime 1778606030.0
DEBUG 2026-05-13 20:41:56,392 autoreload 21 125903158266752 File /usr/local/lib/python3.12/wsgiref/util.py first seen with mtime 1771962454.0
DEBUG 2026-05-13 20:41:56,392 autoreload 21 125903158266752 File /usr/local/lib/python3.12/site-packages/django/utils/autoreload.py first seen with mtime 1778606031.0
DEBUG 2026-05-13 20:41:56,392 autoreload 21 125903158266752 File /usr/local/lib/python3.12/site-packages/django/db/backends/base/base.py first seen with mtime 1778606031.0
DEBUG 2026-05-13 20:41:56,393 autoreload 21 125903158266752 File /usr/local/lib/python3.12/site-packages/django/utils/choices.py first seen with mtime 1778606031.0
DEBUG 2026-05-13 20:41:56,393 autoreload 21 125903158266752 File /usr/local/lib/python3.12/uuid.py first seen with mtime 1771962454.0
DEBUG 2026-05-13 20:41:56,393 autoreload 21 125903158266752 File /usr/local/lib/python3.12/site-packages/django/core/checks/commands.py first seen with mtime 1778606031.0
DEBUG 2026-05-13 20:41:56,393 autoreload 21 125903158266752 File /usr/local/lib/python3.12/lib-dynload/_datetime.cpython-312-x86_64-linux-gnu.so first seen with mtime 1771962460.0
DEBUG 2026-05-13 20:41:56,393 autoreload 21 125903158266752 File /usr/local/lib/python3.12/site-packages/django/contrib/postgres/lookups.py first seen with mtime 1778606031.0
DEBUG 2026-05-13 20:41:56,393 autoreload 21 125903158266752 File /usr/local/lib/python3.12/asyncio/futures.py first seen with mtime 1771962454.0
DEBUG 2026-05-13 20:41:56,393 autoreload 21 125903158266752 File /usr/local/lib/python3.12/site-packages/django/urls/__init__.py first seen with mtime 1778606031.0
DEBUG 2026-05-13 20:41:56,393 autoreload 21 125903158266752 File /usr/local/lib/python3.12/site-packages/django/core/handlers/base.py first seen with mtime 1778606031.0
DEBUG 2026-05-13 20:41:56,393 autoreload 21 125903158266752 File /usr/local/lib/python3.12/site-packages/django/core/servers/__init__.py first seen with mtime 1778606031.0
DEBUG 2026-05-13 20:41:56,394 autoreload 21 125903158266752 File /usr/local/lib/python3.12/site-packages/django/core/checks/templates.py first seen with mtime 1778606031.0
DEBUG 2026-05-13 20:41:56,394 autoreload 21 125903158266752 File /usr/local/lib/python3.12/site-packages/django/contrib/humanize/templatetags/__init__.py first seen with mtime 1778606031.0
DEBUG 2026-05-13 20:41:56,394 autoreload 21 125903158266752 File /usr/local/lib/python3.12/site-packages/django/db/models/query_utils.py first seen with mtime 1778606031.0
DEBUG 2026-05-13 20:41:56,394 autoreload 21 125903158266752 File /usr/local/lib/python3.12/site-packages/sqlparse/filters/right_margin.py first seen with mtime 1778606029.0
DEBUG 2026-05-13 20:41:56,394 autoreload 21 125903158266752 File /usr/local/lib/python3.12/asyncio/base_events.py first seen with mtime 1771962454.0
DEBUG 2026-05-13 20:41:56,394 autoreload 21 125903158266752 File /usr/local/lib/python3.12/site-packages/django/db/backends/base/introspection.py first seen with mtime 1778606031.0
DEBUG 2026-05-13 20:41:56,394 autoreload 21 125903158266752 File /usr/local/lib/python3.12/functools.py first seen with mtime 1771962454.0
DEBUG 2026-05-13 20:41:56,394 autoreload 21 125903158266752 File /usr/local/lib/python3.12/site-packages/django/utils/connection.py first seen with mtime 1778606031.0
DEBUG 2026-05-13 20:41:56,395 autoreload 21 125903158266752 File /usr/local/lib/python3.12/site-packages/django/utils/numberformat.py first seen with mtime 1778606031.0
DEBUG 2026-05-13 20:41:56,395 autoreload 21 125903158266752 File /usr/local/lib/python3.12/site-packages/django/contrib/postgres/__init__.py first seen with mtime 1778606031.0
DEBUG 2026-05-13 20:41:56,395 autoreload 21 125903158266752 File /usr/local/lib/python3.12/site-packages/sqlparse/cli.py first seen with mtime 1778606029.0
DEBUG 2026-05-13 20:41:56,395 autoreload 21 125903158266752 File /usr/local/lib/python3.12/copyreg.py first seen with mtime 1771962454.0
DEBUG 2026-05-13 20:41:56,395 autoreload 21 125903158266752 File /usr/local/lib/python3.12/site-packages/django/contrib/admin/exceptions.py first seen with mtime 1778606030.0
DEBUG 2026-05-13 20:41:56,395 autoreload 21 125903158266752 File /usr/local/lib/python3.12/site-packages/django/contrib/auth/checks.py first seen with mtime 1778606030.0
DEBUG 2026-05-13 20:41:56,395 autoreload 21 125903158266752 File /usr/local/lib/python3.12/site-packages/django/http/multipartparser.py first seen with mtime 1778606031.0
DEBUG 2026-05-13 20:41:56,395 autoreload 21 125903158266752 File /usr/local/lib/python3.12/site-packages/django/db/models/expressions.py first seen with mtime 1778606031.0
DEBUG 2026-05-13 20:41:56,395 autoreload 21 125903158266752 File /usr/local/lib/python3.12/site-packages/django/utils/cache.py first seen with mtime 1778606031.0
DEBUG 2026-05-13 20:41:56,395 autoreload 21 125903158266752 File /usr/local/lib/python3.12/email/base64mime.py first seen with mtime 1771962454.0
DEBUG 2026-05-13 20:41:56,396 autoreload 21 125903158266752 File /usr/local/lib/python3.12/site-packages/django/db/migrations/operations/fields.py first seen with mtime 1778606031.0
DEBUG 2026-05-13 20:41:56,396 autoreload 21 125903158266752 File /usr/local/lib/python3.12/site-packages/django/template/backends/django.py first seen with mtime 1778606031.0
DEBUG 2026-05-13 20:41:56,396 autoreload 21 125903158266752 File /usr/local/lib/python3.12/site-packages/django/forms/boundfield.py first seen with mtime 1778606031.0
DEBUG 2026-05-13 20:41:56,396 autoreload 21 125903158266752 File /usr/local/lib/python3.12/site-packages/django/db/migrations/serializer.py first seen with mtime 1778606031.0
DEBUG 2026-05-13 20:41:56,396 autoreload 21 125903158266752 File /usr/local/lib/python3.12/site-packages/django/db/backends/base/creation.py first seen with mtime 1778606031.0
DEBUG 2026-05-13 20:41:56,396 autoreload 21 125903158266752 File /usr/local/lib/python3.12/email/_header_value_parser.py first seen with mtime 1771962454.0
DEBUG 2026-05-13 20:41:56,396 autoreload 21 125903158266752 File /usr/local/lib/python3.12/site-packages/django/contrib/postgres/forms/array.py first seen with mtime 1778606031.0
DEBUG 2026-05-13 20:41:56,397 autoreload 21 125903158266752 File /usr/local/lib/python3.12/site-packages/django/utils/functional.py first seen with mtime 1778606031.0
DEBUG 2026-05-13 20:41:56,397 autoreload 21 125903158266752 File /usr/local/lib/python3.12/site-packages/django/contrib/auth/templatetags/__init__.py first seen with mtime 1778606030.0
DEBUG 2026-05-13 20:41:56,397 autoreload 21 125903158266752 File /usr/local/lib/python3.12/site-packages/rest_framework/decorators.py first seen with mtime 1778606034.0
DEBUG 2026-05-13 20:41:56,397 autoreload 21 125903158266752 File /usr/local/lib/python3.12/site-packages/django/forms/__init__.py first seen with mtime 1778606031.0
DEBUG 2026-05-13 20:41:56,397 autoreload 21 125903158266752 File /usr/local/lib/python3.12/site-packages/django/template/response.py first seen with mtime 1778606031.0
DEBUG 2026-05-13 20:41:56,397 autoreload 21 125903158266752 File /usr/local/lib/python3.12/mimetypes.py first seen with mtime 1771962454.0
DEBUG 2026-05-13 20:41:56,398 autoreload 21 125903158266752 File /usr/local/lib/python3.12/site-packages/django/core/checks/security/sessions.py first seen with mtime 1778606031.0
DEBUG 2026-05-13 20:41:56,398 autoreload 21 125903158266752 File /usr/local/lib/python3.12/asyncio/selector_events.py first seen with mtime 1771962454.0
DEBUG 2026-05-13 20:41:56,398 autoreload 21 125903158266752 File /usr/local/lib/python3.12/lib-dynload/termios.cpython-312-x86_64-linux-gnu.so first seen with mtime 1771962460.0
DEBUG 2026-05-13 20:41:56,398 autoreload 21 125903158266752 File /usr/local/lib/python3.12/site-packages/django/db/backends/base/operations.py first seen with mtime 1778606031.0
DEBUG 2026-05-13 20:41:56,398 autoreload 21 125903158266752 File /usr/local/lib/python3.12/site-packages/django/views/i18n.py first seen with mtime 1778606031.0
DEBUG 2026-05-13 20:41:56,398 autoreload 21 125903158266752 File /usr/local/lib/python3.12/re/_constants.py first seen with mtime 1771962454.0
DEBUG 2026-05-13 20:41:56,398 autoreload 21 125903158266752 File /usr/local/lib/python3.12/site-packages/django/db/backends/postgresql/operations.py first seen with mtime 1778606031.0
DEBUG 2026-05-13 20:41:56,399 autoreload 21 125903158266752 File /usr/local/lib/python3.12/site-packages/django/contrib/admin/__init__.py first seen with mtime 1778606030.0
DEBUG 2026-05-13 20:41:56,399 autoreload 21 125903158266752 File /usr/local/lib/python3.12/site-packages/django/db/migrations/loader.py first seen with mtime 1778606031.0
DEBUG 2026-05-13 20:41:56,399 autoreload 21 125903158266752 File /usr/local/lib/python3.12/site-packages/django/template/loaders/cached.py first seen with mtime 1778606031.0
DEBUG 2026-05-13 20:41:56,399 autoreload 21 125903158266752 File /usr/local/lib/python3.12/site-packages/django/db/backends/postgresql/client.py first seen with mtime 1778606031.0
DEBUG 2026-05-13 20:41:56,399 autoreload 21 125903158266752 File /usr/local/lib/python3.12/types.py first seen with mtime 1771962454.0
DEBUG 2026-05-13 20:41:56,399 autoreload 21 125903158266752 File /usr/local/lib/python3.12/site-packages/rest_framework/utils/breadcrumbs.py first seen with mtime 1778606034.0
DEBUG 2026-05-13 20:41:56,399 autoreload 21 125903158266752 File /usr/local/lib/python3.12/site-packages/django/conf/global_settings.py first seen with mtime 1778606030.0
DEBUG 2026-05-13 20:41:56,399 autoreload 21 125903158266752 File /usr/local/lib/python3.12/site-packages/django/conf/locale/__init__.py first seen with mtime 1778606030.0
DEBUG 2026-05-13 20:41:56,399 autoreload 21 125903158266752 File /usr/local/lib/python3.12/site-packages/rest_framework/compat.py first seen with mtime 1778606034.0
DEBUG 2026-05-13 20:41:56,400 autoreload 21 125903158266752 File /usr/local/lib/python3.12/lib-dynload/_lzma.cpython-312-x86_64-linux-gnu.so first seen with mtime 1771962460.0
DEBUG 2026-05-13 20:41:56,400 autoreload 21 125903158266752 File /usr/local/lib/python3.12/site-packages/django/contrib/auth/views.py first seen with mtime 1778606030.0
DEBUG 2026-05-13 20:41:56,400 autoreload 21 125903158266752 File /usr/local/lib/python3.12/site-packages/django/contrib/postgres/forms/ranges.py first seen with mtime 1778606031.0
DEBUG 2026-05-13 20:41:56,400 autoreload 21 125903158266752 File /usr/local/lib/python3.12/site-packages/rest_framework/permissions.py first seen with mtime 1778606034.0
DEBUG 2026-05-13 20:41:56,400 autoreload 21 125903158266752 File /usr/local/lib/python3.12/site-packages/django/urls/utils.py first seen with mtime 1778606031.0
DEBUG 2026-05-13 20:41:56,400 autoreload 21 125903158266752 File /app/users/__init__.py first seen with mtime 1778610491.2870767
DEBUG 2026-05-13 20:41:56,400 autoreload 21 125903158266752 File /usr/local/lib/python3.12/site-packages/corsheaders/checks.py first seen with mtime 1778606035.0
DEBUG 2026-05-13 20:41:56,400 autoreload 21 125903158266752 File /usr/local/lib/python3.12/site-packages/django/urls/converters.py first seen with mtime 1778606031.0
DEBUG 2026-05-13 20:41:56,401 autoreload 21 125903158266752 File /usr/local/lib/python3.12/site-packages/django/utils/translation/__init__.py first seen with mtime 1778606031.0
DEBUG 2026-05-13 20:41:56,401 autoreload 21 125903158266752 File /usr/local/lib/python3.12/site-packages/django/db/backends/signals.py first seen with mtime 1778606031.0
DEBUG 2026-05-13 20:41:56,401 autoreload 21 125903158266752 File /app/users/serializers.py first seen with mtime 1778610577.0027351
DEBUG 2026-05-13 20:41:56,401 autoreload 21 125903158266752 File /usr/local/lib/python3.12/site-packages/django/contrib/auth/signals.py first seen with mtime 1778606030.0
DEBUG 2026-05-13 20:41:56,401 autoreload 21 125903158266752 File /usr/local/lib/python3.12/site-packages/django/contrib/admin/templatetags/admin_modify.py first seen with mtime 1778606030.0
DEBUG 2026-05-13 20:41:56,401 autoreload 21 125903158266752 File /usr/local/lib/python3.12/site-packages/django/contrib/contenttypes/apps.py first seen with mtime 1778606030.0
DEBUG 2026-05-13 20:41:56,401 autoreload 21 125903158266752 File /usr/local/lib/python3.12/site-packages/asgiref/sync.py first seen with mtime 1778606030.0
DEBUG 2026-05-13 20:41:56,401 autoreload 21 125903158266752 File /usr/local/lib/python3.12/site-packages/django/views/static.py first seen with mtime 1778606031.0
DEBUG 2026-05-13 20:41:56,402 autoreload 21 125903158266752 File /usr/local/lib/python3.12/site-packages/django/views/generic/list.py first seen with mtime 1778606031.0
DEBUG 2026-05-13 20:41:56,402 autoreload 21 125903158266752 File /usr/local/lib/python3.12/site-packages/django/utils/http.py first seen with mtime 1778606031.0
DEBUG 2026-05-13 20:41:56,402 autoreload 21 125903158266752 File /usr/local/lib/python3.12/site-packages/django/http/response.py first seen with mtime 1778606031.0
DEBUG 2026-05-13 20:41:56,402 autoreload 21 125903158266752 File /usr/local/lib/python3.12/site-packages/sqlparse/engine/grouping.py first seen with mtime 1778606029.0
DEBUG 2026-05-13 20:41:56,403 autoreload 21 125903158266752 File /usr/local/lib/python3.12/shutil.py first seen with mtime 1771962454.0
DEBUG 2026-05-13 20:41:56,403 autoreload 21 125903158266752 File /usr/local/lib/python3.12/socket.py first seen with mtime 1771962454.0
DEBUG 2026-05-13 20:41:56,403 autoreload 21 125903158266752 File /usr/local/lib/python3.12/site-packages/django/views/generic/detail.py first seen with mtime 1778606031.0
DEBUG 2026-05-13 20:41:56,404 autoreload 21 125903158266752 File /usr/local/lib/python3.12/collections/abc.py first seen with mtime 1771962454.0
DEBUG 2026-05-13 20:41:56,404 autoreload 21 125903158266752 File /usr/local/lib/python3.12/logging/config.py first seen with mtime 1771962454.0
DEBUG 2026-05-13 20:41:56,404 autoreload 21 125903158266752 File /usr/local/lib/python3.12/site-packages/django/core/mail/message.py first seen with mtime 1778606031.0
DEBUG 2026-05-13 20:41:56,405 autoreload 21 125903158266752 File /usr/local/lib/python3.12/getpass.py first seen with mtime 1771962454.0
DEBUG 2026-05-13 20:41:56,405 autoreload 21 125903158266752 File /usr/local/lib/python3.12/site-packages/django/template/utils.py first seen with mtime 1778606031.0
DEBUG 2026-05-13 20:41:56,405 autoreload 21 125903158266752 File /usr/local/lib/python3.12/site-packages/django/contrib/sites/requests.py first seen with mtime 1778606031.0
DEBUG 2026-05-13 20:41:56,405 autoreload 21 125903158266752 File /usr/local/lib/python3.12/site-packages/django/contrib/auth/apps.py first seen with mtime 1778606030.0
DEBUG 2026-05-13 20:41:56,405 autoreload 21 125903158266752 File /app/core/admin.py first seen with mtime 1778610491.2830765
DEBUG 2026-05-13 20:41:56,405 autoreload 21 125903158266752 File /usr/local/lib/python3.12/site-packages/django/db/models/fields/proxy.py first seen with mtime 1778606031.0
DEBUG 2026-05-13 20:41:56,406 autoreload 21 125903158266752 File /app/core/serializers.py first seen with mtime 1778610576.996735
DEBUG 2026-05-13 20:41:56,406 autoreload 21 125903158266752 File /usr/local/lib/python3.12/site-packages/django/forms/fields.py first seen with mtime 1778606031.0
DEBUG 2026-05-13 20:41:56,406 autoreload 21 125903158266752 File /usr/local/lib/python3.12/site-packages/django/contrib/postgres/fields/array.py first seen with mtime 1778606031.0
DEBUG 2026-05-13 20:41:56,406 autoreload 21 125903158266752 File /usr/local/lib/python3.12/json/__init__.py first seen with mtime 1771962454.0
DEBUG 2026-05-13 20:41:56,406 autoreload 21 125903158266752 File /usr/local/lib/python3.12/re/__init__.py first seen with mtime 1771962454.0
DEBUG 2026-05-13 20:41:56,406 autoreload 21 125903158266752 File /usr/local/lib/python3.12/site-packages/django/utils/safestring.py first seen with mtime 1778606031.0
DEBUG 2026-05-13 20:41:56,406 autoreload 21 125903158266752 File /usr/local/lib/python3.12/asyncio/protocols.py first seen with mtime 1771962454.0
DEBUG 2026-05-13 20:41:56,406 autoreload 21 125903158266752 File /usr/local/lib/python3.12/site-packages/django/contrib/sessions/base_session.py first seen with mtime 1778606031.0
DEBUG 2026-05-13 20:41:56,406 autoreload 21 125903158266752 File /app/notifications/serializers.py first seen with mtime 1778610577.0015597
DEBUG 2026-05-13 20:41:56,407 autoreload 21 125903158266752 File /usr/local/lib/python3.12/socketserver.py first seen with mtime 1771962454.0
DEBUG 2026-05-13 20:41:56,407 autoreload 21 125903158266752 File /usr/local/lib/python3.12/asyncio/base_futures.py first seen with mtime 1771962454.0
DEBUG 2026-05-13 20:41:56,407 autoreload 21 125903158266752 File /usr/local/lib/python3.12/site-packages/django/db/migrations/questioner.py first seen with mtime 1778606031.0
DEBUG 2026-05-13 20:41:56,407 autoreload 21 125903158266752 File /usr/local/lib/python3.12/site-packages/django/db/models/manager.py first seen with mtime 1778606031.0
DEBUG 2026-05-13 20:41:56,407 autoreload 21 125903158266752 File /usr/local/lib/python3.12/glob.py first seen with mtime 1771962454.0
DEBUG 2026-05-13 20:41:56,407 autoreload 21 125903158266752 File /usr/local/lib/python3.12/site-packages/django/contrib/postgres/fields/ranges.py first seen with mtime 1778606031.0
DEBUG 2026-05-13 20:41:56,407 autoreload 21 125903158266752 File /usr/local/lib/python3.12/__future__.py first seen with mtime 1771962454.0
DEBUG 2026-05-13 20:41:56,407 autoreload 21 125903158266752 File /usr/local/lib/python3.12/site-packages/django/contrib/admin/templatetags/admin_list.py first seen with mtime 1778606030.0
DEBUG 2026-05-13 20:41:56,408 autoreload 21 125903158266752 File /usr/local/lib/python3.12/site-packages/rest_framework/schemas/openapi.py first seen with mtime 1778606034.0
DEBUG 2026-05-13 20:41:56,408 autoreload 21 125903158266752 File /usr/local/lib/python3.12/site-packages/django/views/decorators/cache.py first seen with mtime 1778606031.0
DEBUG 2026-05-13 20:41:56,408 autoreload 21 125903158266752 File /usr/local/lib/python3.12/site-packages/django/utils/dateformat.py first seen with mtime 1778606031.0
DEBUG 2026-05-13 20:41:56,408 autoreload 21 125903158266752 File /usr/local/lib/python3.12/site-packages/django/utils/timezone.py first seen with mtime 1778606031.0
DEBUG 2026-05-13 20:41:56,408 autoreload 21 125903158266752 File /usr/local/lib/python3.12/site-packages/django/template/defaulttags.py first seen with mtime 1778606031.0
DEBUG 2026-05-13 20:41:56,408 autoreload 21 125903158266752 File /usr/local/lib/python3.12/site-packages/django/template/autoreload.py first seen with mtime 1778606031.0
DEBUG 2026-05-13 20:41:56,409 autoreload 21 125903158266752 File /usr/local/lib/python3.12/site-packages/django/utils/log.py first seen with mtime 1778606031.0
DEBUG 2026-05-13 20:41:56,409 autoreload 21 125903158266752 File /usr/local/lib/python3.12/site-packages/django/db/utils.py first seen with mtime 1778606031.0
DEBUG 2026-05-13 20:41:56,409 autoreload 21 125903158266752 File /usr/local/lib/python3.12/site-packages/django/views/debug.py first seen with mtime 1778606031.0
DEBUG 2026-05-13 20:41:56,409 autoreload 21 125903158266752 File /usr/local/lib/python3.12/_weakrefset.py first seen with mtime 1771962454.0
DEBUG 2026-05-13 20:41:56,409 autoreload 21 125903158266752 File /usr/local/lib/python3.12/site-packages/django/core/management/commands/migrate.py first seen with mtime 1778606031.0
DEBUG 2026-05-13 20:41:56,410 autoreload 21 125903158266752 File /usr/local/lib/python3.12/site-packages/django/db/models/constants.py first seen with mtime 1778606031.0
DEBUG 2026-05-13 20:41:56,410 autoreload 21 125903158266752 File /usr/local/lib/python3.12/site-packages/rest_framework/settings.py first seen with mtime 1778606034.0
DEBUG 2026-05-13 20:41:56,410 autoreload 21 125903158266752 File /usr/local/lib/python3.12/logging/handlers.py first seen with mtime 1771962454.0
DEBUG 2026-05-13 20:41:56,410 autoreload 21 125903158266752 File /usr/local/lib/python3.12/site-packages/django/db/models/fields/mixins.py first seen with mtime 1778606031.0
DEBUG 2026-05-13 20:41:56,410 autoreload 21 125903158266752 File /usr/local/lib/python3.12/site-packages/django/contrib/admin/checks.py first seen with mtime 1778606030.0
DEBUG 2026-05-13 20:41:56,410 autoreload 21 125903158266752 File /usr/local/lib/python3.12/site-packages/django/contrib/messages/constants.py first seen with mtime 1778606031.0
DEBUG 2026-05-13 20:41:56,410 autoreload 21 125903158266752 File /usr/local/lib/python3.12/site-packages/django/template/smartif.py first seen with mtime 1778606031.0
DEBUG 2026-05-13 20:41:56,411 autoreload 21 125903158266752 File /usr/local/lib/python3.12/site-packages/sqlparse/__init__.py first seen with mtime 1778606029.0
DEBUG 2026-05-13 20:41:56,411 autoreload 21 125903158266752 File /usr/local/lib/python3.12/site-packages/django/db/models/sql/__init__.py first seen with mtime 1778606031.0
DEBUG 2026-05-13 20:41:56,411 autoreload 21 125903158266752 File /usr/local/lib/python3.12/string.py first seen with mtime 1771962454.0
DEBUG 2026-05-13 20:41:56,411 autoreload 21 125903158266752 File /usr/local/lib/python3.12/lib-dynload/_blake2.cpython-312-x86_64-linux-gnu.so first seen with mtime 1771962460.0
DEBUG 2026-05-13 20:41:56,411 autoreload 21 125903158266752 File /usr/local/lib/python3.12/locale.py first seen with mtime 1771962454.0
DEBUG 2026-05-13 20:41:56,411 autoreload 21 125903158266752 File /usr/local/lib/python3.12/site-packages/django/contrib/admin/utils.py first seen with mtime 1778606030.0
DEBUG 2026-05-13 20:41:56,411 autoreload 21 125903158266752 File /usr/local/lib/python3.12/email/parser.py first seen with mtime 1771962454.0
DEBUG 2026-05-13 20:41:56,412 autoreload 21 125903158266752 File /usr/local/lib/python3.12/hashlib.py first seen with mtime 1771962454.0
DEBUG 2026-05-13 20:41:56,412 autoreload 21 125903158266752 File /app/config/urls.py first seen with mtime 1778610576.9957352
DEBUG 2026-05-13 20:41:56,412 autoreload 21 125903158266752 File /usr/local/lib/python3.12/site-packages/psycopg2/extras.py first seen with mtime 1778606029.0
DEBUG 2026-05-13 20:41:56,412 autoreload 21 125903158266752 File /usr/local/lib/python3.12/site-packages/django/template/library.py first seen with mtime 1778606031.0
DEBUG 2026-05-13 20:41:56,412 autoreload 21 125903158266752 File /usr/local/lib/python3.12/email/policy.py first seen with mtime 1771962454.0
DEBUG 2026-05-13 20:41:56,412 autoreload 21 125903158266752 File /usr/local/lib/python3.12/site-packages/django/contrib/admin/sites.py first seen with mtime 1778606030.0
DEBUG 2026-05-13 20:41:56,412 autoreload 21 125903158266752 File /usr/local/lib/python3.12/threading.py first seen with mtime 1771962454.0
DEBUG 2026-05-13 20:41:56,412 autoreload 21 125903158266752 File /usr/local/lib/python3.12/site-packages/django/contrib/auth/hashers.py first seen with mtime 1778606030.0
DEBUG 2026-05-13 20:41:56,412 autoreload 21 125903158266752 File /usr/local/lib/python3.12/site-packages/django/db/models/fields/__init__.py first seen with mtime 1778606031.0
DEBUG 2026-05-13 20:41:56,413 autoreload 21 125903158266752 File /usr/local/lib/python3.12/lib-dynload/zlib.cpython-312-x86_64-linux-gnu.so first seen with mtime 1771962460.0
DEBUG 2026-05-13 20:41:56,413 autoreload 21 125903158266752 File /usr/local/lib/python3.12/site-packages/django/utils/module_loading.py first seen with mtime 1778606031.0
DEBUG 2026-05-13 20:41:56,413 autoreload 21 125903158266752 File /usr/local/lib/python3.12/site-packages/sqlparse/filters/reindent.py first seen with mtime 1778606029.0
DEBUG 2026-05-13 20:41:56,413 autoreload 21 125903158266752 File /usr/local/lib/python3.12/site-packages/django/middleware/common.py first seen with mtime 1778606031.0
DEBUG 2026-05-13 20:41:56,413 autoreload 21 125903158266752 File /usr/local/lib/python3.12/site-packages/rest_framework/urlpatterns.py first seen with mtime 1778606034.0
DEBUG 2026-05-13 20:41:56,413 autoreload 21 125903158266752 File /usr/local/lib/python3.12/email/mime/base.py first seen with mtime 1771962454.0
DEBUG 2026-05-13 20:41:56,413 autoreload 21 125903158266752 File /usr/local/lib/python3.12/calendar.py first seen with mtime 1771962454.0
DEBUG 2026-05-13 20:41:56,413 autoreload 21 125903158266752 File /usr/local/lib/python3.12/secrets.py first seen with mtime 1771962454.0
DEBUG 2026-05-13 20:41:56,414 autoreload 21 125903158266752 File /usr/local/lib/python3.12/site-packages/django/contrib/sites/shortcuts.py first seen with mtime 1778606031.0
DEBUG 2026-05-13 20:41:56,414 autoreload 21 125903158266752 File /usr/local/lib/python3.12/site-packages/django/core/__init__.py first seen with mtime 1778606031.0
DEBUG 2026-05-13 20:41:56,414 autoreload 21 125903158266752 File /usr/local/lib/python3.12/reprlib.py first seen with mtime 1771962454.0
DEBUG 2026-05-13 20:41:56,414 autoreload 21 125903158266752 File /usr/local/lib/python3.12/selectors.py first seen with mtime 1771962454.0
DEBUG 2026-05-13 20:41:56,414 autoreload 21 125903158266752 File /usr/local/lib/python3.12/site-packages/django/templatetags/l10n.py first seen with mtime 1778606031.0
DEBUG 2026-05-13 20:41:56,414 autoreload 21 125903158266752 File /usr/local/lib/python3.12/site-packages/django/views/generic/dates.py first seen with mtime 1778606031.0
DEBUG 2026-05-13 20:41:56,414 autoreload 21 125903158266752 File /usr/local/lib/python3.12/site-packages/django/templatetags/static.py first seen with mtime 1778606031.0
DEBUG 2026-05-13 20:41:56,414 autoreload 21 125903158266752 File /usr/local/lib/python3.12/site-packages/django/db/models/sql/compiler.py first seen with mtime 1778606031.0
DEBUG 2026-05-13 20:41:56,415 autoreload 21 125903158266752 File /usr/local/lib/python3.12/site-packages/django/templatetags/tz.py first seen with mtime 1778606031.0
DEBUG 2026-05-13 20:41:56,415 autoreload 21 125903158266752 File /usr/local/lib/python3.12/site-packages/django/views/decorators/common.py first seen with mtime 1778606031.0
DEBUG 2026-05-13 20:41:56,415 autoreload 21 125903158266752 File /usr/local/lib/python3.12/site-packages/django/core/checks/registry.py first seen with mtime 1778606031.0
DEBUG 2026-05-13 20:41:56,415 autoreload 21 125903158266752 File /usr/local/lib/python3.12/asyncio/threads.py first seen with mtime 1771962454.0
DEBUG 2026-05-13 20:41:56,415 autoreload 21 125903158266752 File /usr/local/lib/python3.12/site-packages/django/core/checks/security/__init__.py first seen with mtime 1778606031.0
DEBUG 2026-05-13 20:41:56,415 autoreload 21 125903158266752 File /usr/local/lib/python3.12/site-packages/django/core/checks/urls.py first seen with mtime 1778606031.0
DEBUG 2026-05-13 20:41:56,415 autoreload 21 125903158266752 File /usr/local/lib/python3.12/site-packages/django/core/files/uploadedfile.py first seen with mtime 1778606031.0
DEBUG 2026-05-13 20:41:56,415 autoreload 21 125903158266752 File /usr/local/lib/python3.12/site-packages/psycopg2/_ipaddress.py first seen with mtime 1778606029.0
DEBUG 2026-05-13 20:41:56,416 autoreload 21 125903158266752 File /usr/local/lib/python3.12/site-packages/django/contrib/admin/actions.py first seen with mtime 1778606030.0
DEBUG 2026-05-13 20:41:56,416 autoreload 21 125903158266752 File /usr/local/lib/python3.12/_markupbase.py first seen with mtime 1771962454.0
DEBUG 2026-05-13 20:41:56,416 autoreload 21 125903158266752 File /usr/local/lib/python3.12/site-packages/sqlparse/engine/statement_splitter.py first seen with mtime 1778606029.0
DEBUG 2026-05-13 20:41:56,416 autoreload 21 125903158266752 File /app/core/models.py first seen with mtime 1778610576.9957352
DEBUG 2026-05-13 20:41:56,416 autoreload 21 125903158266752 File /usr/local/lib/python3.12/email/_parseaddr.py first seen with mtime 1771962454.0
DEBUG 2026-05-13 20:41:56,416 autoreload 21 125903158266752 File /usr/local/lib/python3.12/site-packages/django/template/engine.py first seen with mtime 1778606031.0
DEBUG 2026-05-13 20:41:56,416 autoreload 21 125903158266752 File /usr/local/lib/python3.12/site-packages/sqlparse/exceptions.py first seen with mtime 1778606029.0
DEBUG 2026-05-13 20:41:56,417 autoreload 21 125903158266752 File /usr/local/lib/python3.12/site-packages/rest_framework/utils/representation.py first seen with mtime 1778606034.0
DEBUG 2026-05-13 20:41:56,417 autoreload 21 125903158266752 File /usr/local/lib/python3.12/site-packages/django/core/checks/caches.py first seen with mtime 1778606031.0
DEBUG 2026-05-13 20:41:56,417 autoreload 21 125903158266752 File /usr/local/lib/python3.12/site-packages/django/db/models/fields/related.py first seen with mtime 1778606031.0
DEBUG 2026-05-13 20:41:56,417 autoreload 21 125903158266752 File /usr/local/lib/python3.12/lib-dynload/fcntl.cpython-312-x86_64-linux-gnu.so first seen with mtime 1771962460.0
DEBUG 2026-05-13 20:41:56,417 autoreload 21 125903158266752 File /usr/local/lib/python3.12/site-packages/django/contrib/contenttypes/__init__.py first seen with mtime 1778606030.0
DEBUG 2026-05-13 20:41:56,417 autoreload 21 125903158266752 File /usr/local/lib/python3.12/site-packages/django/contrib/humanize/apps.py first seen with mtime 1778606031.0
DEBUG 2026-05-13 20:41:56,418 autoreload 21 125903158266752 File /usr/local/lib/python3.12/site-packages/django/core/files/temp.py first seen with mtime 1778606031.0
DEBUG 2026-05-13 20:41:56,418 autoreload 21 125903158266752 File /usr/local/lib/python3.12/site-packages/django/dispatch/dispatcher.py first seen with mtime 1778606031.0
DEBUG 2026-05-13 20:41:56,418 autoreload 21 125903158266752 File /usr/local/lib/python3.12/hmac.py first seen with mtime 1771962454.0
DEBUG 2026-05-13 20:41:56,418 autoreload 21 125903158266752 File /usr/local/lib/python3.12/site-packages/django/views/decorators/csp.py first seen with mtime 1778606031.0
DEBUG 2026-05-13 20:41:56,418 autoreload 21 125903158266752 File /usr/local/lib/python3.12/asyncio/taskgroups.py first seen with mtime 1771962454.0
DEBUG 2026-05-13 20:41:56,419 autoreload 21 125903158266752 File /usr/local/lib/python3.12/site-packages/django/db/backends/ddl_references.py first seen with mtime 1778606031.0
DEBUG 2026-05-13 20:41:56,419 autoreload 21 125903158266752 File /usr/local/lib/python3.12/lib-dynload/_struct.cpython-312-x86_64-linux-gnu.so first seen with mtime 1771962460.0
DEBUG 2026-05-13 20:41:56,420 autoreload 21 125903158266752 File /usr/local/lib/python3.12/site-packages/django/core/exceptions.py first seen with mtime 1778606031.0
DEBUG 2026-05-13 20:41:56,420 autoreload 21 125903158266752 File /usr/local/lib/python3.12/site-packages/django/contrib/contenttypes/fields.py first seen with mtime 1778606030.0
DEBUG 2026-05-13 20:41:56,420 autoreload 21 125903158266752 File /usr/local/lib/python3.12/weakref.py first seen with mtime 1771962454.0
DEBUG 2026-05-13 20:41:56,421 autoreload 21 125903158266752 File /usr/local/lib/python3.12/asyncio/mixins.py first seen with mtime 1771962454.0
DEBUG 2026-05-13 20:41:56,421 autoreload 21 125903158266752 File /usr/local/lib/python3.12/site-packages/django/apps/__init__.py first seen with mtime 1778606030.0
DEBUG 2026-05-13 20:41:56,422 autoreload 21 125903158266752 File /usr/local/lib/python3.12/site-packages/django/core/cache/backends/filebased.py first seen with mtime 1778606031.0
DEBUG 2026-05-13 20:41:56,422 autoreload 21 125903158266752 File /usr/local/lib/python3.12/site-packages/django/core/checks/async_checks.py first seen with mtime 1778606031.0
DEBUG 2026-05-13 20:41:56,422 autoreload 21 125903158266752 File /usr/local/lib/python3.12/site-packages/django/core/handlers/exception.py first seen with mtime 1778606031.0
DEBUG 2026-05-13 20:41:56,422 autoreload 21 125903158266752 File /usr/local/lib/python3.12/site-packages/django/utils/decorators.py first seen with mtime 1778606031.0
DEBUG 2026-05-13 20:41:56,422 autoreload 21 125903158266752 File /usr/local/lib/python3.12/site-packages/django/template/loaders/__init__.py first seen with mtime 1778606031.0
DEBUG 2026-05-13 20:41:56,422 autoreload 21 125903158266752 File /usr/local/lib/python3.12/site-packages/django/core/checks/security/csrf.py first seen with mtime 1778606031.0
DEBUG 2026-05-13 20:41:56,422 autoreload 21 125903158266752 File /usr/local/lib/python3.12/site-packages/django/contrib/admindocs/utils.py first seen with mtime 1778606030.0
DEBUG 2026-05-13 20:41:56,423 autoreload 21 125903158266752 File /usr/local/lib/python3.12/site-packages/django/db/backends/base/validation.py first seen with mtime 1778606031.0
DEBUG 2026-05-13 20:41:56,423 autoreload 21 125903158266752 File /usr/local/lib/python3.12/site-packages/corsheaders/__init__.py first seen with mtime 1778606035.0
DEBUG 2026-05-13 20:41:56,423 autoreload 21 125903158266752 File /usr/local/lib/python3.12/site-packages/rest_framework/utils/urls.py first seen with mtime 1778606034.0
DEBUG 2026-05-13 20:41:56,423 autoreload 21 125903158266752 File /usr/local/lib/python3.12/site-packages/django/template/defaultfilters.py first seen with mtime 1778606031.0
DEBUG 2026-05-13 20:41:56,424 autoreload 21 125903158266752 File /usr/local/lib/python3.12/site-packages/django/middleware/clickjacking.py first seen with mtime 1778606031.0
DEBUG 2026-05-13 20:41:56,424 autoreload 21 125903158266752 File /usr/local/lib/python3.12/asyncio/streams.py first seen with mtime 1771962454.0
DEBUG 2026-05-13 20:41:56,424 autoreload 21 125903158266752 File /usr/local/lib/python3.12/site-packages/django/db/migrations/executor.py first seen with mtime 1778606031.0
DEBUG 2026-05-13 20:41:56,424 autoreload 21 125903158266752 File /usr/local/lib/python3.12/site-packages/django/contrib/contenttypes/management/__init__.py first seen with mtime 1778606030.0
DEBUG 2026-05-13 20:41:56,424 autoreload 21 125903158266752 File /usr/local/lib/python3.12/tokenize.py first seen with mtime 1771962454.0
DEBUG 2026-05-13 20:41:56,425 autoreload 21 125903158266752 File /usr/local/lib/python3.12/site-packages/rest_framework/utils/encoders.py first seen with mtime 1778606034.0
DEBUG 2026-05-13 20:41:56,425 autoreload 21 125903158266752 File /usr/local/lib/python3.12/site-packages/rest_framework/utils/html.py first seen with mtime 1778606034.0
DEBUG 2026-05-13 20:41:56,425 autoreload 21 125903158266752 File /usr/local/lib/python3.12/site-packages/django/db/models/sql/datastructures.py first seen with mtime 1778606031.0
DEBUG 2026-05-13 20:41:56,425 autoreload 21 125903158266752 File /usr/local/lib/python3.12/site-packages/django/http/cookie.py first seen with mtime 1778606031.0
DEBUG 2026-05-13 20:41:56,425 autoreload 21 125903158266752 File /usr/local/lib/python3.12/tempfile.py first seen with mtime 1771962454.0
DEBUG 2026-05-13 20:41:56,426 autoreload 21 125903158266752 File /usr/local/lib/python3.12/concurrent/futures/thread.py first seen with mtime 1771962454.0
DEBUG 2026-05-13 20:41:56,426 autoreload 21 125903158266752 File /usr/local/lib/python3.12/site-packages/rest_framework/serializers.py first seen with mtime 1778606034.0
DEBUG 2026-05-13 20:41:56,426 autoreload 21 125903158266752 File /usr/local/lib/python3.12/site-packages/django/contrib/admin/views/decorators.py first seen with mtime 1778606030.0
DEBUG 2026-05-13 20:41:56,426 autoreload 21 125903158266752 File /usr/local/lib/python3.12/site-packages/django/core/management/color.py first seen with mtime 1778606031.0
DEBUG 2026-05-13 20:41:56,426 autoreload 21 125903158266752 File /usr/local/lib/python3.12/site-packages/django/core/validators.py first seen with mtime 1778606031.0
DEBUG 2026-05-13 20:41:56,426 autoreload 21 125903158266752 File /usr/local/lib/python3.12/site-packages/django/db/models/fields/generated.py first seen with mtime 1778606031.0
DEBUG 2026-05-13 20:41:56,427 autoreload 21 125903158266752 File /app/users/views.py first seen with mtime 1778610491.2890766
DEBUG 2026-05-13 20:41:56,427 autoreload 21 125903158266752 File /usr/local/lib/python3.12/graphlib.py first seen with mtime 1771962454.0
DEBUG 2026-05-13 20:41:56,427 autoreload 21 125903158266752 File /usr/local/lib/python3.12/site-packages/django/contrib/sessions/backends/__init__.py first seen with mtime 1778606031.0
DEBUG 2026-05-13 20:41:56,427 autoreload 21 125903158266752 File /usr/local/lib/python3.12/site-packages/django/contrib/humanize/__init__.py first seen with mtime 1778606031.0
DEBUG 2026-05-13 20:41:56,427 autoreload 21 125903158266752 File /usr/local/lib/python3.12/site-packages/django/db/migrations/optimizer.py first seen with mtime 1778606031.0
DEBUG 2026-05-13 20:41:56,427 autoreload 21 125903158266752 File /usr/local/lib/python3.12/queue.py first seen with mtime 1771962454.0
DEBUG 2026-05-13 20:41:56,428 autoreload 21 125903158266752 File /usr/local/lib/python3.12/site-packages/psycopg2/extensions.py first seen with mtime 1778606029.0
DEBUG 2026-05-13 20:41:56,428 autoreload 21 125903158266752 File /usr/local/lib/python3.12/site-packages/django/db/models/lookups.py first seen with mtime 1778606031.0
DEBUG 2026-05-13 20:41:56,428 autoreload 21 125903158266752 File /usr/local/lib/python3.12/site-packages/django/core/management/utils.py first seen with mtime 1778606031.0
DEBUG 2026-05-13 20:41:56,428 autoreload 21 125903158266752 File /usr/local/lib/python3.12/site-packages/django/core/files/storage/mixins.py first seen with mtime 1778606031.0
DEBUG 2026-05-13 20:41:56,428 autoreload 21 125903158266752 File /usr/local/lib/python3.12/site-packages/django/db/backends/utils.py first seen with mtime 1778606031.0
DEBUG 2026-05-13 20:41:56,428 autoreload 21 125903158266752 File /app/core/__init__.py first seen with mtime 1778514703.9415412
DEBUG 2026-05-13 20:41:56,429 autoreload 21 125903158266752 File /usr/local/lib/python3.12/site-packages/django/core/management/commands/__init__.py first seen with mtime 1778606031.0
DEBUG 2026-05-13 20:41:56,429 autoreload 21 125903158266752 File /usr/local/lib/python3.12/zoneinfo/_common.py first seen with mtime 1771962455.0
DEBUG 2026-05-13 20:41:56,429 autoreload 21 125903158266752 File /usr/local/lib/python3.12/email/generator.py first seen with mtime 1771962454.0
DEBUG 2026-05-13 20:41:56,429 autoreload 21 125903158266752 File /usr/local/lib/python3.12/site-packages/django/db/migrations/__init__.py first seen with mtime 1778606031.0
DEBUG 2026-05-13 20:41:56,429 autoreload 21 125903158266752 File /usr/local/lib/python3.12/dataclasses.py first seen with mtime 1771962454.0
DEBUG 2026-05-13 20:41:56,429 autoreload 21 125903158266752 File /usr/local/lib/python3.12/pathlib.py first seen with mtime 1771962454.0
DEBUG 2026-05-13 20:41:56,429 autoreload 21 125903158266752 File /usr/local/lib/python3.12/site-packages/rest_framework/authentication.py first seen with mtime 1778606034.0
DEBUG 2026-05-13 20:41:56,430 autoreload 21 125903158266752 File /usr/local/lib/python3.12/lib-dynload/_json.cpython-312-x86_64-linux-gnu.so first seen with mtime 1771962460.0
DEBUG 2026-05-13 20:41:56,430 autoreload 21 125903158266752 File /usr/local/lib/python3.12/site-packages/django/contrib/postgres/fields/hstore.py first seen with mtime 1778606031.0
DEBUG 2026-05-13 20:41:56,430 autoreload 21 125903158266752 File /usr/local/lib/python3.12/site-packages/django/db/models/functions/comparison.py first seen with mtime 1778606031.0
DEBUG 2026-05-13 20:41:56,430 autoreload 21 125903158266752 File /usr/local/lib/python3.12/site-packages/sqlparse/filters/output.py first seen with mtime 1778606029.0
DEBUG 2026-05-13 20:41:56,430 autoreload 21 125903158266752 File /usr/local/lib/python3.12/site-packages/corsheaders/conf.py first seen with mtime 1778606035.0
DEBUG 2026-05-13 20:41:56,430 autoreload 21 125903158266752 File /usr/local/lib/python3.12/lib-dynload/_socket.cpython-312-x86_64-linux-gnu.so first seen with mtime 1771962460.0
DEBUG 2026-05-13 20:41:56,430 autoreload 21 125903158266752 File /usr/local/lib/python3.12/site-packages/django/core/files/uploadhandler.py first seen with mtime 1778606031.0
DEBUG 2026-05-13 20:41:56,431 autoreload 21 125903158266752 File /usr/local/lib/python3.12/site-packages/sqlparse/engine/filter_stack.py first seen with mtime 1778606029.0
DEBUG 2026-05-13 20:41:56,431 autoreload 21 125903158266752 File /usr/local/lib/python3.12/site-packages/django/db/models/deletion.py first seen with mtime 1778606031.0
DEBUG 2026-05-13 20:41:56,431 autoreload 21 125903158266752 File /usr/local/lib/python3.12/site-packages/django/utils/translation/reloader.py first seen with mtime 1778606031.0
DEBUG 2026-05-13 20:41:56,431 autoreload 21 125903158266752 File /usr/local/lib/python3.12/site-packages/psycopg2/_range.py first seen with mtime 1778606029.0
DEBUG 2026-05-13 20:41:56,452 autoreload 21 125903158266752 File /usr/local/lib/python3.12/site-packages/rest_framework/templates/rest_framework first seen with mtime 1778606034.0
DEBUG 2026-05-13 20:41:56,454 autoreload 21 125903158266752 File /usr/local/lib/python3.12/site-packages/rest_framework/templates/rest_framework/pagination first seen with mtime 1778606034.0
DEBUG 2026-05-13 20:41:56,455 autoreload 21 125903158266752 File /usr/local/lib/python3.12/site-packages/rest_framework/templates/rest_framework/inline first seen with mtime 1778606034.0
DEBUG 2026-05-13 20:41:56,455 autoreload 21 125903158266752 File /usr/local/lib/python3.12/site-packages/rest_framework/templates/rest_framework/base.html first seen with mtime 1778606034.0
DEBUG 2026-05-13 20:41:56,456 autoreload 21 125903158266752 File /usr/local/lib/python3.12/site-packages/rest_framework/templates/rest_framework/raw_data_form.html first seen with mtime 1778606034.0
DEBUG 2026-05-13 20:41:56,456 autoreload 21 125903158266752 File /usr/local/lib/python3.12/site-packages/rest_framework/templates/rest_framework/filters first seen with mtime 1778606034.0
DEBUG 2026-05-13 20:41:56,457 autoreload 21 125903158266752 File /usr/local/lib/python3.12/site-packages/rest_framework/templates/rest_framework/admin.html first seen with mtime 1778606034.0
DEBUG 2026-05-13 20:41:56,457 autoreload 21 125903158266752 File /usr/local/lib/python3.12/site-packages/rest_framework/templates/rest_framework/login_base.html first seen with mtime 1778606034.0
DEBUG 2026-05-13 20:41:56,458 autoreload 21 125903158266752 File /usr/local/lib/python3.12/site-packages/rest_framework/templates/rest_framework/horizontal first seen with mtime 1778606034.0
DEBUG 2026-05-13 20:41:56,458 autoreload 21 125903158266752 File /usr/local/lib/python3.12/site-packages/rest_framework/templates/rest_framework/admin first seen with mtime 1778606034.0
DEBUG 2026-05-13 20:41:56,458 autoreload 21 125903158266752 File /usr/local/lib/python3.12/site-packages/rest_framework/templates/rest_framework/login.html first seen with mtime 1778606034.0
DEBUG 2026-05-13 20:41:56,458 autoreload 21 125903158266752 File /usr/local/lib/python3.12/site-packages/rest_framework/templates/rest_framework/vertical first seen with mtime 1778606034.0
DEBUG 2026-05-13 20:41:56,458 autoreload 21 125903158266752 File /usr/local/lib/python3.12/site-packages/rest_framework/templates/rest_framework/api.html first seen with mtime 1778606034.0
DEBUG 2026-05-13 20:41:56,459 autoreload 21 125903158266752 File /usr/local/lib/python3.12/site-packages/rest_framework/templates/rest_framework/pagination/numbers.html first seen with mtime 1778606034.0
DEBUG 2026-05-13 20:41:56,459 autoreload 21 125903158266752 File /usr/local/lib/python3.12/site-packages/rest_framework/templates/rest_framework/pagination/previous_and_next.html first seen with mtime 1778606034.0
DEBUG 2026-05-13 20:41:56,459 autoreload 21 125903158266752 File /usr/local/lib/python3.12/site-packages/rest_framework/templates/rest_framework/inline/radio.html first seen with mtime 1778606034.0
DEBUG 2026-05-13 20:41:56,459 autoreload 21 125903158266752 File /usr/local/lib/python3.12/site-packages/rest_framework/templates/rest_framework/inline/select.html first seen with mtime 1778606034.0
DEBUG 2026-05-13 20:41:56,460 autoreload 21 125903158266752 File /usr/local/lib/python3.12/site-packages/rest_framework/templates/rest_framework/inline/list_fieldset.html first seen with mtime 1778606034.0
DEBUG 2026-05-13 20:41:56,460 autoreload 21 125903158266752 File /usr/local/lib/python3.12/site-packages/rest_framework/templates/rest_framework/inline/checkbox.html first seen with mtime 1778606034.0
DEBUG 2026-05-13 20:41:56,460 autoreload 21 125903158266752 File /usr/local/lib/python3.12/site-packages/rest_framework/templates/rest_framework/inline/form.html first seen with mtime 1778606034.0
DEBUG 2026-05-13 20:41:56,460 autoreload 21 125903158266752 File /usr/local/lib/python3.12/site-packages/rest_framework/templates/rest_framework/inline/list_field.html first seen with mtime 1778606034.0
DEBUG 2026-05-13 20:41:56,460 autoreload 21 125903158266752 File /usr/local/lib/python3.12/site-packages/rest_framework/templates/rest_framework/inline/checkbox_multiple.html first seen with mtime 1778606034.0
DEBUG 2026-05-13 20:41:56,461 autoreload 21 125903158266752 File /usr/local/lib/python3.12/site-packages/rest_framework/templates/rest_framework/inline/select_multiple.html first seen with mtime 1778606034.0
DEBUG 2026-05-13 20:41:56,461 autoreload 21 125903158266752 File /usr/local/lib/python3.12/site-packages/rest_framework/templates/rest_framework/inline/fieldset.html first seen with mtime 1778606034.0
DEBUG 2026-05-13 20:41:56,461 autoreload 21 125903158266752 File /usr/local/lib/python3.12/site-packages/rest_framework/templates/rest_framework/inline/textarea.html first seen with mtime 1778606034.0
DEBUG 2026-05-13 20:41:56,461 autoreload 21 125903158266752 File /usr/local/lib/python3.12/site-packages/rest_framework/templates/rest_framework/inline/input.html first seen with mtime 1778606034.0
DEBUG 2026-05-13 20:41:56,461 autoreload 21 125903158266752 File /usr/local/lib/python3.12/site-packages/rest_framework/templates/rest_framework/inline/dict_field.html first seen with mtime 1778606034.0
DEBUG 2026-05-13 20:41:56,462 autoreload 21 125903158266752 File /usr/local/lib/python3.12/site-packages/rest_framework/templates/rest_framework/filters/base.html first seen with mtime 1778606034.0
DEBUG 2026-05-13 20:41:56,462 autoreload 21 125903158266752 File /usr/local/lib/python3.12/site-packages/rest_framework/templates/rest_framework/filters/search.html first seen with mtime 1778606034.0
DEBUG 2026-05-13 20:41:56,462 autoreload 21 125903158266752 File /usr/local/lib/python3.12/site-packages/rest_framework/templates/rest_framework/filters/ordering.html first seen with mtime 1778606034.0
DEBUG 2026-05-13 20:41:56,462 autoreload 21 125903158266752 File /usr/local/lib/python3.12/site-packages/rest_framework/templates/rest_framework/horizontal/radio.html first seen with mtime 1778606034.0
DEBUG 2026-05-13 20:41:56,462 autoreload 21 125903158266752 File /usr/local/lib/python3.12/site-packages/rest_framework/templates/rest_framework/horizontal/select.html first seen with mtime 1778606034.0
DEBUG 2026-05-13 20:41:56,463 autoreload 21 125903158266752 File /usr/local/lib/python3.12/site-packages/rest_framework/templates/rest_framework/horizontal/list_fieldset.html first seen with mtime 1778606034.0
DEBUG 2026-05-13 20:41:56,463 autoreload 21 125903158266752 File /usr/local/lib/python3.12/site-packages/rest_framework/templates/rest_framework/horizontal/checkbox.html first seen with mtime 1778606034.0
DEBUG 2026-05-13 20:41:56,463 autoreload 21 125903158266752 File /usr/local/lib/python3.12/site-packages/rest_framework/templates/rest_framework/horizontal/form.html first seen with mtime 1778606034.0
DEBUG 2026-05-13 20:41:56,463 autoreload 21 125903158266752 File /usr/local/lib/python3.12/site-packages/rest_framework/templates/rest_framework/horizontal/list_field.html first seen with mtime 1778606034.0
DEBUG 2026-05-13 20:41:56,463 autoreload 21 125903158266752 File /usr/local/lib/python3.12/site-packages/rest_framework/templates/rest_framework/horizontal/checkbox_multiple.html first seen with mtime 1778606034.0
DEBUG 2026-05-13 20:41:56,463 autoreload 21 125903158266752 File /usr/local/lib/python3.12/site-packages/rest_framework/templates/rest_framework/horizontal/select_multiple.html first seen with mtime 1778606034.0
DEBUG 2026-05-13 20:41:56,463 autoreload 21 125903158266752 File /usr/local/lib/python3.12/site-packages/rest_framework/templates/rest_framework/horizontal/fieldset.html first seen with mtime 1778606034.0
DEBUG 2026-05-13 20:41:56,464 autoreload 21 125903158266752 File /usr/local/lib/python3.12/site-packages/rest_framework/templates/rest_framework/horizontal/textarea.html first seen with mtime 1778606034.0
DEBUG 2026-05-13 20:41:56,464 autoreload 21 125903158266752 File /usr/local/lib/python3.12/site-packages/rest_framework/templates/rest_framework/horizontal/input.html first seen with mtime 1778606034.0
DEBUG 2026-05-13 20:41:56,464 autoreload 21 125903158266752 File /usr/local/lib/python3.12/site-packages/rest_framework/templates/rest_framework/horizontal/dict_field.html first seen with mtime 1778606034.0
DEBUG 2026-05-13 20:41:56,464 autoreload 21 125903158266752 File /usr/local/lib/python3.12/site-packages/rest_framework/templates/rest_framework/admin/dict_value.html first seen with mtime 1778606034.0
DEBUG 2026-05-13 20:41:56,464 autoreload 21 125903158266752 File /usr/local/lib/python3.12/site-packages/rest_framework/templates/rest_framework/admin/list_value.html first seen with mtime 1778606034.0
DEBUG 2026-05-13 20:41:56,465 autoreload 21 125903158266752 File /usr/local/lib/python3.12/site-packages/rest_framework/templates/rest_framework/admin/simple_list_value.html first seen with mtime 1778606034.0
DEBUG 2026-05-13 20:41:56,465 autoreload 21 125903158266752 File /usr/local/lib/python3.12/site-packages/rest_framework/templates/rest_framework/admin/list.html first seen with mtime 1778606034.0
DEBUG 2026-05-13 20:41:56,465 autoreload 21 125903158266752 File /usr/local/lib/python3.12/site-packages/rest_framework/templates/rest_framework/admin/detail.html first seen with mtime 1778606034.0
DEBUG 2026-05-13 20:41:56,465 autoreload 21 125903158266752 File /usr/local/lib/python3.12/site-packages/rest_framework/templates/rest_framework/vertical/radio.html first seen with mtime 1778606034.0
DEBUG 2026-05-13 20:41:56,465 autoreload 21 125903158266752 File /usr/local/lib/python3.12/site-packages/rest_framework/templates/rest_framework/vertical/select.html first seen with mtime 1778606034.0
DEBUG 2026-05-13 20:41:56,465 autoreload 21 125903158266752 File /usr/local/lib/python3.12/site-packages/rest_framework/templates/rest_framework/vertical/list_fieldset.html first seen with mtime 1778606034.0
DEBUG 2026-05-13 20:41:56,466 autoreload 21 125903158266752 File /usr/local/lib/python3.12/site-packages/rest_framework/templates/rest_framework/vertical/checkbox.html first seen with mtime 1778606034.0
DEBUG 2026-05-13 20:41:56,466 autoreload 21 125903158266752 File /usr/local/lib/python3.12/site-packages/rest_framework/templates/rest_framework/vertical/form.html first seen with mtime 1778606034.0
DEBUG 2026-05-13 20:41:56,466 autoreload 21 125903158266752 File /usr/local/lib/python3.12/site-packages/rest_framework/templates/rest_framework/vertical/list_field.html first seen with mtime 1778606034.0
DEBUG 2026-05-13 20:41:56,466 autoreload 21 125903158266752 File /usr/local/lib/python3.12/site-packages/rest_framework/templates/rest_framework/vertical/checkbox_multiple.html first seen with mtime 1778606034.0
DEBUG 2026-05-13 20:41:56,466 autoreload 21 125903158266752 File /usr/local/lib/python3.12/site-packages/rest_framework/templates/rest_framework/vertical/select_multiple.html first seen with mtime 1778606034.0
DEBUG 2026-05-13 20:41:56,466 autoreload 21 125903158266752 File /usr/local/lib/python3.12/site-packages/rest_framework/templates/rest_framework/vertical/fieldset.html first seen with mtime 1778606034.0
DEBUG 2026-05-13 20:41:56,466 autoreload 21 125903158266752 File /usr/local/lib/python3.12/site-packages/rest_framework/templates/rest_framework/vertical/textarea.html first seen with mtime 1778606034.0
DEBUG 2026-05-13 20:41:56,467 autoreload 21 125903158266752 File /usr/local/lib/python3.12/site-packages/rest_framework/templates/rest_framework/vertical/input.html first seen with mtime 1778606034.0
DEBUG 2026-05-13 20:41:56,467 autoreload 21 125903158266752 File /usr/local/lib/python3.12/site-packages/rest_framework/templates/rest_framework/vertical/dict_field.html first seen with mtime 1778606034.0
DEBUG 2026-05-13 20:41:56,495 autoreload 21 125903158266752 File /usr/local/lib/python3.12/site-packages/rest_framework/locale/nb/LC_MESSAGES/django.mo first seen with mtime 1778606034.0
DEBUG 2026-05-13 20:41:56,495 autoreload 21 125903158266752 File /usr/local/lib/python3.12/site-packages/rest_framework/locale/kk/LC_MESSAGES/django.mo first seen with mtime 1778606034.0
DEBUG 2026-05-13 20:41:56,496 autoreload 21 125903158266752 File /usr/local/lib/python3.12/site-packages/rest_framework/locale/pt_PT/LC_MESSAGES/django.mo first seen with mtime 1778606034.0
DEBUG 2026-05-13 20:41:56,496 autoreload 21 125903158266752 File /usr/local/lib/python3.12/site-packages/rest_framework/locale/cs/LC_MESSAGES/django.mo first seen with mtime 1778606034.0
DEBUG 2026-05-13 20:41:56,497 autoreload 21 125903158266752 File /usr/local/lib/python3.12/site-packages/rest_framework/locale/ru_RU/LC_MESSAGES/django.mo first seen with mtime 1778606034.0
DEBUG 2026-05-13 20:41:56,497 autoreload 21 125903158266752 File /usr/local/lib/python3.12/site-packages/rest_framework/locale/pl/LC_MESSAGES/django.mo first seen with mtime 1778606034.0
DEBUG 2026-05-13 20:41:56,498 autoreload 21 125903158266752 File /usr/local/lib/python3.12/site-packages/rest_framework/locale/lt/LC_MESSAGES/django.mo first seen with mtime 1778606034.0
DEBUG 2026-05-13 20:41:56,498 autoreload 21 125903158266752 File /usr/local/lib/python3.12/site-packages/rest_framework/locale/ko_KR/LC_MESSAGES/django.mo first seen with mtime 1778606034.0
DEBUG 2026-05-13 20:41:56,499 autoreload 21 125903158266752 File /usr/local/lib/python3.12/site-packages/rest_framework/locale/sl/LC_MESSAGES/django.mo first seen with mtime 1778606034.0
DEBUG 2026-05-13 20:41:56,499 autoreload 21 125903158266752 File /usr/local/lib/python3.12/site-packages/rest_framework/locale/et/LC_MESSAGES/django.mo first seen with mtime 1778606034.0
DEBUG 2026-05-13 20:41:56,500 autoreload 21 125903158266752 File /usr/local/lib/python3.12/site-packages/rest_framework/locale/id/LC_MESSAGES/django.mo first seen with mtime 1778606034.0
DEBUG 2026-05-13 20:41:56,500 autoreload 21 125903158266752 File /usr/local/lib/python3.12/site-packages/rest_framework/locale/vi/LC_MESSAGES/django.mo first seen with mtime 1778606034.0
DEBUG 2026-05-13 20:41:56,500 autoreload 21 125903158266752 File /usr/local/lib/python3.12/site-packages/rest_framework/locale/el/LC_MESSAGES/django.mo first seen with mtime 1778606034.0
DEBUG 2026-05-13 20:41:56,501 autoreload 21 125903158266752 File /usr/local/lib/python3.12/site-packages/rest_framework/locale/es/LC_MESSAGES/django.mo first seen with mtime 1778606034.0
DEBUG 2026-05-13 20:41:56,501 autoreload 21 125903158266752 File /usr/local/lib/python3.12/site-packages/rest_framework/locale/zh_Hans/LC_MESSAGES/django.mo first seen with mtime 1778606034.0
DEBUG 2026-05-13 20:41:56,502 autoreload 21 125903158266752 File /usr/local/lib/python3.12/site-packages/rest_framework/locale/ro/LC_MESSAGES/django.mo first seen with mtime 1778606034.0
DEBUG 2026-05-13 20:41:56,504 autoreload 21 125903158266752 File /usr/local/lib/python3.12/site-packages/rest_framework/locale/sk/LC_MESSAGES/django.mo first seen with mtime 1778606034.0
DEBUG 2026-05-13 20:41:56,506 autoreload 21 125903158266752 File /usr/local/lib/python3.12/site-packages/rest_framework/locale/fa_IR/LC_MESSAGES/django.mo first seen with mtime 1778606034.0
DEBUG 2026-05-13 20:41:56,508 autoreload 21 125903158266752 File /usr/local/lib/python3.12/site-packages/rest_framework/locale/tr/LC_MESSAGES/django.mo first seen with mtime 1778606034.0
DEBUG 2026-05-13 20:41:56,510 autoreload 21 125903158266752 File /usr/local/lib/python3.12/site-packages/rest_framework/locale/sv/LC_MESSAGES/django.mo first seen with mtime 1778606034.0
DEBUG 2026-05-13 20:41:56,510 autoreload 21 125903158266752 File /usr/local/lib/python3.12/site-packages/rest_framework/locale/hu/LC_MESSAGES/django.mo first seen with mtime 1778606034.0
DEBUG 2026-05-13 20:41:56,511 autoreload 21 125903158266752 File /usr/local/lib/python3.12/site-packages/rest_framework/locale/en/LC_MESSAGES/django.mo first seen with mtime 1778606034.0
DEBUG 2026-05-13 20:41:56,513 autoreload 21 125903158266752 File /usr/local/lib/python3.12/site-packages/rest_framework/locale/tr_TR/LC_MESSAGES/django.mo first seen with mtime 1778606034.0
DEBUG 2026-05-13 20:41:56,513 autoreload 21 125903158266752 File /usr/local/lib/python3.12/site-packages/rest_framework/locale/fr_CA/LC_MESSAGES/django.mo first seen with mtime 1778606034.0
DEBUG 2026-05-13 20:41:56,514 autoreload 21 125903158266752 File /usr/local/lib/python3.12/site-packages/rest_framework/locale/fr/LC_MESSAGES/django.mo first seen with mtime 1778606034.0
DEBUG 2026-05-13 20:41:56,515 autoreload 21 125903158266752 File /usr/local/lib/python3.12/site-packages/rest_framework/locale/lv/LC_MESSAGES/django.mo first seen with mtime 1778606034.0
DEBUG 2026-05-13 20:41:56,515 autoreload 21 125903158266752 File /usr/local/lib/python3.12/site-packages/rest_framework/locale/zh_CN/LC_MESSAGES/django.mo first seen with mtime 1778606034.0
DEBUG 2026-05-13 20:41:56,516 autoreload 21 125903158266752 File /usr/local/lib/python3.12/site-packages/rest_framework/locale/uk/LC_MESSAGES/django.mo first seen with mtime 1778606034.0
DEBUG 2026-05-13 20:41:56,516 autoreload 21 125903158266752 File /usr/local/lib/python3.12/site-packages/rest_framework/locale/az/LC_MESSAGES/django.mo first seen with mtime 1778606034.0
DEBUG 2026-05-13 20:41:56,516 autoreload 21 125903158266752 File /usr/local/lib/python3.12/site-packages/rest_framework/locale/hy/LC_MESSAGES/django.mo first seen with mtime 1778606034.0
DEBUG 2026-05-13 20:41:56,517 autoreload 21 125903158266752 File /usr/local/lib/python3.12/site-packages/rest_framework/locale/ne_NP/LC_MESSAGES/django.mo first seen with mtime 1778606034.0
DEBUG 2026-05-13 20:41:56,517 autoreload 21 125903158266752 File /usr/local/lib/python3.12/site-packages/rest_framework/locale/zh_Hant/LC_MESSAGES/django.mo first seen with mtime 1778606034.0
DEBUG 2026-05-13 20:41:56,518 autoreload 21 125903158266752 File /usr/local/lib/python3.12/site-packages/rest_framework/locale/el_GR/LC_MESSAGES/django.mo first seen with mtime 1778606034.0
DEBUG 2026-05-13 20:41:56,518 autoreload 21 125903158266752 File /usr/local/lib/python3.12/site-packages/rest_framework/locale/mk/LC_MESSAGES/django.mo first seen with mtime 1778606034.0
DEBUG 2026-05-13 20:41:56,521 autoreload 21 125903158266752 File /usr/local/lib/python3.12/site-packages/rest_framework/locale/da/LC_MESSAGES/django.mo first seen with mtime 1778606034.0
DEBUG 2026-05-13 20:41:56,522 autoreload 21 125903158266752 File /usr/local/lib/python3.12/site-packages/rest_framework/locale/zh_TW/LC_MESSAGES/django.mo first seen with mtime 1778606034.0
DEBUG 2026-05-13 20:41:56,523 autoreload 21 125903158266752 File /usr/local/lib/python3.12/site-packages/rest_framework/locale/pt_BR/LC_MESSAGES/django.mo first seen with mtime 1778606034.0
DEBUG 2026-05-13 20:41:56,524 autoreload 21 125903158266752 File /usr/local/lib/python3.12/site-packages/rest_framework/locale/ca/LC_MESSAGES/django.mo first seen with mtime 1778606034.0
DEBUG 2026-05-13 20:41:56,525 autoreload 21 125903158266752 File /usr/local/lib/python3.12/site-packages/rest_framework/locale/ach/LC_MESSAGES/django.mo first seen with mtime 1778606034.0
DEBUG 2026-05-13 20:41:56,525 autoreload 21 125903158266752 File /usr/local/lib/python3.12/site-packages/rest_framework/locale/fi/LC_MESSAGES/django.mo first seen with mtime 1778606034.0
DEBUG 2026-05-13 20:41:56,526 autoreload 21 125903158266752 File /usr/local/lib/python3.12/site-packages/rest_framework/locale/gl/LC_MESSAGES/django.mo first seen with mtime 1778606034.0
DEBUG 2026-05-13 20:41:56,526 autoreload 21 125903158266752 File /usr/local/lib/python3.12/site-packages/rest_framework/locale/gl_ES/LC_MESSAGES/django.mo first seen with mtime 1778606034.0
DEBUG 2026-05-13 20:41:56,527 autoreload 21 125903158266752 File /usr/local/lib/python3.12/site-packages/rest_framework/locale/he_IL/LC_MESSAGES/django.mo first seen with mtime 1778606034.0
DEBUG 2026-05-13 20:41:56,527 autoreload 21 125903158266752 File /usr/local/lib/python3.12/site-packages/rest_framework/locale/ca_ES/LC_MESSAGES/django.mo first seen with mtime 1778606034.0
DEBUG 2026-05-13 20:41:56,528 autoreload 21 125903158266752 File /usr/local/lib/python3.12/site-packages/rest_framework/locale/en_AU/LC_MESSAGES/django.mo first seen with mtime 1778606034.0
DEBUG 2026-05-13 20:41:56,528 autoreload 21 125903158266752 File /usr/local/lib/python3.12/site-packages/rest_framework/locale/ja/LC_MESSAGES/django.mo first seen with mtime 1778606034.0
DEBUG 2026-05-13 20:41:56,529 autoreload 21 125903158266752 File /usr/local/lib/python3.12/site-packages/rest_framework/locale/nl/LC_MESSAGES/django.mo first seen with mtime 1778606034.0
DEBUG 2026-05-13 20:41:56,529 autoreload 21 125903158266752 File /usr/local/lib/python3.12/site-packages/rest_framework/locale/th/LC_MESSAGES/django.mo first seen with mtime 1778606034.0
DEBUG 2026-05-13 20:41:56,529 autoreload 21 125903158266752 File /usr/local/lib/python3.12/site-packages/rest_framework/locale/bg/LC_MESSAGES/django.mo first seen with mtime 1778606034.0
DEBUG 2026-05-13 20:41:56,530 autoreload 21 125903158266752 File /usr/local/lib/python3.12/site-packages/rest_framework/locale/de/LC_MESSAGES/django.mo first seen with mtime 1778606034.0
DEBUG 2026-05-13 20:41:56,530 autoreload 21 125903158266752 File /usr/local/lib/python3.12/site-packages/rest_framework/locale/be/LC_MESSAGES/django.mo first seen with mtime 1778606034.0
DEBUG 2026-05-13 20:41:56,531 autoreload 21 125903158266752 File /usr/local/lib/python3.12/site-packages/rest_framework/locale/fa/LC_MESSAGES/django.mo first seen with mtime 1778606034.0
DEBUG 2026-05-13 20:41:56,531 autoreload 21 125903158266752 File /usr/local/lib/python3.12/site-packages/rest_framework/locale/en_US/LC_MESSAGES/django.mo first seen with mtime 1778606034.0
DEBUG 2026-05-13 20:41:56,532 autoreload 21 125903158266752 File /usr/local/lib/python3.12/site-packages/rest_framework/locale/ar/LC_MESSAGES/django.mo first seen with mtime 1778606034.0
DEBUG 2026-05-13 20:41:56,532 autoreload 21 125903158266752 File /usr/local/lib/python3.12/site-packages/rest_framework/locale/it/LC_MESSAGES/django.mo first seen with mtime 1778606034.0
DEBUG 2026-05-13 20:41:56,533 autoreload 21 125903158266752 File /usr/local/lib/python3.12/site-packages/rest_framework/locale/pt/LC_MESSAGES/django.mo first seen with mtime 1778606034.0
DEBUG 2026-05-13 20:41:56,534 autoreload 21 125903158266752 File /usr/local/lib/python3.12/site-packages/rest_framework/locale/en_CA/LC_MESSAGES/django.mo first seen with mtime 1778606034.0
DEBUG 2026-05-13 20:41:56,534 autoreload 21 125903158266752 File /usr/local/lib/python3.12/site-packages/rest_framework/locale/ru/LC_MESSAGES/django.mo first seen with mtime 1778606034.0
DEBUG 2026-05-13 20:41:56,534 autoreload 21 125903158266752 File /usr/local/lib/python3.12/site-packages/rest_framework/locale/nn/LC_MESSAGES/django.mo first seen with mtime 1778606034.0
DEBUG 2026-05-13 20:41:56,535 autoreload 21 125903158266752 File /usr/local/lib/python3.12/site-packages/rest_framework/locale/no/LC_MESSAGES/django.mo first seen with mtime 1778606034.0
DEBUG 2026-05-13 20:41:57,624 autoreload 21 125903158266752 File /usr/local/lib/python3.12/site-packages/django/contrib/admin/migrations/__init__.py first seen with mtime 1778606030.0
DEBUG 2026-05-13 20:41:57,625 autoreload 21 125903158266752 File /usr/local/lib/python3.12/site-packages/django/contrib/admin/migrations/0003_logentry_add_action_flag_choices.py first seen with mtime 1778606030.0
DEBUG 2026-05-13 20:41:57,625 autoreload 21 125903158266752 File /usr/local/lib/python3.12/site-packages/django/contrib/auth/migrations/0007_alter_validators_add_error_messages.py first seen with mtime 1778606030.0
DEBUG 2026-05-13 20:41:57,625 autoreload 21 125903158266752 File /usr/local/lib/python3.12/encodings/idna.py first seen with mtime 1771962454.0
DEBUG 2026-05-13 20:41:57,625 autoreload 21 125903158266752 File /usr/local/lib/python3.12/site-packages/django/contrib/auth/migrations/0002_alter_permission_name_max_length.py first seen with mtime 1778606030.0
DEBUG 2026-05-13 20:41:57,626 autoreload 21 125903158266752 File /usr/local/lib/python3.12/site-packages/django/contrib/auth/migrations/0011_update_proxy_permissions.py first seen with mtime 1778606030.0
DEBUG 2026-05-13 20:41:57,626 autoreload 21 125903158266752 File /usr/local/lib/python3.12/site-packages/django/contrib/auth/migrations/__init__.py first seen with mtime 1778606030.0
DEBUG 2026-05-13 20:41:57,626 autoreload 21 125903158266752 File /app/config/wsgi.py first seen with mtime 1778514686.5100193
DEBUG 2026-05-13 20:41:57,627 autoreload 21 125903158266752 File /app/core/migrations/0001_initial.py first seen with mtime 1778610491.2830765
DEBUG 2026-05-13 20:41:57,627 autoreload 21 125903158266752 File /app/notifications/migrations/__init__.py first seen with mtime 1778610577.000999
DEBUG 2026-05-13 20:41:57,628 autoreload 21 125903158266752 File /app/notifications/migrations/0001_initial.py first seen with mtime 1778610577.000999
DEBUG 2026-05-13 20:41:57,628 autoreload 21 125903158266752 File /usr/local/lib/python3.12/site-packages/django/contrib/admin/migrations/0001_initial.py first seen with mtime 1778606030.0
DEBUG 2026-05-13 20:41:57,628 autoreload 21 125903158266752 File /usr/local/lib/python3.12/site-packages/django/contrib/auth/migrations/0010_alter_group_name_max_length.py first seen with mtime 1778606030.0
DEBUG 2026-05-13 20:41:57,628 autoreload 21 125903158266752 File /app/users/migrations/__init__.py first seen with mtime 1778610491.2880766
DEBUG 2026-05-13 20:41:57,629 autoreload 21 125903158266752 File /usr/local/lib/python3.12/site-packages/django/contrib/auth/migrations/0009_alter_user_last_name_max_length.py first seen with mtime 1778606030.0
DEBUG 2026-05-13 20:41:57,629 autoreload 21 125903158266752 File /usr/local/lib/python3.12/site-packages/django/contrib/contenttypes/migrations/0002_remove_content_type_name.py first seen with mtime 1778606030.0
DEBUG 2026-05-13 20:41:57,630 autoreload 21 125903158266752 File /usr/local/lib/python3.12/site-packages/django/contrib/contenttypes/migrations/__init__.py first seen with mtime 1778606030.0
DEBUG 2026-05-13 20:41:57,630 autoreload 21 125903158266752 File /usr/local/lib/python3.12/site-packages/django/contrib/auth/migrations/0008_alter_user_username_max_length.py first seen with mtime 1778606030.0
DEBUG 2026-05-13 20:41:57,630 autoreload 21 125903158266752 File /usr/local/lib/python3.12/site-packages/django/contrib/admin/migrations/0002_logentry_remove_auto_add.py first seen with mtime 1778606030.0
DEBUG 2026-05-13 20:41:57,631 autoreload 21 125903158266752 File /usr/local/lib/python3.12/site-packages/django/contrib/auth/migrations/0005_alter_user_last_login_null.py first seen with mtime 1778606030.0
DEBUG 2026-05-13 20:41:57,631 autoreload 21 125903158266752 File /app/core/migrations/0002_add_resident_role.py first seen with mtime 1778610491.2830765
DEBUG 2026-05-13 20:41:57,631 autoreload 21 125903158266752 File /usr/local/lib/python3.12/site-packages/django/contrib/auth/migrations/0012_alter_user_first_name_max_length.py first seen with mtime 1778606030.0
DEBUG 2026-05-13 20:41:57,632 autoreload 21 125903158266752 File /usr/local/lib/python3.12/site-packages/django/contrib/sessions/migrations/0001_initial.py first seen with mtime 1778606031.0
DEBUG 2026-05-13 20:41:57,633 autoreload 21 125903158266752 File /usr/local/lib/python3.12/site-packages/django/contrib/auth/migrations/0004_alter_user_username_opts.py first seen with mtime 1778606030.0
DEBUG 2026-05-13 20:41:57,634 autoreload 21 125903158266752 File /usr/local/lib/python3.12/site-packages/django/contrib/auth/migrations/0001_initial.py first seen with mtime 1778606030.0
DEBUG 2026-05-13 20:41:57,634 autoreload 21 125903158266752 File /usr/local/lib/python3.12/site-packages/django/contrib/sessions/migrations/__init__.py first seen with mtime 1778606031.0
DEBUG 2026-05-13 20:41:57,634 autoreload 21 125903158266752 File /app/users/migrations/0001_initial.py first seen with mtime 1778610491.2880766
DEBUG 2026-05-13 20:41:57,634 autoreload 21 125903158266752 File /app/core/migrations/0003_alter_maintenancetask_assigned_to_and_more.py first seen with mtime 1778610491.2830765
DEBUG 2026-05-13 20:41:57,635 autoreload 21 125903158266752 File /usr/local/lib/python3.12/site-packages/django/contrib/contenttypes/migrations/0001_initial.py first seen with mtime 1778606030.0
DEBUG 2026-05-13 20:41:57,636 autoreload 21 125903158266752 File /usr/local/lib/python3.12/site-packages/django/contrib/sessions/backends/db.py first seen with mtime 1778606031.0
DEBUG 2026-05-13 20:41:57,638 autoreload 21 125903158266752 File /usr/local/lib/python3.12/stringprep.py first seen with mtime 1771962454.0
DEBUG 2026-05-13 20:41:57,639 autoreload 21 125903158266752 File /usr/local/lib/python3.12/site-packages/django/contrib/auth/migrations/0003_alter_user_email_max_length.py first seen with mtime 1778606030.0
DEBUG 2026-05-13 20:41:57,640 autoreload 21 125903158266752 File /app/core/migrations/__init__.py first seen with mtime 1778514703.942531
DEBUG 2026-05-13 20:41:57,641 autoreload 21 125903158266752 File /usr/local/lib/python3.12/site-packages/django/contrib/auth/migrations/0006_require_contenttypes_0002.py first seen with mtime 1778606030.0
